信号日,股票代码,因子值,分组,目标仓位,是否触发,滚动均值,滚动标准差,历史阈值
1999-12-30,300750.SZ,,0,-0.0,False,,,
2000-01-04,300750.SZ,,0,-0.0,False,,,
2000-01-05,300750.SZ,,0,-0.0,False,,,
2000-01-06,300750.SZ,,0,-0.0,False,,,
2000-01-07,300750.SZ,,0,-0.0,False,,,
2000-01-10,300750.SZ,,0,-0.0,False,,,
2000-01-11,300750.SZ,,0,-0.0,False,,,
2000-01-12,300750.SZ,,0,-0.0,False,,,
2000-01-13,300750.SZ,,0,-0.0,False,,,
2000-01-14,300750.SZ,,0,-0.0,False,,,
2000-01-17,300750.SZ,,0,-0.0,False,,,
2000-01-18,300750.SZ,,0,-0.0,False,,,
2000-01-19,300750.SZ,,0,-0.0,False,,,
2000-01-20,300750.SZ,,0,-0.0,False,,,
2000-01-21,300750.SZ,,0,-0.0,False,,,
2000-01-24,300750.SZ,,0,-0.0,False,,,
2000-01-25,300750.SZ,,0,-0.0,False,,,
2000-01-26,300750.SZ,,0,-0.0,False,,,
2000-01-27,300750.SZ,,0,-0.0,False,,,
2000-01-28,300750.SZ,,0,-0.0,False,,,
2000-02-14,300750.SZ,,0,-0.0,False,,,
2000-02-15,300750.SZ,,0,-0.0,False,,,
2000-02-16,300750.SZ,,0,-0.0,False,,,
2000-02-17,300750.SZ,,0,-0.0,False,,,
2000-02-18,300750.SZ,,0,-0.0,False,,,
2000-02-21,300750.SZ,,0,-0.0,False,,,
2000-02-22,300750.SZ,,0,-0.0,False,,,
2000-02-23,300750.SZ,,0,-0.0,False,,,
2000-02-24,300750.SZ,,0,-0.0,False,,,
2000-02-25,300750.SZ,,0,-0.0,False,,,
2000-02-28,300750.SZ,,0,-0.0,False,,,
2000-02-29,300750.SZ,,0,-0.0,False,,,
2000-03-01,300750.SZ,,0,-0.0,False,,,
2000-03-02,300750.SZ,,0,-0.0,False,,,
2000-03-03,300750.SZ,,0,-0.0,False,,,
2000-03-06,300750.SZ,,0,-0.0,False,,,
2000-03-07,300750.SZ,,0,-0.0,False,,,
2000-03-08,300750.SZ,,0,-0.0,False,,,
2000-03-09,300750.SZ,,0,-0.0,False,,,
2000-03-10,300750.SZ,,0,-0.0,False,,,
2000-03-13,300750.SZ,,0,-0.0,False,,,
2000-03-14,300750.SZ,,0,-0.0,False,,,
2000-03-15,300750.SZ,,0,-0.0,False,,,
2000-03-16,300750.SZ,,0,-0.0,False,,,
2000-03-17,300750.SZ,,0,-0.0,False,,,
2000-03-20,300750.SZ,,0,-0.0,False,,,
2000-03-21,300750.SZ,,0,-0.0,False,,,
2000-03-22,300750.SZ,,0,-0.0,False,,,
2000-03-23,300750.SZ,,0,-0.0,False,,,
2000-03-24,300750.SZ,,0,-0.0,False,,,
2000-03-27,300750.SZ,,0,-0.0,False,,,
2000-03-28,300750.SZ,,0,-0.0,False,,,
2000-03-29,300750.SZ,,0,-0.0,False,,,
2000-03-30,300750.SZ,,0,-0.0,False,,,
2000-03-31,300750.SZ,,0,-0.0,False,,,
2000-04-03,300750.SZ,,0,-0.0,False,,,
2000-04-04,300750.SZ,,0,-0.0,False,,,
2000-04-05,300750.SZ,,0,-0.0,False,,,
2000-04-06,300750.SZ,,0,-0.0,False,,,
2000-04-07,300750.SZ,,0,-0.0,False,,,
2000-04-10,300750.SZ,,0,-0.0,False,,,
2000-04-11,300750.SZ,,0,-0.0,False,,,
2000-04-12,300750.SZ,,0,-0.0,False,,,
2000-04-13,300750.SZ,,0,-0.0,False,,,
2000-04-14,300750.SZ,,0,-0.0,False,,,
2000-04-17,300750.SZ,,0,-0.0,False,,,
2000-04-18,300750.SZ,,0,-0.0,False,,,
2000-04-19,300750.SZ,,0,-0.0,False,,,
2000-04-20,300750.SZ,,0,-0.0,False,,,
2000-04-21,300750.SZ,,0,-0.0,False,,,
2000-04-24,300750.SZ,,0,-0.0,False,,,
2000-04-25,300750.SZ,,0,-0.0,False,,,
2000-04-26,300750.SZ,,0,-0.0,False,,,
2000-04-27,300750.SZ,,0,-0.0,False,,,
2000-04-28,300750.SZ,,0,-0.0,False,,,
2000-05-08,300750.SZ,,0,-0.0,False,,,
2000-05-09,300750.SZ,,0,-0.0,False,,,
2000-05-10,300750.SZ,,0,-0.0,False,,,
2000-05-11,300750.SZ,,0,-0.0,False,,,
2000-05-12,300750.SZ,,0,-0.0,False,,,
2000-05-15,300750.SZ,,0,-0.0,False,,,
2000-05-16,300750.SZ,,0,-0.0,False,,,
2000-05-17,300750.SZ,,0,-0.0,False,,,
2000-05-18,300750.SZ,,0,-0.0,False,,,
2000-05-19,300750.SZ,,0,-0.0,False,,,
2000-05-22,300750.SZ,,0,-0.0,False,,,
2000-05-23,300750.SZ,,0,-0.0,False,,,
2000-05-24,300750.SZ,,0,-0.0,False,,,
2000-05-25,300750.SZ,,0,-0.0,False,,,
2000-05-26,300750.SZ,,0,-0.0,False,,,
2000-05-29,300750.SZ,,0,-0.0,False,,,
2000-05-30,300750.SZ,,0,-0.0,False,,,
2000-05-31,300750.SZ,,0,-0.0,False,,,
2000-06-01,300750.SZ,,0,-0.0,False,,,
2000-06-02,300750.SZ,,0,-0.0,False,,,
2000-06-05,300750.SZ,,0,-0.0,False,,,
2000-06-06,300750.SZ,,0,-0.0,False,,,
2000-06-07,300750.SZ,,0,-0.0,False,,,
2000-06-08,300750.SZ,,0,-0.0,False,,,
2000-06-09,300750.SZ,,0,-0.0,False,,,
2000-06-12,300750.SZ,,0,-0.0,False,,,
2000-06-13,300750.SZ,,0,-0.0,False,,,
2000-06-14,300750.SZ,,0,-0.0,False,,,
2000-06-15,300750.SZ,,0,-0.0,False,,,
2000-06-16,300750.SZ,,0,-0.0,False,,,
2000-06-19,300750.SZ,,0,-0.0,False,,,
2000-06-20,300750.SZ,,0,-0.0,False,,,
2000-06-21,300750.SZ,,0,-0.0,False,,,
2000-06-22,300750.SZ,,0,-0.0,False,,,
2000-06-23,300750.SZ,,0,-0.0,False,,,
2000-06-26,300750.SZ,,0,-0.0,False,,,
2000-06-27,300750.SZ,,0,-0.0,False,,,
2000-06-28,300750.SZ,,0,-0.0,False,,,
2000-06-29,300750.SZ,,0,-0.0,False,,,
2000-06-30,300750.SZ,,0,-0.0,False,,,
2000-07-03,300750.SZ,,0,-0.0,False,,,
2000-07-04,300750.SZ,,0,-0.0,False,,,
2000-07-05,300750.SZ,,0,-0.0,False,,,
2000-07-06,300750.SZ,,0,-0.0,False,,,
2000-07-07,300750.SZ,,0,-0.0,False,,,
2000-07-10,300750.SZ,,0,-0.0,False,,,
2000-07-11,300750.SZ,,0,-0.0,False,,,
2000-07-12,300750.SZ,,0,-0.0,False,,,
2000-07-13,300750.SZ,,0,-0.0,False,,,
2000-07-14,300750.SZ,,0,-0.0,False,,,
2000-07-17,300750.SZ,,0,-0.0,False,,,
2000-07-18,300750.SZ,,0,-0.0,False,,,
2000-07-19,300750.SZ,,0,-0.0,False,,,
2000-07-20,300750.SZ,,0,-0.0,False,,,
2000-07-21,300750.SZ,,0,-0.0,False,,,
2000-07-24,300750.SZ,,0,-0.0,False,,,
2000-07-25,300750.SZ,,0,-0.0,False,,,
2000-07-26,300750.SZ,,0,-0.0,False,,,
2000-07-27,300750.SZ,,0,-0.0,False,,,
2000-07-28,300750.SZ,,0,-0.0,False,,,
2000-07-31,300750.SZ,,0,-0.0,False,,,
2000-08-01,300750.SZ,,0,-0.0,False,,,
2000-08-02,300750.SZ,,0,-0.0,False,,,
2000-08-03,300750.SZ,,0,-0.0,False,,,
2000-08-04,300750.SZ,,0,-0.0,False,,,
2000-08-07,300750.SZ,,0,-0.0,False,,,
2000-08-08,300750.SZ,,0,-0.0,False,,,
2000-08-09,300750.SZ,,0,-0.0,False,,,
2000-08-10,300750.SZ,,0,-0.0,False,,,
2000-08-11,300750.SZ,,0,-0.0,False,,,
2000-08-14,300750.SZ,,0,-0.0,False,,,
2000-08-15,300750.SZ,,0,-0.0,False,,,
2000-08-16,300750.SZ,,0,-0.0,False,,,
2000-08-17,300750.SZ,,0,-0.0,False,,,
2000-08-18,300750.SZ,,0,-0.0,False,,,
2000-08-21,300750.SZ,,0,-0.0,False,,,
2000-08-22,300750.SZ,,0,-0.0,False,,,
2000-08-23,300750.SZ,,0,-0.0,False,,,
2000-08-24,300750.SZ,,0,-0.0,False,,,
2000-08-25,300750.SZ,,0,-0.0,False,,,
2000-08-28,300750.SZ,,0,-0.0,False,,,
2000-08-29,300750.SZ,,0,-0.0,False,,,
2000-08-30,300750.SZ,,0,-0.0,False,,,
2000-08-31,300750.SZ,,0,-0.0,False,,,
2000-09-01,300750.SZ,,0,-0.0,False,,,
2000-09-04,300750.SZ,,0,-0.0,False,,,
2000-09-05,300750.SZ,,0,-0.0,False,,,
2000-09-06,300750.SZ,,0,-0.0,False,,,
2000-09-07,300750.SZ,,0,-0.0,False,,,
2000-09-08,300750.SZ,,0,-0.0,False,,,
2000-09-11,300750.SZ,,0,-0.0,False,,,
2000-09-12,300750.SZ,,0,-0.0,False,,,
2000-09-13,300750.SZ,,0,-0.0,False,,,
2000-09-14,300750.SZ,,0,-0.0,False,,,
2000-09-15,300750.SZ,,0,-0.0,False,,,
2000-09-18,300750.SZ,,0,-0.0,False,,,
2000-09-19,300750.SZ,,0,-0.0,False,,,
2000-09-20,300750.SZ,,0,-0.0,False,,,
2000-09-21,300750.SZ,,0,-0.0,False,,,
2000-09-22,300750.SZ,,0,-0.0,False,,,
2000-09-25,300750.SZ,,0,-0.0,False,,,
2000-09-26,300750.SZ,,0,-0.0,False,,,
2000-09-27,300750.SZ,,0,-0.0,False,,,
2000-09-28,300750.SZ,,0,-0.0,False,,,
2000-09-29,300750.SZ,,0,-0.0,False,,,
2000-10-09,300750.SZ,,0,-0.0,False,,,
2000-10-10,300750.SZ,,0,-0.0,False,,,
2000-10-11,300750.SZ,,0,-0.0,False,,,
2000-10-12,300750.SZ,,0,-0.0,False,,,
2000-10-13,300750.SZ,,0,-0.0,False,,,
2000-10-16,300750.SZ,,0,-0.0,False,,,
2000-10-17,300750.SZ,,0,-0.0,False,,,
2000-10-18,300750.SZ,,0,-0.0,False,,,
2000-10-19,300750.SZ,,0,-0.0,False,,,
2000-10-20,300750.SZ,,0,-0.0,False,,,
2000-10-23,300750.SZ,,0,-0.0,False,,,
2000-10-24,300750.SZ,,0,-0.0,False,,,
2000-10-25,300750.SZ,,0,-0.0,False,,,
2000-10-26,300750.SZ,,0,-0.0,False,,,
2000-10-27,300750.SZ,,0,-0.0,False,,,
2000-10-30,300750.SZ,,0,-0.0,False,,,
2000-10-31,300750.SZ,,0,-0.0,False,,,
2000-11-01,300750.SZ,,0,-0.0,False,,,
2000-11-02,300750.SZ,,0,-0.0,False,,,
2000-11-03,300750.SZ,,0,-0.0,False,,,
2000-11-06,300750.SZ,,0,-0.0,False,,,
2000-11-07,300750.SZ,,0,-0.0,False,,,
2000-11-08,300750.SZ,,0,-0.0,False,,,
2000-11-09,300750.SZ,,0,-0.0,False,,,
2000-11-10,300750.SZ,,0,-0.0,False,,,
2000-11-13,300750.SZ,,0,-0.0,False,,,
2000-11-14,300750.SZ,,0,-0.0,False,,,
2000-11-15,300750.SZ,,0,-0.0,False,,,
2000-11-16,300750.SZ,,0,-0.0,False,,,
2000-11-17,300750.SZ,,0,-0.0,False,,,
2000-11-20,300750.SZ,,0,-0.0,False,,,
2000-11-21,300750.SZ,,0,-0.0,False,,,
2000-11-22,300750.SZ,,0,-0.0,False,,,
2000-11-23,300750.SZ,,0,-0.0,False,,,
2000-11-24,300750.SZ,,0,-0.0,False,,,
2000-11-27,300750.SZ,,0,-0.0,False,,,
2000-11-28,300750.SZ,,0,-0.0,False,,,
2000-11-29,300750.SZ,,0,-0.0,False,,,
2000-11-30,300750.SZ,,0,-0.0,False,,,
2000-12-01,300750.SZ,,0,-0.0,False,,,
2000-12-04,300750.SZ,,0,-0.0,False,,,
2000-12-05,300750.SZ,,0,-0.0,False,,,
2000-12-06,300750.SZ,,0,-0.0,False,,,
2000-12-07,300750.SZ,,0,-0.0,False,,,
2000-12-08,300750.SZ,,0,-0.0,False,,,
2000-12-11,300750.SZ,,0,-0.0,False,,,
2000-12-12,300750.SZ,,0,-0.0,False,,,
2000-12-13,300750.SZ,,0,-0.0,False,,,
2000-12-14,300750.SZ,,0,-0.0,False,,,
2000-12-15,300750.SZ,,0,-0.0,False,,,
2000-12-18,300750.SZ,,0,-0.0,False,,,
2000-12-19,300750.SZ,,0,-0.0,False,,,
2000-12-20,300750.SZ,,0,-0.0,False,,,
2000-12-21,300750.SZ,,0,-0.0,False,,,
2000-12-22,300750.SZ,,0,-0.0,False,,,
2000-12-25,300750.SZ,,0,-0.0,False,,,
2000-12-26,300750.SZ,,0,-0.0,False,,,
2000-12-27,300750.SZ,,0,-0.0,False,,,
2000-12-28,300750.SZ,,0,-0.0,False,,,
2000-12-29,300750.SZ,,0,-0.0,False,,,
2001-01-02,300750.SZ,,0,-0.0,False,,,
2001-01-03,300750.SZ,,0,-0.0,False,,,
2001-01-04,300750.SZ,,0,-0.0,False,,,
2001-01-05,300750.SZ,,0,-0.0,False,,,
2001-01-08,300750.SZ,,0,-0.0,False,,,
2001-01-09,300750.SZ,,0,-0.0,False,,,
2001-01-10,300750.SZ,,0,-0.0,False,,,
2001-01-11,300750.SZ,,0,-0.0,False,,,
2001-01-12,300750.SZ,,0,-0.0,False,,,
2001-01-15,300750.SZ,,0,-0.0,False,,,
2001-01-16,300750.SZ,,0,-0.0,False,,,
2001-01-17,300750.SZ,,0,-0.0,False,,,
2001-01-18,300750.SZ,,0,-0.0,False,,,
2001-01-19,300750.SZ,,0,-0.0,False,,,
2001-02-05,300750.SZ,,0,-0.0,False,,,
2001-02-06,300750.SZ,,0,-0.0,False,,,
2001-02-07,300750.SZ,,0,-0.0,False,,,
2001-02-08,300750.SZ,,0,-0.0,False,,,
2001-02-09,300750.SZ,,0,-0.0,False,,,
2001-02-12,300750.SZ,,0,-0.0,False,,,
2001-02-13,300750.SZ,,0,-0.0,False,,,
2001-02-14,300750.SZ,,0,-0.0,False,,,
2001-02-15,300750.SZ,,0,-0.0,False,,,
2001-02-16,300750.SZ,,0,-0.0,False,,,
2001-02-19,300750.SZ,,0,-0.0,False,,,
2001-02-20,300750.SZ,,0,-0.0,False,,,
2001-02-21,300750.SZ,,0,-0.0,False,,,
2001-02-22,300750.SZ,,0,-0.0,False,,,
2001-02-23,300750.SZ,,0,-0.0,False,,,
2001-02-26,300750.SZ,,0,-0.0,False,,,
2001-02-27,300750.SZ,,0,-0.0,False,,,
2001-02-28,300750.SZ,,0,-0.0,False,,,
2001-03-01,300750.SZ,,0,-0.0,False,,,
2001-03-02,300750.SZ,,0,-0.0,False,,,
2001-03-05,300750.SZ,,0,-0.0,False,,,
2001-03-06,300750.SZ,,0,-0.0,False,,,
2001-03-07,300750.SZ,,0,-0.0,False,,,
2001-03-08,300750.SZ,,0,-0.0,False,,,
2001-03-09,300750.SZ,,0,-0.0,False,,,
2001-03-12,300750.SZ,,0,-0.0,False,,,
2001-03-13,300750.SZ,,0,-0.0,False,,,
2001-03-14,300750.SZ,,0,-0.0,False,,,
2001-03-15,300750.SZ,,0,-0.0,False,,,
2001-03-16,300750.SZ,,0,-0.0,False,,,
2001-03-19,300750.SZ,,0,-0.0,False,,,
2001-03-20,300750.SZ,,0,-0.0,False,,,
2001-03-21,300750.SZ,,0,-0.0,False,,,
2001-03-22,300750.SZ,,0,-0.0,False,,,
2001-03-23,300750.SZ,,0,-0.0,False,,,
2001-03-26,300750.SZ,,0,-0.0,False,,,
2001-03-27,300750.SZ,,0,-0.0,False,,,
2001-03-28,300750.SZ,,0,-0.0,False,,,
2001-03-29,300750.SZ,,0,-0.0,False,,,
2001-03-30,300750.SZ,,0,-0.0,False,,,
2001-04-02,300750.SZ,,0,-0.0,False,,,
2001-04-03,300750.SZ,,0,-0.0,False,,,
2001-04-04,300750.SZ,,0,-0.0,False,,,
2001-04-05,300750.SZ,,0,-0.0,False,,,
2001-04-06,300750.SZ,,0,-0.0,False,,,
2001-04-09,300750.SZ,,0,-0.0,False,,,
2001-04-10,300750.SZ,,0,-0.0,False,,,
2001-04-11,300750.SZ,,0,-0.0,False,,,
2001-04-12,300750.SZ,,0,-0.0,False,,,
2001-04-13,300750.SZ,,0,-0.0,False,,,
2001-04-16,300750.SZ,,0,-0.0,False,,,
2001-04-17,300750.SZ,,0,-0.0,False,,,
2001-04-18,300750.SZ,,0,-0.0,False,,,
2001-04-19,300750.SZ,,0,-0.0,False,,,
2001-04-20,300750.SZ,,0,-0.0,False,,,
2001-04-23,300750.SZ,,0,-0.0,False,,,
2001-04-24,300750.SZ,,0,-0.0,False,,,
2001-04-25,300750.SZ,,0,-0.0,False,,,
2001-04-26,300750.SZ,,0,-0.0,False,,,
2001-04-27,300750.SZ,,0,-0.0,False,,,
2001-04-30,300750.SZ,,0,-0.0,False,,,
2001-05-08,300750.SZ,,0,-0.0,False,,,
2001-05-09,300750.SZ,,0,-0.0,False,,,
2001-05-10,300750.SZ,,0,-0.0,False,,,
2001-05-11,300750.SZ,,0,-0.0,False,,,
2001-05-14,300750.SZ,,0,-0.0,False,,,
2001-05-15,300750.SZ,,0,-0.0,False,,,
2001-05-16,300750.SZ,,0,-0.0,False,,,
2001-05-17,300750.SZ,,0,-0.0,False,,,
2001-05-18,300750.SZ,,0,-0.0,False,,,
2001-05-21,300750.SZ,,0,-0.0,False,,,
2001-05-22,300750.SZ,,0,-0.0,False,,,
2001-05-23,300750.SZ,,0,-0.0,False,,,
2001-05-24,300750.SZ,,0,-0.0,False,,,
2001-05-25,300750.SZ,,0,-0.0,False,,,
2001-05-28,300750.SZ,,0,-0.0,False,,,
2001-05-29,300750.SZ,,0,-0.0,False,,,
2001-05-30,300750.SZ,,0,-0.0,False,,,
2001-05-31,300750.SZ,,0,-0.0,False,,,
2001-06-01,300750.SZ,,0,-0.0,False,,,
2001-06-04,300750.SZ,,0,-0.0,False,,,
2001-06-05,300750.SZ,,0,-0.0,False,,,
2001-06-06,300750.SZ,,0,-0.0,False,,,
2001-06-07,300750.SZ,,0,-0.0,False,,,
2001-06-08,300750.SZ,,0,-0.0,False,,,
2001-06-11,300750.SZ,,0,-0.0,False,,,
2001-06-12,300750.SZ,,0,-0.0,False,,,
2001-06-13,300750.SZ,,0,-0.0,False,,,
2001-06-14,300750.SZ,,0,-0.0,False,,,
2001-06-15,300750.SZ,,0,-0.0,False,,,
2001-06-18,300750.SZ,,0,-0.0,False,,,
2001-06-19,300750.SZ,,0,-0.0,False,,,
2001-06-20,300750.SZ,,0,-0.0,False,,,
2001-06-21,300750.SZ,,0,-0.0,False,,,
2001-06-22,300750.SZ,,0,-0.0,False,,,
2001-06-25,300750.SZ,,0,-0.0,False,,,
2001-06-26,300750.SZ,,0,-0.0,False,,,
2001-06-27,300750.SZ,,0,-0.0,False,,,
2001-06-28,300750.SZ,,0,-0.0,False,,,
2001-06-29,300750.SZ,,0,-0.0,False,,,
2001-07-02,300750.SZ,,0,-0.0,False,,,
2001-07-03,300750.SZ,,0,-0.0,False,,,
2001-07-04,300750.SZ,,0,-0.0,False,,,
2001-07-05,300750.SZ,,0,-0.0,False,,,
2001-07-06,300750.SZ,,0,-0.0,False,,,
2001-07-09,300750.SZ,,0,-0.0,False,,,
2001-07-10,300750.SZ,,0,-0.0,False,,,
2001-07-11,300750.SZ,,0,-0.0,False,,,
2001-07-12,300750.SZ,,0,-0.0,False,,,
2001-07-13,300750.SZ,,0,-0.0,False,,,
2001-07-16,300750.SZ,,0,-0.0,False,,,
2001-07-17,300750.SZ,,0,-0.0,False,,,
2001-07-18,300750.SZ,,0,-0.0,False,,,
2001-07-19,300750.SZ,,0,-0.0,False,,,
2001-07-20,300750.SZ,,0,-0.0,False,,,
2001-07-23,300750.SZ,,0,-0.0,False,,,
2001-07-24,300750.SZ,,0,-0.0,False,,,
2001-07-25,300750.SZ,,0,-0.0,False,,,
2001-07-26,300750.SZ,,0,-0.0,False,,,
2001-07-27,300750.SZ,,0,-0.0,False,,,
2001-07-30,300750.SZ,,0,-0.0,False,,,
2001-07-31,300750.SZ,,0,-0.0,False,,,
2001-08-01,300750.SZ,,0,-0.0,False,,,
2001-08-02,300750.SZ,,0,-0.0,False,,,
2001-08-03,300750.SZ,,0,-0.0,False,,,
2001-08-06,300750.SZ,,0,-0.0,False,,,
2001-08-07,300750.SZ,,0,-0.0,False,,,
2001-08-08,300750.SZ,,0,-0.0,False,,,
2001-08-09,300750.SZ,,0,-0.0,False,,,
2001-08-10,300750.SZ,,0,-0.0,False,,,
2001-08-13,300750.SZ,,0,-0.0,False,,,
2001-08-14,300750.SZ,,0,-0.0,False,,,
2001-08-15,300750.SZ,,0,-0.0,False,,,
2001-08-16,300750.SZ,,0,-0.0,False,,,
2001-08-17,300750.SZ,,0,-0.0,False,,,
2001-08-20,300750.SZ,,0,-0.0,False,,,
2001-08-21,300750.SZ,,0,-0.0,False,,,
2001-08-22,300750.SZ,,0,-0.0,False,,,
2001-08-23,300750.SZ,,0,-0.0,False,,,
2001-08-24,300750.SZ,,0,-0.0,False,,,
2001-08-27,300750.SZ,,0,-0.0,False,,,
2001-08-28,300750.SZ,,0,-0.0,False,,,
2001-08-29,300750.SZ,,0,-0.0,False,,,
2001-08-30,300750.SZ,,0,-0.0,False,,,
2001-08-31,300750.SZ,,0,-0.0,False,,,
2001-09-03,300750.SZ,,0,-0.0,False,,,
2001-09-04,300750.SZ,,0,-0.0,False,,,
2001-09-05,300750.SZ,,0,-0.0,False,,,
2001-09-06,300750.SZ,,0,-0.0,False,,,
2001-09-07,300750.SZ,,0,-0.0,False,,,
2001-09-10,300750.SZ,,0,-0.0,False,,,
2001-09-11,300750.SZ,,0,-0.0,False,,,
2001-09-12,300750.SZ,,0,-0.0,False,,,
2001-09-13,300750.SZ,,0,-0.0,False,,,
2001-09-14,300750.SZ,,0,-0.0,False,,,
2001-09-17,300750.SZ,,0,-0.0,False,,,
2001-09-18,300750.SZ,,0,-0.0,False,,,
2001-09-19,300750.SZ,,0,-0.0,False,,,
2001-09-20,300750.SZ,,0,-0.0,False,,,
2001-09-21,300750.SZ,,0,-0.0,False,,,
2001-09-24,300750.SZ,,0,-0.0,False,,,
2001-09-25,300750.SZ,,0,-0.0,False,,,
2001-09-26,300750.SZ,,0,-0.0,False,,,
2001-09-27,300750.SZ,,0,-0.0,False,,,
2001-09-28,300750.SZ,,0,-0.0,False,,,
2001-10-08,300750.SZ,,0,-0.0,False,,,
2001-10-09,300750.SZ,,0,-0.0,False,,,
2001-10-10,300750.SZ,,0,-0.0,False,,,
2001-10-11,300750.SZ,,0,-0.0,False,,,
2001-10-12,300750.SZ,,0,-0.0,False,,,
2001-10-15,300750.SZ,,0,-0.0,False,,,
2001-10-16,300750.SZ,,0,-0.0,False,,,
2001-10-17,300750.SZ,,0,-0.0,False,,,
2001-10-18,300750.SZ,,0,-0.0,False,,,
2001-10-19,300750.SZ,,0,-0.0,False,,,
2001-10-22,300750.SZ,,0,-0.0,False,,,
2001-10-23,300750.SZ,,0,-0.0,False,,,
2001-10-24,300750.SZ,,0,-0.0,False,,,
2001-10-25,300750.SZ,,0,-0.0,False,,,
2001-10-26,300750.SZ,,0,-0.0,False,,,
2001-10-29,300750.SZ,,0,-0.0,False,,,
2001-10-30,300750.SZ,,0,-0.0,False,,,
2001-10-31,300750.SZ,,0,-0.0,False,,,
2001-11-01,300750.SZ,,0,-0.0,False,,,
2001-11-02,300750.SZ,,0,-0.0,False,,,
2001-11-05,300750.SZ,,0,-0.0,False,,,
2001-11-06,300750.SZ,,0,-0.0,False,,,
2001-11-07,300750.SZ,,0,-0.0,False,,,
2001-11-08,300750.SZ,,0,-0.0,False,,,
2001-11-09,300750.SZ,,0,-0.0,False,,,
2001-11-12,300750.SZ,,0,-0.0,False,,,
2001-11-13,300750.SZ,,0,-0.0,False,,,
2001-11-14,300750.SZ,,0,-0.0,False,,,
2001-11-15,300750.SZ,,0,-0.0,False,,,
2001-11-16,300750.SZ,,0,-0.0,False,,,
2001-11-19,300750.SZ,,0,-0.0,False,,,
2001-11-20,300750.SZ,,0,-0.0,False,,,
2001-11-21,300750.SZ,,0,-0.0,False,,,
2001-11-22,300750.SZ,,0,-0.0,False,,,
2001-11-23,300750.SZ,,0,-0.0,False,,,
2001-11-26,300750.SZ,,0,-0.0,False,,,
2001-11-27,300750.SZ,,0,-0.0,False,,,
2001-11-28,300750.SZ,,0,-0.0,False,,,
2001-11-29,300750.SZ,,0,-0.0,False,,,
2001-11-30,300750.SZ,,0,-0.0,False,,,
2001-12-03,300750.SZ,,0,-0.0,False,,,
2001-12-04,300750.SZ,,0,-0.0,False,,,
2001-12-05,300750.SZ,,0,-0.0,False,,,
2001-12-06,300750.SZ,,0,-0.0,False,,,
2001-12-07,300750.SZ,,0,-0.0,False,,,
2001-12-10,300750.SZ,,0,-0.0,False,,,
2001-12-11,300750.SZ,,0,-0.0,False,,,
2001-12-12,300750.SZ,,0,-0.0,False,,,
2001-12-13,300750.SZ,,0,-0.0,False,,,
2001-12-14,300750.SZ,,0,-0.0,False,,,
2001-12-17,300750.SZ,,0,-0.0,False,,,
2001-12-18,300750.SZ,,0,-0.0,False,,,
2001-12-19,300750.SZ,,0,-0.0,False,,,
2001-12-20,300750.SZ,,0,-0.0,False,,,
2001-12-21,300750.SZ,,0,-0.0,False,,,
2001-12-24,300750.SZ,,0,-0.0,False,,,
2001-12-25,300750.SZ,,0,-0.0,False,,,
2001-12-26,300750.SZ,,0,-0.0,False,,,
2001-12-27,300750.SZ,,0,-0.0,False,,,
2001-12-28,300750.SZ,,0,-0.0,False,,,
2001-12-31,300750.SZ,,0,-0.0,False,,,
2002-01-04,300750.SZ,,0,-0.0,False,,,
2002-01-07,300750.SZ,,0,-0.0,False,,,
2002-01-08,300750.SZ,,0,-0.0,False,,,
2002-01-09,300750.SZ,,0,-0.0,False,,,
2002-01-10,300750.SZ,,0,-0.0,False,,,
2002-01-11,300750.SZ,,0,-0.0,False,,,
2002-01-14,300750.SZ,,0,-0.0,False,,,
2002-01-15,300750.SZ,,0,-0.0,False,,,
2002-01-16,300750.SZ,,0,-0.0,False,,,
2002-01-17,300750.SZ,,0,-0.0,False,,,
2002-01-18,300750.SZ,,0,-0.0,False,,,
2002-01-21,300750.SZ,,0,-0.0,False,,,
2002-01-22,300750.SZ,,0,-0.0,False,,,
2002-01-23,300750.SZ,,0,-0.0,False,,,
2002-01-24,300750.SZ,,0,-0.0,False,,,
2002-01-25,300750.SZ,,0,-0.0,False,,,
2002-01-28,300750.SZ,,0,-0.0,False,,,
2002-01-29,300750.SZ,,0,-0.0,False,,,
2002-01-30,300750.SZ,,0,-0.0,False,,,
2002-01-31,300750.SZ,,0,-0.0,False,,,
2002-02-01,300750.SZ,,0,-0.0,False,,,
2002-02-04,300750.SZ,,0,-0.0,False,,,
2002-02-05,300750.SZ,,0,-0.0,False,,,
2002-02-06,300750.SZ,,0,-0.0,False,,,
2002-02-07,300750.SZ,,0,-0.0,False,,,
2002-02-08,300750.SZ,,0,-0.0,False,,,
2002-02-25,300750.SZ,,0,-0.0,False,,,
2002-02-26,300750.SZ,,0,-0.0,False,,,
2002-02-27,300750.SZ,,0,-0.0,False,,,
2002-02-28,300750.SZ,,0,-0.0,False,,,
2002-03-01,300750.SZ,,0,-0.0,False,,,
2002-03-04,300750.SZ,,0,-0.0,False,,,
2002-03-05,300750.SZ,,0,-0.0,False,,,
2002-03-06,300750.SZ,,0,-0.0,False,,,
2002-03-07,300750.SZ,,0,-0.0,False,,,
2002-03-08,300750.SZ,,0,-0.0,False,,,
2002-03-11,300750.SZ,,0,-0.0,False,,,
2002-03-12,300750.SZ,,0,-0.0,False,,,
2002-03-13,300750.SZ,,0,-0.0,False,,,
2002-03-14,300750.SZ,,0,-0.0,False,,,
2002-03-15,300750.SZ,,0,-0.0,False,,,
2002-03-18,300750.SZ,,0,-0.0,False,,,
2002-03-19,300750.SZ,,0,-0.0,False,,,
2002-03-20,300750.SZ,,0,-0.0,False,,,
2002-03-21,300750.SZ,,0,-0.0,False,,,
2002-03-22,300750.SZ,,0,-0.0,False,,,
2002-03-25,300750.SZ,,0,-0.0,False,,,
2002-03-26,300750.SZ,,0,-0.0,False,,,
2002-03-27,300750.SZ,,0,-0.0,False,,,
2002-03-28,300750.SZ,,0,-0.0,False,,,
2002-03-29,300750.SZ,,0,-0.0,False,,,
2002-04-01,300750.SZ,,0,-0.0,False,,,
2002-04-02,300750.SZ,,0,-0.0,False,,,
2002-04-03,300750.SZ,,0,-0.0,False,,,
2002-04-04,300750.SZ,,0,-0.0,False,,,
2002-04-05,300750.SZ,,0,-0.0,False,,,
2002-04-08,300750.SZ,,0,-0.0,False,,,
2002-04-09,300750.SZ,,0,-0.0,False,,,
2002-04-10,300750.SZ,,0,-0.0,False,,,
2002-04-11,300750.SZ,,0,-0.0,False,,,
2002-04-12,300750.SZ,,0,-0.0,False,,,
2002-04-15,300750.SZ,,0,-0.0,False,,,
2002-04-16,300750.SZ,,0,-0.0,False,,,
2002-04-17,300750.SZ,,0,-0.0,False,,,
2002-04-18,300750.SZ,,0,-0.0,False,,,
2002-04-19,300750.SZ,,0,-0.0,False,,,
2002-04-22,300750.SZ,,0,-0.0,False,,,
2002-04-23,300750.SZ,,0,-0.0,False,,,
2002-04-24,300750.SZ,,0,-0.0,False,,,
2002-04-25,300750.SZ,,0,-0.0,False,,,
2002-04-26,300750.SZ,,0,-0.0,False,,,
2002-04-29,300750.SZ,,0,-0.0,False,,,
2002-04-30,300750.SZ,,0,-0.0,False,,,
2002-05-08,300750.SZ,,0,-0.0,False,,,
2002-05-09,300750.SZ,,0,-0.0,False,,,
2002-05-10,300750.SZ,,0,-0.0,False,,,
2002-05-13,300750.SZ,,0,-0.0,False,,,
2002-05-14,300750.SZ,,0,-0.0,False,,,
2002-05-15,300750.SZ,,0,-0.0,False,,,
2002-05-16,300750.SZ,,0,-0.0,False,,,
2002-05-17,300750.SZ,,0,-0.0,False,,,
2002-05-20,300750.SZ,,0,-0.0,False,,,
2002-05-21,300750.SZ,,0,-0.0,False,,,
2002-05-22,300750.SZ,,0,-0.0,False,,,
2002-05-23,300750.SZ,,0,-0.0,False,,,
2002-05-24,300750.SZ,,0,-0.0,False,,,
2002-05-27,300750.SZ,,0,-0.0,False,,,
2002-05-28,300750.SZ,,0,-0.0,False,,,
2002-05-29,300750.SZ,,0,-0.0,False,,,
2002-05-30,300750.SZ,,0,-0.0,False,,,
2002-05-31,300750.SZ,,0,-0.0,False,,,
2002-06-03,300750.SZ,,0,-0.0,False,,,
2002-06-04,300750.SZ,,0,-0.0,False,,,
2002-06-05,300750.SZ,,0,-0.0,False,,,
2002-06-06,300750.SZ,,0,-0.0,False,,,
2002-06-07,300750.SZ,,0,-0.0,False,,,
2002-06-10,300750.SZ,,0,-0.0,False,,,
2002-06-11,300750.SZ,,0,-0.0,False,,,
2002-06-12,300750.SZ,,0,-0.0,False,,,
2002-06-13,300750.SZ,,0,-0.0,False,,,
2002-06-14,300750.SZ,,0,-0.0,False,,,
2002-06-17,300750.SZ,,0,-0.0,False,,,
2002-06-18,300750.SZ,,0,-0.0,False,,,
2002-06-19,300750.SZ,,0,-0.0,False,,,
2002-06-20,300750.SZ,,0,-0.0,False,,,
2002-06-21,300750.SZ,,0,-0.0,False,,,
2002-06-24,300750.SZ,,0,-0.0,False,,,
2002-06-25,300750.SZ,,0,-0.0,False,,,
2002-06-26,300750.SZ,,0,-0.0,False,,,
2002-06-27,300750.SZ,,0,-0.0,False,,,
2002-06-28,300750.SZ,,0,-0.0,False,,,
2002-07-01,300750.SZ,,0,-0.0,False,,,
2002-07-02,300750.SZ,,0,-0.0,False,,,
2002-07-03,300750.SZ,,0,-0.0,False,,,
2002-07-04,300750.SZ,,0,-0.0,False,,,
2002-07-05,300750.SZ,,0,-0.0,False,,,
2002-07-08,300750.SZ,,0,-0.0,False,,,
2002-07-09,300750.SZ,,0,-0.0,False,,,
2002-07-10,300750.SZ,,0,-0.0,False,,,
2002-07-11,300750.SZ,,0,-0.0,False,,,
2002-07-12,300750.SZ,,0,-0.0,False,,,
2002-07-15,300750.SZ,,0,-0.0,False,,,
2002-07-16,300750.SZ,,0,-0.0,False,,,
2002-07-17,300750.SZ,,0,-0.0,False,,,
2002-07-18,300750.SZ,,0,-0.0,False,,,
2002-07-19,300750.SZ,,0,-0.0,False,,,
2002-07-22,300750.SZ,,0,-0.0,False,,,
2002-07-23,300750.SZ,,0,-0.0,False,,,
2002-07-24,300750.SZ,,0,-0.0,False,,,
2002-07-25,300750.SZ,,0,-0.0,False,,,
2002-07-26,300750.SZ,,0,-0.0,False,,,
2002-07-29,300750.SZ,,0,-0.0,False,,,
2002-07-30,300750.SZ,,0,-0.0,False,,,
2002-07-31,300750.SZ,,0,-0.0,False,,,
2002-08-01,300750.SZ,,0,-0.0,False,,,
2002-08-02,300750.SZ,,0,-0.0,False,,,
2002-08-05,300750.SZ,,0,-0.0,False,,,
2002-08-06,300750.SZ,,0,-0.0,False,,,
2002-08-07,300750.SZ,,0,-0.0,False,,,
2002-08-08,300750.SZ,,0,-0.0,False,,,
2002-08-09,300750.SZ,,0,-0.0,False,,,
2002-08-12,300750.SZ,,0,-0.0,False,,,
2002-08-13,300750.SZ,,0,-0.0,False,,,
2002-08-14,300750.SZ,,0,-0.0,False,,,
2002-08-15,300750.SZ,,0,-0.0,False,,,
2002-08-16,300750.SZ,,0,-0.0,False,,,
2002-08-19,300750.SZ,,0,-0.0,False,,,
2002-08-20,300750.SZ,,0,-0.0,False,,,
2002-08-21,300750.SZ,,0,-0.0,False,,,
2002-08-22,300750.SZ,,0,-0.0,False,,,
2002-08-23,300750.SZ,,0,-0.0,False,,,
2002-08-26,300750.SZ,,0,-0.0,False,,,
2002-08-27,300750.SZ,,0,-0.0,False,,,
2002-08-28,300750.SZ,,0,-0.0,False,,,
2002-08-29,300750.SZ,,0,-0.0,False,,,
2002-08-30,300750.SZ,,0,-0.0,False,,,
2002-09-02,300750.SZ,,0,-0.0,False,,,
2002-09-03,300750.SZ,,0,-0.0,False,,,
2002-09-04,300750.SZ,,0,-0.0,False,,,
2002-09-05,300750.SZ,,0,-0.0,False,,,
2002-09-06,300750.SZ,,0,-0.0,False,,,
2002-09-09,300750.SZ,,0,-0.0,False,,,
2002-09-10,300750.SZ,,0,-0.0,False,,,
2002-09-11,300750.SZ,,0,-0.0,False,,,
2002-09-12,300750.SZ,,0,-0.0,False,,,
2002-09-13,300750.SZ,,0,-0.0,False,,,
2002-09-16,300750.SZ,,0,-0.0,False,,,
2002-09-17,300750.SZ,,0,-0.0,False,,,
2002-09-18,300750.SZ,,0,-0.0,False,,,
2002-09-19,300750.SZ,,0,-0.0,False,,,
2002-09-20,300750.SZ,,0,-0.0,False,,,
2002-09-23,300750.SZ,,0,-0.0,False,,,
2002-09-24,300750.SZ,,0,-0.0,False,,,
2002-09-25,300750.SZ,,0,-0.0,False,,,
2002-09-26,300750.SZ,,0,-0.0,False,,,
2002-09-27,300750.SZ,,0,-0.0,False,,,
2002-10-08,300750.SZ,,0,-0.0,False,,,
2002-10-09,300750.SZ,,0,-0.0,False,,,
2002-10-10,300750.SZ,,0,-0.0,False,,,
2002-10-11,300750.SZ,,0,-0.0,False,,,
2002-10-14,300750.SZ,,0,-0.0,False,,,
2002-10-15,300750.SZ,,0,-0.0,False,,,
2002-10-16,300750.SZ,,0,-0.0,False,,,
2002-10-17,300750.SZ,,0,-0.0,False,,,
2002-10-18,300750.SZ,,0,-0.0,False,,,
2002-10-21,300750.SZ,,0,-0.0,False,,,
2002-10-22,300750.SZ,,0,-0.0,False,,,
2002-10-23,300750.SZ,,0,-0.0,False,,,
2002-10-24,300750.SZ,,0,-0.0,False,,,
2002-10-25,300750.SZ,,0,-0.0,False,,,
2002-10-28,300750.SZ,,0,-0.0,False,,,
2002-10-29,300750.SZ,,0,-0.0,False,,,
2002-10-30,300750.SZ,,0,-0.0,False,,,
2002-10-31,300750.SZ,,0,-0.0,False,,,
2002-11-01,300750.SZ,,0,-0.0,False,,,
2002-11-04,300750.SZ,,0,-0.0,False,,,
2002-11-05,300750.SZ,,0,-0.0,False,,,
2002-11-06,300750.SZ,,0,-0.0,False,,,
2002-11-07,300750.SZ,,0,-0.0,False,,,
2002-11-08,300750.SZ,,0,-0.0,False,,,
2002-11-11,300750.SZ,,0,-0.0,False,,,
2002-11-12,300750.SZ,,0,-0.0,False,,,
2002-11-13,300750.SZ,,0,-0.0,False,,,
2002-11-14,300750.SZ,,0,-0.0,False,,,
2002-11-15,300750.SZ,,0,-0.0,False,,,
2002-11-18,300750.SZ,,0,-0.0,False,,,
2002-11-19,300750.SZ,,0,-0.0,False,,,
2002-11-20,300750.SZ,,0,-0.0,False,,,
2002-11-21,300750.SZ,,0,-0.0,False,,,
2002-11-22,300750.SZ,,0,-0.0,False,,,
2002-11-25,300750.SZ,,0,-0.0,False,,,
2002-11-26,300750.SZ,,0,-0.0,False,,,
2002-11-27,300750.SZ,,0,-0.0,False,,,
2002-11-28,300750.SZ,,0,-0.0,False,,,
2002-11-29,300750.SZ,,0,-0.0,False,,,
2002-12-02,300750.SZ,,0,-0.0,False,,,
2002-12-03,300750.SZ,,0,-0.0,False,,,
2002-12-04,300750.SZ,,0,-0.0,False,,,
2002-12-05,300750.SZ,,0,-0.0,False,,,
2002-12-06,300750.SZ,,0,-0.0,False,,,
2002-12-09,300750.SZ,,0,-0.0,False,,,
2002-12-10,300750.SZ,,0,-0.0,False,,,
2002-12-11,300750.SZ,,0,-0.0,False,,,
2002-12-12,300750.SZ,,0,-0.0,False,,,
2002-12-13,300750.SZ,,0,-0.0,False,,,
2002-12-16,300750.SZ,,0,-0.0,False,,,
2002-12-17,300750.SZ,,0,-0.0,False,,,
2002-12-18,300750.SZ,,0,-0.0,False,,,
2002-12-19,300750.SZ,,0,-0.0,False,,,
2002-12-20,300750.SZ,,0,-0.0,False,,,
2002-12-23,300750.SZ,,0,-0.0,False,,,
2002-12-24,300750.SZ,,0,-0.0,False,,,
2002-12-25,300750.SZ,,0,-0.0,False,,,
2002-12-26,300750.SZ,,0,-0.0,False,,,
2002-12-27,300750.SZ,,0,-0.0,False,,,
2002-12-30,300750.SZ,,0,-0.0,False,,,
2002-12-31,300750.SZ,,0,-0.0,False,,,
2003-01-02,300750.SZ,,0,-0.0,False,,,
2003-01-03,300750.SZ,,0,-0.0,False,,,
2003-01-06,300750.SZ,,0,-0.0,False,,,
2003-01-07,300750.SZ,,0,-0.0,False,,,
2003-01-08,300750.SZ,,0,-0.0,False,,,
2003-01-09,300750.SZ,,0,-0.0,False,,,
2003-01-10,300750.SZ,,0,-0.0,False,,,
2003-01-13,300750.SZ,,0,-0.0,False,,,
2003-01-14,300750.SZ,,0,-0.0,False,,,
2003-01-15,300750.SZ,,0,-0.0,False,,,
2003-01-16,300750.SZ,,0,-0.0,False,,,
2003-01-17,300750.SZ,,0,-0.0,False,,,
2003-01-20,300750.SZ,,0,-0.0,False,,,
2003-01-21,300750.SZ,,0,-0.0,False,,,
2003-01-22,300750.SZ,,0,-0.0,False,,,
2003-01-23,300750.SZ,,0,-0.0,False,,,
2003-01-24,300750.SZ,,0,-0.0,False,,,
2003-01-27,300750.SZ,,0,-0.0,False,,,
2003-01-28,300750.SZ,,0,-0.0,False,,,
2003-01-29,300750.SZ,,0,-0.0,False,,,
2003-02-10,300750.SZ,,0,-0.0,False,,,
2003-02-11,300750.SZ,,0,-0.0,False,,,
2003-02-12,300750.SZ,,0,-0.0,False,,,
2003-02-13,300750.SZ,,0,-0.0,False,,,
2003-02-14,300750.SZ,,0,-0.0,False,,,
2003-02-17,300750.SZ,,0,-0.0,False,,,
2003-02-18,300750.SZ,,0,-0.0,False,,,
2003-02-19,300750.SZ,,0,-0.0,False,,,
2003-02-20,300750.SZ,,0,-0.0,False,,,
2003-02-21,300750.SZ,,0,-0.0,False,,,
2003-02-24,300750.SZ,,0,-0.0,False,,,
2003-02-25,300750.SZ,,0,-0.0,False,,,
2003-02-26,300750.SZ,,0,-0.0,False,,,
2003-02-27,300750.SZ,,0,-0.0,False,,,
2003-02-28,300750.SZ,,0,-0.0,False,,,
2003-03-03,300750.SZ,,0,-0.0,False,,,
2003-03-04,300750.SZ,,0,-0.0,False,,,
2003-03-05,300750.SZ,,0,-0.0,False,,,
2003-03-06,300750.SZ,,0,-0.0,False,,,
2003-03-07,300750.SZ,,0,-0.0,False,,,
2003-03-10,300750.SZ,,0,-0.0,False,,,
2003-03-11,300750.SZ,,0,-0.0,False,,,
2003-03-12,300750.SZ,,0,-0.0,False,,,
2003-03-13,300750.SZ,,0,-0.0,False,,,
2003-03-14,300750.SZ,,0,-0.0,False,,,
2003-03-17,300750.SZ,,0,-0.0,False,,,
2003-03-18,300750.SZ,,0,-0.0,False,,,
2003-03-19,300750.SZ,,0,-0.0,False,,,
2003-03-20,300750.SZ,,0,-0.0,False,,,
2003-03-21,300750.SZ,,0,-0.0,False,,,
2003-03-24,300750.SZ,,0,-0.0,False,,,
2003-03-25,300750.SZ,,0,-0.0,False,,,
2003-03-26,300750.SZ,,0,-0.0,False,,,
2003-03-27,300750.SZ,,0,-0.0,False,,,
2003-03-28,300750.SZ,,0,-0.0,False,,,
2003-03-31,300750.SZ,,0,-0.0,False,,,
2003-04-01,300750.SZ,,0,-0.0,False,,,
2003-04-02,300750.SZ,,0,-0.0,False,,,
2003-04-03,300750.SZ,,0,-0.0,False,,,
2003-04-04,300750.SZ,,0,-0.0,False,,,
2003-04-07,300750.SZ,,0,-0.0,False,,,
2003-04-08,300750.SZ,,0,-0.0,False,,,
2003-04-09,300750.SZ,,0,-0.0,False,,,
2003-04-10,300750.SZ,,0,-0.0,False,,,
2003-04-11,300750.SZ,,0,-0.0,False,,,
2003-04-14,300750.SZ,,0,-0.0,False,,,
2003-04-15,300750.SZ,,0,-0.0,False,,,
2003-04-16,300750.SZ,,0,-0.0,False,,,
2003-04-17,300750.SZ,,0,-0.0,False,,,
2003-04-18,300750.SZ,,0,-0.0,False,,,
2003-04-21,300750.SZ,,0,-0.0,False,,,
2003-04-22,300750.SZ,,0,-0.0,False,,,
2003-04-23,300750.SZ,,0,-0.0,False,,,
2003-04-24,300750.SZ,,0,-0.0,False,,,
2003-04-25,300750.SZ,,0,-0.0,False,,,
2003-04-28,300750.SZ,,0,-0.0,False,,,
2003-04-29,300750.SZ,,0,-0.0,False,,,
2003-04-30,300750.SZ,,0,-0.0,False,,,
2003-05-12,300750.SZ,,0,-0.0,False,,,
2003-05-13,300750.SZ,,0,-0.0,False,,,
2003-05-14,300750.SZ,,0,-0.0,False,,,
2003-05-15,300750.SZ,,0,-0.0,False,,,
2003-05-16,300750.SZ,,0,-0.0,False,,,
2003-05-19,300750.SZ,,0,-0.0,False,,,
2003-05-20,300750.SZ,,0,-0.0,False,,,
2003-05-21,300750.SZ,,0,-0.0,False,,,
2003-05-22,300750.SZ,,0,-0.0,False,,,
2003-05-23,300750.SZ,,0,-0.0,False,,,
2003-05-26,300750.SZ,,0,-0.0,False,,,
2003-05-27,300750.SZ,,0,-0.0,False,,,
2003-05-28,300750.SZ,,0,-0.0,False,,,
2003-05-29,300750.SZ,,0,-0.0,False,,,
2003-05-30,300750.SZ,,0,-0.0,False,,,
2003-06-02,300750.SZ,,0,-0.0,False,,,
2003-06-03,300750.SZ,,0,-0.0,False,,,
2003-06-04,300750.SZ,,0,-0.0,False,,,
2003-06-05,300750.SZ,,0,-0.0,False,,,
2003-06-06,300750.SZ,,0,-0.0,False,,,
2003-06-09,300750.SZ,,0,-0.0,False,,,
2003-06-10,300750.SZ,,0,-0.0,False,,,
2003-06-11,300750.SZ,,0,-0.0,False,,,
2003-06-12,300750.SZ,,0,-0.0,False,,,
2003-06-13,300750.SZ,,0,-0.0,False,,,
2003-06-16,300750.SZ,,0,-0.0,False,,,
2003-06-17,300750.SZ,,0,-0.0,False,,,
2003-06-18,300750.SZ,,0,-0.0,False,,,
2003-06-19,300750.SZ,,0,-0.0,False,,,
2003-06-20,300750.SZ,,0,-0.0,False,,,
2003-06-23,300750.SZ,,0,-0.0,False,,,
2003-06-24,300750.SZ,,0,-0.0,False,,,
2003-06-25,300750.SZ,,0,-0.0,False,,,
2003-06-26,300750.SZ,,0,-0.0,False,,,
2003-06-27,300750.SZ,,0,-0.0,False,,,
2003-06-30,300750.SZ,,0,-0.0,False,,,
2003-07-01,300750.SZ,,0,-0.0,False,,,
2003-07-02,300750.SZ,,0,-0.0,False,,,
2003-07-03,300750.SZ,,0,-0.0,False,,,
2003-07-04,300750.SZ,,0,-0.0,False,,,
2003-07-07,300750.SZ,,0,-0.0,False,,,
2003-07-08,300750.SZ,,0,-0.0,False,,,
2003-07-09,300750.SZ,,0,-0.0,False,,,
2003-07-10,300750.SZ,,0,-0.0,False,,,
2003-07-11,300750.SZ,,0,-0.0,False,,,
2003-07-14,300750.SZ,,0,-0.0,False,,,
2003-07-15,300750.SZ,,0,-0.0,False,,,
2003-07-16,300750.SZ,,0,-0.0,False,,,
2003-07-17,300750.SZ,,0,-0.0,False,,,
2003-07-18,300750.SZ,,0,-0.0,False,,,
2003-07-21,300750.SZ,,0,-0.0,False,,,
2003-07-22,300750.SZ,,0,-0.0,False,,,
2003-07-23,300750.SZ,,0,-0.0,False,,,
2003-07-24,300750.SZ,,0,-0.0,False,,,
2003-07-25,300750.SZ,,0,-0.0,False,,,
2003-07-28,300750.SZ,,0,-0.0,False,,,
2003-07-29,300750.SZ,,0,-0.0,False,,,
2003-07-30,300750.SZ,,0,-0.0,False,,,
2003-07-31,300750.SZ,,0,-0.0,False,,,
2003-08-01,300750.SZ,,0,-0.0,False,,,
2003-08-04,300750.SZ,,0,-0.0,False,,,
2003-08-05,300750.SZ,,0,-0.0,False,,,
2003-08-06,300750.SZ,,0,-0.0,False,,,
2003-08-07,300750.SZ,,0,-0.0,False,,,
2003-08-08,300750.SZ,,0,-0.0,False,,,
2003-08-11,300750.SZ,,0,-0.0,False,,,
2003-08-12,300750.SZ,,0,-0.0,False,,,
2003-08-13,300750.SZ,,0,-0.0,False,,,
2003-08-14,300750.SZ,,0,-0.0,False,,,
2003-08-15,300750.SZ,,0,-0.0,False,,,
2003-08-18,300750.SZ,,0,-0.0,False,,,
2003-08-19,300750.SZ,,0,-0.0,False,,,
2003-08-20,300750.SZ,,0,-0.0,False,,,
2003-08-21,300750.SZ,,0,-0.0,False,,,
2003-08-22,300750.SZ,,0,-0.0,False,,,
2003-08-25,300750.SZ,,0,-0.0,False,,,
2003-08-26,300750.SZ,,0,-0.0,False,,,
2003-08-27,300750.SZ,,0,-0.0,False,,,
2003-08-28,300750.SZ,,0,-0.0,False,,,
2003-08-29,300750.SZ,,0,-0.0,False,,,
2003-09-01,300750.SZ,,0,-0.0,False,,,
2003-09-02,300750.SZ,,0,-0.0,False,,,
2003-09-03,300750.SZ,,0,-0.0,False,,,
2003-09-04,300750.SZ,,0,-0.0,False,,,
2003-09-05,300750.SZ,,0,-0.0,False,,,
2003-09-08,300750.SZ,,0,-0.0,False,,,
2003-09-09,300750.SZ,,0,-0.0,False,,,
2003-09-10,300750.SZ,,0,-0.0,False,,,
2003-09-11,300750.SZ,,0,-0.0,False,,,
2003-09-12,300750.SZ,,0,-0.0,False,,,
2003-09-15,300750.SZ,,0,-0.0,False,,,
2003-09-16,300750.SZ,,0,-0.0,False,,,
2003-09-17,300750.SZ,,0,-0.0,False,,,
2003-09-18,300750.SZ,,0,-0.0,False,,,
2003-09-19,300750.SZ,,0,-0.0,False,,,
2003-09-22,300750.SZ,,0,-0.0,False,,,
2003-09-23,300750.SZ,,0,-0.0,False,,,
2003-09-24,300750.SZ,,0,-0.0,False,,,
2003-09-25,300750.SZ,,0,-0.0,False,,,
2003-09-26,300750.SZ,,0,-0.0,False,,,
2003-09-29,300750.SZ,,0,-0.0,False,,,
2003-09-30,300750.SZ,,0,-0.0,False,,,
2003-10-08,300750.SZ,,0,-0.0,False,,,
2003-10-09,300750.SZ,,0,-0.0,False,,,
2003-10-10,300750.SZ,,0,-0.0,False,,,
2003-10-13,300750.SZ,,0,-0.0,False,,,
2003-10-14,300750.SZ,,0,-0.0,False,,,
2003-10-15,300750.SZ,,0,-0.0,False,,,
2003-10-16,300750.SZ,,0,-0.0,False,,,
2003-10-17,300750.SZ,,0,-0.0,False,,,
2003-10-20,300750.SZ,,0,-0.0,False,,,
2003-10-21,300750.SZ,,0,-0.0,False,,,
2003-10-22,300750.SZ,,0,-0.0,False,,,
2003-10-23,300750.SZ,,0,-0.0,False,,,
2003-10-24,300750.SZ,,0,-0.0,False,,,
2003-10-27,300750.SZ,,0,-0.0,False,,,
2003-10-28,300750.SZ,,0,-0.0,False,,,
2003-10-29,300750.SZ,,0,-0.0,False,,,
2003-10-30,300750.SZ,,0,-0.0,False,,,
2003-10-31,300750.SZ,,0,-0.0,False,,,
2003-11-03,300750.SZ,,0,-0.0,False,,,
2003-11-04,300750.SZ,,0,-0.0,False,,,
2003-11-05,300750.SZ,,0,-0.0,False,,,
2003-11-06,300750.SZ,,0,-0.0,False,,,
2003-11-07,300750.SZ,,0,-0.0,False,,,
2003-11-10,300750.SZ,,0,-0.0,False,,,
2003-11-11,300750.SZ,,0,-0.0,False,,,
2003-11-12,300750.SZ,,0,-0.0,False,,,
2003-11-13,300750.SZ,,0,-0.0,False,,,
2003-11-14,300750.SZ,,0,-0.0,False,,,
2003-11-17,300750.SZ,,0,-0.0,False,,,
2003-11-18,300750.SZ,,0,-0.0,False,,,
2003-11-19,300750.SZ,,0,-0.0,False,,,
2003-11-20,300750.SZ,,0,-0.0,False,,,
2003-11-21,300750.SZ,,0,-0.0,False,,,
2003-11-24,300750.SZ,,0,-0.0,False,,,
2003-11-25,300750.SZ,,0,-0.0,False,,,
2003-11-26,300750.SZ,,0,-0.0,False,,,
2003-11-27,300750.SZ,,0,-0.0,False,,,
2003-11-28,300750.SZ,,0,-0.0,False,,,
2003-12-01,300750.SZ,,0,-0.0,False,,,
2003-12-02,300750.SZ,,0,-0.0,False,,,
2003-12-03,300750.SZ,,0,-0.0,False,,,
2003-12-04,300750.SZ,,0,-0.0,False,,,
2003-12-05,300750.SZ,,0,-0.0,False,,,
2003-12-08,300750.SZ,,0,-0.0,False,,,
2003-12-09,300750.SZ,,0,-0.0,False,,,
2003-12-10,300750.SZ,,0,-0.0,False,,,
2003-12-11,300750.SZ,,0,-0.0,False,,,
2003-12-12,300750.SZ,,0,-0.0,False,,,
2003-12-15,300750.SZ,,0,-0.0,False,,,
2003-12-16,300750.SZ,,0,-0.0,False,,,
2003-12-17,300750.SZ,,0,-0.0,False,,,
2003-12-18,300750.SZ,,0,-0.0,False,,,
2003-12-19,300750.SZ,,0,-0.0,False,,,
2003-12-22,300750.SZ,,0,-0.0,False,,,
2003-12-23,300750.SZ,,0,-0.0,False,,,
2003-12-24,300750.SZ,,0,-0.0,False,,,
2003-12-25,300750.SZ,,0,-0.0,False,,,
2003-12-26,300750.SZ,,0,-0.0,False,,,
2003-12-29,300750.SZ,,0,-0.0,False,,,
2003-12-30,300750.SZ,,0,-0.0,False,,,
2003-12-31,300750.SZ,,0,-0.0,False,,,
2004-01-02,300750.SZ,,0,-0.0,False,,,
2004-01-05,300750.SZ,,0,-0.0,False,,,
2004-01-06,300750.SZ,,0,-0.0,False,,,
2004-01-07,300750.SZ,,0,-0.0,False,,,
2004-01-08,300750.SZ,,0,-0.0,False,,,
2004-01-09,300750.SZ,,0,-0.0,False,,,
2004-01-12,300750.SZ,,0,-0.0,False,,,
2004-01-13,300750.SZ,,0,-0.0,False,,,
2004-01-14,300750.SZ,,0,-0.0,False,,,
2004-01-15,300750.SZ,,0,-0.0,False,,,
2004-01-16,300750.SZ,,0,-0.0,False,,,
2004-01-29,300750.SZ,,0,-0.0,False,,,
2004-01-30,300750.SZ,,0,-0.0,False,,,
2004-02-02,300750.SZ,,0,-0.0,False,,,
2004-02-03,300750.SZ,,0,-0.0,False,,,
2004-02-04,300750.SZ,,0,-0.0,False,,,
2004-02-05,300750.SZ,,0,-0.0,False,,,
2004-02-06,300750.SZ,,0,-0.0,False,,,
2004-02-09,300750.SZ,,0,-0.0,False,,,
2004-02-10,300750.SZ,,0,-0.0,False,,,
2004-02-11,300750.SZ,,0,-0.0,False,,,
2004-02-12,300750.SZ,,0,-0.0,False,,,
2004-02-13,300750.SZ,,0,-0.0,False,,,
2004-02-16,300750.SZ,,0,-0.0,False,,,
2004-02-17,300750.SZ,,0,-0.0,False,,,
2004-02-18,300750.SZ,,0,-0.0,False,,,
2004-02-19,300750.SZ,,0,-0.0,False,,,
2004-02-20,300750.SZ,,0,-0.0,False,,,
2004-02-23,300750.SZ,,0,-0.0,False,,,
2004-02-24,300750.SZ,,0,-0.0,False,,,
2004-02-25,300750.SZ,,0,-0.0,False,,,
2004-02-26,300750.SZ,,0,-0.0,False,,,
2004-02-27,300750.SZ,,0,-0.0,False,,,
2004-03-01,300750.SZ,,0,-0.0,False,,,
2004-03-02,300750.SZ,,0,-0.0,False,,,
2004-03-03,300750.SZ,,0,-0.0,False,,,
2004-03-04,300750.SZ,,0,-0.0,False,,,
2004-03-05,300750.SZ,,0,-0.0,False,,,
2004-03-08,300750.SZ,,0,-0.0,False,,,
2004-03-09,300750.SZ,,0,-0.0,False,,,
2004-03-10,300750.SZ,,0,-0.0,False,,,
2004-03-11,300750.SZ,,0,-0.0,False,,,
2004-03-12,300750.SZ,,0,-0.0,False,,,
2004-03-15,300750.SZ,,0,-0.0,False,,,
2004-03-16,300750.SZ,,0,-0.0,False,,,
2004-03-17,300750.SZ,,0,-0.0,False,,,
2004-03-18,300750.SZ,,0,-0.0,False,,,
2004-03-19,300750.SZ,,0,-0.0,False,,,
2004-03-22,300750.SZ,,0,-0.0,False,,,
2004-03-23,300750.SZ,,0,-0.0,False,,,
2004-03-24,300750.SZ,,0,-0.0,False,,,
2004-03-25,300750.SZ,,0,-0.0,False,,,
2004-03-26,300750.SZ,,0,-0.0,False,,,
2004-03-29,300750.SZ,,0,-0.0,False,,,
2004-03-30,300750.SZ,,0,-0.0,False,,,
2004-03-31,300750.SZ,,0,-0.0,False,,,
2004-04-01,300750.SZ,,0,-0.0,False,,,
2004-04-02,300750.SZ,,0,-0.0,False,,,
2004-04-05,300750.SZ,,0,-0.0,False,,,
2004-04-06,300750.SZ,,0,-0.0,False,,,
2004-04-07,300750.SZ,,0,-0.0,False,,,
2004-04-08,300750.SZ,,0,-0.0,False,,,
2004-04-09,300750.SZ,,0,-0.0,False,,,
2004-04-12,300750.SZ,,0,-0.0,False,,,
2004-04-13,300750.SZ,,0,-0.0,False,,,
2004-04-14,300750.SZ,,0,-0.0,False,,,
2004-04-15,300750.SZ,,0,-0.0,False,,,
2004-04-16,300750.SZ,,0,-0.0,False,,,
2004-04-19,300750.SZ,,0,-0.0,False,,,
2004-04-20,300750.SZ,,0,-0.0,False,,,
2004-04-21,300750.SZ,,0,-0.0,False,,,
2004-04-22,300750.SZ,,0,-0.0,False,,,
2004-04-23,300750.SZ,,0,-0.0,False,,,
2004-04-26,300750.SZ,,0,-0.0,False,,,
2004-04-27,300750.SZ,,0,-0.0,False,,,
2004-04-28,300750.SZ,,0,-0.0,False,,,
2004-04-29,300750.SZ,,0,-0.0,False,,,
2004-04-30,300750.SZ,,0,-0.0,False,,,
2004-05-10,300750.SZ,,0,-0.0,False,,,
2004-05-11,300750.SZ,,0,-0.0,False,,,
2004-05-12,300750.SZ,,0,-0.0,False,,,
2004-05-13,300750.SZ,,0,-0.0,False,,,
2004-05-14,300750.SZ,,0,-0.0,False,,,
2004-05-17,300750.SZ,,0,-0.0,False,,,
2004-05-18,300750.SZ,,0,-0.0,False,,,
2004-05-19,300750.SZ,,0,-0.0,False,,,
2004-05-20,300750.SZ,,0,-0.0,False,,,
2004-05-21,300750.SZ,,0,-0.0,False,,,
2004-05-24,300750.SZ,,0,-0.0,False,,,
2004-05-25,300750.SZ,,0,-0.0,False,,,
2004-05-26,300750.SZ,,0,-0.0,False,,,
2004-05-27,300750.SZ,,0,-0.0,False,,,
2004-05-28,300750.SZ,,0,-0.0,False,,,
2004-05-31,300750.SZ,,0,-0.0,False,,,
2004-06-01,300750.SZ,,0,-0.0,False,,,
2004-06-02,300750.SZ,,0,-0.0,False,,,
2004-06-03,300750.SZ,,0,-0.0,False,,,
2004-06-04,300750.SZ,,0,-0.0,False,,,
2004-06-07,300750.SZ,,0,-0.0,False,,,
2004-06-08,300750.SZ,,0,-0.0,False,,,
2004-06-09,300750.SZ,,0,-0.0,False,,,
2004-06-10,300750.SZ,,0,-0.0,False,,,
2004-06-11,300750.SZ,,0,-0.0,False,,,
2004-06-14,300750.SZ,,0,-0.0,False,,,
2004-06-15,300750.SZ,,0,-0.0,False,,,
2004-06-16,300750.SZ,,0,-0.0,False,,,
2004-06-17,300750.SZ,,0,-0.0,False,,,
2004-06-18,300750.SZ,,0,-0.0,False,,,
2004-06-21,300750.SZ,,0,-0.0,False,,,
2004-06-22,300750.SZ,,0,-0.0,False,,,
2004-06-23,300750.SZ,,0,-0.0,False,,,
2004-06-24,300750.SZ,,0,-0.0,False,,,
2004-06-25,300750.SZ,,0,-0.0,False,,,
2004-06-28,300750.SZ,,0,-0.0,False,,,
2004-06-29,300750.SZ,,0,-0.0,False,,,
2004-06-30,300750.SZ,,0,-0.0,False,,,
2004-07-01,300750.SZ,,0,-0.0,False,,,
2004-07-02,300750.SZ,,0,-0.0,False,,,
2004-07-05,300750.SZ,,0,-0.0,False,,,
2004-07-06,300750.SZ,,0,-0.0,False,,,
2004-07-07,300750.SZ,,0,-0.0,False,,,
2004-07-08,300750.SZ,,0,-0.0,False,,,
2004-07-09,300750.SZ,,0,-0.0,False,,,
2004-07-12,300750.SZ,,0,-0.0,False,,,
2004-07-13,300750.SZ,,0,-0.0,False,,,
2004-07-14,300750.SZ,,0,-0.0,False,,,
2004-07-15,300750.SZ,,0,-0.0,False,,,
2004-07-16,300750.SZ,,0,-0.0,False,,,
2004-07-19,300750.SZ,,0,-0.0,False,,,
2004-07-20,300750.SZ,,0,-0.0,False,,,
2004-07-21,300750.SZ,,0,-0.0,False,,,
2004-07-22,300750.SZ,,0,-0.0,False,,,
2004-07-23,300750.SZ,,0,-0.0,False,,,
2004-07-26,300750.SZ,,0,-0.0,False,,,
2004-07-27,300750.SZ,,0,-0.0,False,,,
2004-07-28,300750.SZ,,0,-0.0,False,,,
2004-07-29,300750.SZ,,0,-0.0,False,,,
2004-07-30,300750.SZ,,0,-0.0,False,,,
2004-08-02,300750.SZ,,0,-0.0,False,,,
2004-08-03,300750.SZ,,0,-0.0,False,,,
2004-08-04,300750.SZ,,0,-0.0,False,,,
2004-08-05,300750.SZ,,0,-0.0,False,,,
2004-08-06,300750.SZ,,0,-0.0,False,,,
2004-08-09,300750.SZ,,0,-0.0,False,,,
2004-08-10,300750.SZ,,0,-0.0,False,,,
2004-08-11,300750.SZ,,0,-0.0,False,,,
2004-08-12,300750.SZ,,0,-0.0,False,,,
2004-08-13,300750.SZ,,0,-0.0,False,,,
2004-08-16,300750.SZ,,0,-0.0,False,,,
2004-08-17,300750.SZ,,0,-0.0,False,,,
2004-08-18,300750.SZ,,0,-0.0,False,,,
2004-08-19,300750.SZ,,0,-0.0,False,,,
2004-08-20,300750.SZ,,0,-0.0,False,,,
2004-08-23,300750.SZ,,0,-0.0,False,,,
2004-08-24,300750.SZ,,0,-0.0,False,,,
2004-08-25,300750.SZ,,0,-0.0,False,,,
2004-08-26,300750.SZ,,0,-0.0,False,,,
2004-08-27,300750.SZ,,0,-0.0,False,,,
2004-08-30,300750.SZ,,0,-0.0,False,,,
2004-08-31,300750.SZ,,0,-0.0,False,,,
2004-09-01,300750.SZ,,0,-0.0,False,,,
2004-09-02,300750.SZ,,0,-0.0,False,,,
2004-09-03,300750.SZ,,0,-0.0,False,,,
2004-09-06,300750.SZ,,0,-0.0,False,,,
2004-09-07,300750.SZ,,0,-0.0,False,,,
2004-09-08,300750.SZ,,0,-0.0,False,,,
2004-09-09,300750.SZ,,0,-0.0,False,,,
2004-09-10,300750.SZ,,0,-0.0,False,,,
2004-09-13,300750.SZ,,0,-0.0,False,,,
2004-09-14,300750.SZ,,0,-0.0,False,,,
2004-09-15,300750.SZ,,0,-0.0,False,,,
2004-09-16,300750.SZ,,0,-0.0,False,,,
2004-09-17,300750.SZ,,0,-0.0,False,,,
2004-09-20,300750.SZ,,0,-0.0,False,,,
2004-09-21,300750.SZ,,0,-0.0,False,,,
2004-09-22,300750.SZ,,0,-0.0,False,,,
2004-09-23,300750.SZ,,0,-0.0,False,,,
2004-09-24,300750.SZ,,0,-0.0,False,,,
2004-09-27,300750.SZ,,0,-0.0,False,,,
2004-09-28,300750.SZ,,0,-0.0,False,,,
2004-09-29,300750.SZ,,0,-0.0,False,,,
2004-09-30,300750.SZ,,0,-0.0,False,,,
2004-10-08,300750.SZ,,0,-0.0,False,,,
2004-10-11,300750.SZ,,0,-0.0,False,,,
2004-10-12,300750.SZ,,0,-0.0,False,,,
2004-10-13,300750.SZ,,0,-0.0,False,,,
2004-10-14,300750.SZ,,0,-0.0,False,,,
2004-10-15,300750.SZ,,0,-0.0,False,,,
2004-10-18,300750.SZ,,0,-0.0,False,,,
2004-10-19,300750.SZ,,0,-0.0,False,,,
2004-10-20,300750.SZ,,0,-0.0,False,,,
2004-10-21,300750.SZ,,0,-0.0,False,,,
2004-10-22,300750.SZ,,0,-0.0,False,,,
2004-10-25,300750.SZ,,0,-0.0,False,,,
2004-10-26,300750.SZ,,0,-0.0,False,,,
2004-10-27,300750.SZ,,0,-0.0,False,,,
2004-10-28,300750.SZ,,0,-0.0,False,,,
2004-10-29,300750.SZ,,0,-0.0,False,,,
2004-11-01,300750.SZ,,0,-0.0,False,,,
2004-11-02,300750.SZ,,0,-0.0,False,,,
2004-11-03,300750.SZ,,0,-0.0,False,,,
2004-11-04,300750.SZ,,0,-0.0,False,,,
2004-11-05,300750.SZ,,0,-0.0,False,,,
2004-11-08,300750.SZ,,0,-0.0,False,,,
2004-11-09,300750.SZ,,0,-0.0,False,,,
2004-11-10,300750.SZ,,0,-0.0,False,,,
2004-11-11,300750.SZ,,0,-0.0,False,,,
2004-11-12,300750.SZ,,0,-0.0,False,,,
2004-11-15,300750.SZ,,0,-0.0,False,,,
2004-11-16,300750.SZ,,0,-0.0,False,,,
2004-11-17,300750.SZ,,0,-0.0,False,,,
2004-11-18,300750.SZ,,0,-0.0,False,,,
2004-11-19,300750.SZ,,0,-0.0,False,,,
2004-11-22,300750.SZ,,0,-0.0,False,,,
2004-11-23,300750.SZ,,0,-0.0,False,,,
2004-11-24,300750.SZ,,0,-0.0,False,,,
2004-11-25,300750.SZ,,0,-0.0,False,,,
2004-11-26,300750.SZ,,0,-0.0,False,,,
2004-11-29,300750.SZ,,0,-0.0,False,,,
2004-11-30,300750.SZ,,0,-0.0,False,,,
2004-12-01,300750.SZ,,0,-0.0,False,,,
2004-12-02,300750.SZ,,0,-0.0,False,,,
2004-12-03,300750.SZ,,0,-0.0,False,,,
2004-12-06,300750.SZ,,0,-0.0,False,,,
2004-12-07,300750.SZ,,0,-0.0,False,,,
2004-12-08,300750.SZ,,0,-0.0,False,,,
2004-12-09,300750.SZ,,0,-0.0,False,,,
2004-12-10,300750.SZ,,0,-0.0,False,,,
2004-12-13,300750.SZ,,0,-0.0,False,,,
2004-12-14,300750.SZ,,0,-0.0,False,,,
2004-12-15,300750.SZ,,0,-0.0,False,,,
2004-12-16,300750.SZ,,0,-0.0,False,,,
2004-12-17,300750.SZ,,0,-0.0,False,,,
2004-12-20,300750.SZ,,0,-0.0,False,,,
2004-12-21,300750.SZ,,0,-0.0,False,,,
2004-12-22,300750.SZ,,0,-0.0,False,,,
2004-12-23,300750.SZ,,0,-0.0,False,,,
2004-12-24,300750.SZ,,0,-0.0,False,,,
2004-12-27,300750.SZ,,0,-0.0,False,,,
2004-12-28,300750.SZ,,0,-0.0,False,,,
2004-12-29,300750.SZ,,0,-0.0,False,,,
2004-12-30,300750.SZ,,0,-0.0,False,,,
2004-12-31,300750.SZ,,0,-0.0,False,,,
2005-01-04,300750.SZ,,0,-0.0,False,,,
2005-01-05,300750.SZ,,0,-0.0,False,,,
2005-01-06,300750.SZ,,0,-0.0,False,,,
2005-01-07,300750.SZ,,0,-0.0,False,,,
2005-01-10,300750.SZ,,0,-0.0,False,,,
2005-01-11,300750.SZ,,0,-0.0,False,,,
2005-01-12,300750.SZ,,0,-0.0,False,,,
2005-01-13,300750.SZ,,0,-0.0,False,,,
2005-01-14,300750.SZ,,0,-0.0,False,,,
2005-01-17,300750.SZ,,0,-0.0,False,,,
2005-01-18,300750.SZ,,0,-0.0,False,,,
2005-01-19,300750.SZ,,0,-0.0,False,,,
2005-01-20,300750.SZ,,0,-0.0,False,,,
2005-01-21,300750.SZ,,0,-0.0,False,,,
2005-01-24,300750.SZ,,0,-0.0,False,,,
2005-01-25,300750.SZ,,0,-0.0,False,,,
2005-01-26,300750.SZ,,0,-0.0,False,,,
2005-01-27,300750.SZ,,0,-0.0,False,,,
2005-01-28,300750.SZ,,0,-0.0,False,,,
2005-01-31,300750.SZ,,0,-0.0,False,,,
2005-02-01,300750.SZ,,0,-0.0,False,,,
2005-02-02,300750.SZ,,0,-0.0,False,,,
2005-02-03,300750.SZ,,0,-0.0,False,,,
2005-02-04,300750.SZ,,0,-0.0,False,,,
2005-02-16,300750.SZ,,0,-0.0,False,,,
2005-02-17,300750.SZ,,0,-0.0,False,,,
2005-02-18,300750.SZ,,0,-0.0,False,,,
2005-02-21,300750.SZ,,0,-0.0,False,,,
2005-02-22,300750.SZ,,0,-0.0,False,,,
2005-02-23,300750.SZ,,0,-0.0,False,,,
2005-02-24,300750.SZ,,0,-0.0,False,,,
2005-02-25,300750.SZ,,0,-0.0,False,,,
2005-02-28,300750.SZ,,0,-0.0,False,,,
2005-03-01,300750.SZ,,0,-0.0,False,,,
2005-03-02,300750.SZ,,0,-0.0,False,,,
2005-03-03,300750.SZ,,0,-0.0,False,,,
2005-03-04,300750.SZ,,0,-0.0,False,,,
2005-03-07,300750.SZ,,0,-0.0,False,,,
2005-03-08,300750.SZ,,0,-0.0,False,,,
2005-03-09,300750.SZ,,0,-0.0,False,,,
2005-03-10,300750.SZ,,0,-0.0,False,,,
2005-03-11,300750.SZ,,0,-0.0,False,,,
2005-03-14,300750.SZ,,0,-0.0,False,,,
2005-03-15,300750.SZ,,0,-0.0,False,,,
2005-03-16,300750.SZ,,0,-0.0,False,,,
2005-03-17,300750.SZ,,0,-0.0,False,,,
2005-03-18,300750.SZ,,0,-0.0,False,,,
2005-03-21,300750.SZ,,0,-0.0,False,,,
2005-03-22,300750.SZ,,0,-0.0,False,,,
2005-03-23,300750.SZ,,0,-0.0,False,,,
2005-03-24,300750.SZ,,0,-0.0,False,,,
2005-03-25,300750.SZ,,0,-0.0,False,,,
2005-03-28,300750.SZ,,0,-0.0,False,,,
2005-03-29,300750.SZ,,0,-0.0,False,,,
2005-03-30,300750.SZ,,0,-0.0,False,,,
2005-03-31,300750.SZ,,0,-0.0,False,,,
2005-04-01,300750.SZ,,0,-0.0,False,,,
2005-04-04,300750.SZ,,0,-0.0,False,,,
2005-04-05,300750.SZ,,0,-0.0,False,,,
2005-04-06,300750.SZ,,0,-0.0,False,,,
2005-04-07,300750.SZ,,0,-0.0,False,,,
2005-04-08,300750.SZ,,0,-0.0,False,,,
2005-04-11,300750.SZ,,0,-0.0,False,,,
2005-04-12,300750.SZ,,0,-0.0,False,,,
2005-04-13,300750.SZ,,0,-0.0,False,,,
2005-04-14,300750.SZ,,0,-0.0,False,,,
2005-04-15,300750.SZ,,0,-0.0,False,,,
2005-04-18,300750.SZ,,0,-0.0,False,,,
2005-04-19,300750.SZ,,0,-0.0,False,,,
2005-04-20,300750.SZ,,0,-0.0,False,,,
2005-04-21,300750.SZ,,0,-0.0,False,,,
2005-04-22,300750.SZ,,0,-0.0,False,,,
2005-04-25,300750.SZ,,0,-0.0,False,,,
2005-04-26,300750.SZ,,0,-0.0,False,,,
2005-04-27,300750.SZ,,0,-0.0,False,,,
2005-04-28,300750.SZ,,0,-0.0,False,,,
2005-04-29,300750.SZ,,0,-0.0,False,,,
2005-05-09,300750.SZ,,0,-0.0,False,,,
2005-05-10,300750.SZ,,0,-0.0,False,,,
2005-05-11,300750.SZ,,0,-0.0,False,,,
2005-05-12,300750.SZ,,0,-0.0,False,,,
2005-05-13,300750.SZ,,0,-0.0,False,,,
2005-05-16,300750.SZ,,0,-0.0,False,,,
2005-05-17,300750.SZ,,0,-0.0,False,,,
2005-05-18,300750.SZ,,0,-0.0,False,,,
2005-05-19,300750.SZ,,0,-0.0,False,,,
2005-05-20,300750.SZ,,0,-0.0,False,,,
2005-05-23,300750.SZ,,0,-0.0,False,,,
2005-05-24,300750.SZ,,0,-0.0,False,,,
2005-05-25,300750.SZ,,0,-0.0,False,,,
2005-05-26,300750.SZ,,0,-0.0,False,,,
2005-05-27,300750.SZ,,0,-0.0,False,,,
2005-05-30,300750.SZ,,0,-0.0,False,,,
2005-05-31,300750.SZ,,0,-0.0,False,,,
2005-06-01,300750.SZ,,0,-0.0,False,,,
2005-06-02,300750.SZ,,0,-0.0,False,,,
2005-06-03,300750.SZ,,0,-0.0,False,,,
2005-06-06,300750.SZ,,0,-0.0,False,,,
2005-06-07,300750.SZ,,0,-0.0,False,,,
2005-06-08,300750.SZ,,0,-0.0,False,,,
2005-06-09,300750.SZ,,0,-0.0,False,,,
2005-06-10,300750.SZ,,0,-0.0,False,,,
2005-06-13,300750.SZ,,0,-0.0,False,,,
2005-06-14,300750.SZ,,0,-0.0,False,,,
2005-06-15,300750.SZ,,0,-0.0,False,,,
2005-06-16,300750.SZ,,0,-0.0,False,,,
2005-06-17,300750.SZ,,0,-0.0,False,,,
2005-06-20,300750.SZ,,0,-0.0,False,,,
2005-06-21,300750.SZ,,0,-0.0,False,,,
2005-06-22,300750.SZ,,0,-0.0,False,,,
2005-06-23,300750.SZ,,0,-0.0,False,,,
2005-06-24,300750.SZ,,0,-0.0,False,,,
2005-06-27,300750.SZ,,0,-0.0,False,,,
2005-06-28,300750.SZ,,0,-0.0,False,,,
2005-06-29,300750.SZ,,0,-0.0,False,,,
2005-06-30,300750.SZ,,0,-0.0,False,,,
2005-07-01,300750.SZ,,0,-0.0,False,,,
2005-07-04,300750.SZ,,0,-0.0,False,,,
2005-07-05,300750.SZ,,0,-0.0,False,,,
2005-07-06,300750.SZ,,0,-0.0,False,,,
2005-07-07,300750.SZ,,0,-0.0,False,,,
2005-07-08,300750.SZ,,0,-0.0,False,,,
2005-07-11,300750.SZ,,0,-0.0,False,,,
2005-07-12,300750.SZ,,0,-0.0,False,,,
2005-07-13,300750.SZ,,0,-0.0,False,,,
2005-07-14,300750.SZ,,0,-0.0,False,,,
2005-07-15,300750.SZ,,0,-0.0,False,,,
2005-07-18,300750.SZ,,0,-0.0,False,,,
2005-07-19,300750.SZ,,0,-0.0,False,,,
2005-07-20,300750.SZ,,0,-0.0,False,,,
2005-07-21,300750.SZ,,0,-0.0,False,,,
2005-07-22,300750.SZ,,0,-0.0,False,,,
2005-07-25,300750.SZ,,0,-0.0,False,,,
2005-07-26,300750.SZ,,0,-0.0,False,,,
2005-07-27,300750.SZ,,0,-0.0,False,,,
2005-07-28,300750.SZ,,0,-0.0,False,,,
2005-07-29,300750.SZ,,0,-0.0,False,,,
2005-08-01,300750.SZ,,0,-0.0,False,,,
2005-08-02,300750.SZ,,0,-0.0,False,,,
2005-08-03,300750.SZ,,0,-0.0,False,,,
2005-08-04,300750.SZ,,0,-0.0,False,,,
2005-08-05,300750.SZ,,0,-0.0,False,,,
2005-08-08,300750.SZ,,0,-0.0,False,,,
2005-08-09,300750.SZ,,0,-0.0,False,,,
2005-08-10,300750.SZ,,0,-0.0,False,,,
2005-08-11,300750.SZ,,0,-0.0,False,,,
2005-08-12,300750.SZ,,0,-0.0,False,,,
2005-08-15,300750.SZ,,0,-0.0,False,,,
2005-08-16,300750.SZ,,0,-0.0,False,,,
2005-08-17,300750.SZ,,0,-0.0,False,,,
2005-08-18,300750.SZ,,0,-0.0,False,,,
2005-08-19,300750.SZ,,0,-0.0,False,,,
2005-08-22,300750.SZ,,0,-0.0,False,,,
2005-08-23,300750.SZ,,0,-0.0,False,,,
2005-08-24,300750.SZ,,0,-0.0,False,,,
2005-08-25,300750.SZ,,0,-0.0,False,,,
2005-08-26,300750.SZ,,0,-0.0,False,,,
2005-08-29,300750.SZ,,0,-0.0,False,,,
2005-08-30,300750.SZ,,0,-0.0,False,,,
2005-08-31,300750.SZ,,0,-0.0,False,,,
2005-09-01,300750.SZ,,0,-0.0,False,,,
2005-09-02,300750.SZ,,0,-0.0,False,,,
2005-09-05,300750.SZ,,0,-0.0,False,,,
2005-09-06,300750.SZ,,0,-0.0,False,,,
2005-09-07,300750.SZ,,0,-0.0,False,,,
2005-09-08,300750.SZ,,0,-0.0,False,,,
2005-09-09,300750.SZ,,0,-0.0,False,,,
2005-09-12,300750.SZ,,0,-0.0,False,,,
2005-09-13,300750.SZ,,0,-0.0,False,,,
2005-09-14,300750.SZ,,0,-0.0,False,,,
2005-09-15,300750.SZ,,0,-0.0,False,,,
2005-09-16,300750.SZ,,0,-0.0,False,,,
2005-09-19,300750.SZ,,0,-0.0,False,,,
2005-09-20,300750.SZ,,0,-0.0,False,,,
2005-09-21,300750.SZ,,0,-0.0,False,,,
2005-09-22,300750.SZ,,0,-0.0,False,,,
2005-09-23,300750.SZ,,0,-0.0,False,,,
2005-09-26,300750.SZ,,0,-0.0,False,,,
2005-09-27,300750.SZ,,0,-0.0,False,,,
2005-09-28,300750.SZ,,0,-0.0,False,,,
2005-09-29,300750.SZ,,0,-0.0,False,,,
2005-09-30,300750.SZ,,0,-0.0,False,,,
2005-10-10,300750.SZ,,0,-0.0,False,,,
2005-10-11,300750.SZ,,0,-0.0,False,,,
2005-10-12,300750.SZ,,0,-0.0,False,,,
2005-10-13,300750.SZ,,0,-0.0,False,,,
2005-10-14,300750.SZ,,0,-0.0,False,,,
2005-10-17,300750.SZ,,0,-0.0,False,,,
2005-10-18,300750.SZ,,0,-0.0,False,,,
2005-10-19,300750.SZ,,0,-0.0,False,,,
2005-10-20,300750.SZ,,0,-0.0,False,,,
2005-10-21,300750.SZ,,0,-0.0,False,,,
2005-10-24,300750.SZ,,0,-0.0,False,,,
2005-10-25,300750.SZ,,0,-0.0,False,,,
2005-10-26,300750.SZ,,0,-0.0,False,,,
2005-10-27,300750.SZ,,0,-0.0,False,,,
2005-10-28,300750.SZ,,0,-0.0,False,,,
2005-10-31,300750.SZ,,0,-0.0,False,,,
2005-11-01,300750.SZ,,0,-0.0,False,,,
2005-11-02,300750.SZ,,0,-0.0,False,,,
2005-11-03,300750.SZ,,0,-0.0,False,,,
2005-11-04,300750.SZ,,0,-0.0,False,,,
2005-11-07,300750.SZ,,0,-0.0,False,,,
2005-11-08,300750.SZ,,0,-0.0,False,,,
2005-11-09,300750.SZ,,0,-0.0,False,,,
2005-11-10,300750.SZ,,0,-0.0,False,,,
2005-11-11,300750.SZ,,0,-0.0,False,,,
2005-11-14,300750.SZ,,0,-0.0,False,,,
2005-11-15,300750.SZ,,0,-0.0,False,,,
2005-11-16,300750.SZ,,0,-0.0,False,,,
2005-11-17,300750.SZ,,0,-0.0,False,,,
2005-11-18,300750.SZ,,0,-0.0,False,,,
2005-11-21,300750.SZ,,0,-0.0,False,,,
2005-11-22,300750.SZ,,0,-0.0,False,,,
2005-11-23,300750.SZ,,0,-0.0,False,,,
2005-11-24,300750.SZ,,0,-0.0,False,,,
2005-11-25,300750.SZ,,0,-0.0,False,,,
2005-11-28,300750.SZ,,0,-0.0,False,,,
2005-11-29,300750.SZ,,0,-0.0,False,,,
2005-11-30,300750.SZ,,0,-0.0,False,,,
2005-12-01,300750.SZ,,0,-0.0,False,,,
2005-12-02,300750.SZ,,0,-0.0,False,,,
2005-12-05,300750.SZ,,0,-0.0,False,,,
2005-12-06,300750.SZ,,0,-0.0,False,,,
2005-12-07,300750.SZ,,0,-0.0,False,,,
2005-12-08,300750.SZ,,0,-0.0,False,,,
2005-12-09,300750.SZ,,0,-0.0,False,,,
2005-12-12,300750.SZ,,0,-0.0,False,,,
2005-12-13,300750.SZ,,0,-0.0,False,,,
2005-12-14,300750.SZ,,0,-0.0,False,,,
2005-12-15,300750.SZ,,0,-0.0,False,,,
2005-12-16,300750.SZ,,0,-0.0,False,,,
2005-12-19,300750.SZ,,0,-0.0,False,,,
2005-12-20,300750.SZ,,0,-0.0,False,,,
2005-12-21,300750.SZ,,0,-0.0,False,,,
2005-12-22,300750.SZ,,0,-0.0,False,,,
2005-12-23,300750.SZ,,0,-0.0,False,,,
2005-12-26,300750.SZ,,0,-0.0,False,,,
2005-12-27,300750.SZ,,0,-0.0,False,,,
2005-12-28,300750.SZ,,0,-0.0,False,,,
2005-12-29,300750.SZ,,0,-0.0,False,,,
2005-12-30,300750.SZ,,0,-0.0,False,,,
2006-01-04,300750.SZ,,0,-0.0,False,,,
2006-01-05,300750.SZ,,0,-0.0,False,,,
2006-01-06,300750.SZ,,0,-0.0,False,,,
2006-01-09,300750.SZ,,0,-0.0,False,,,
2006-01-10,300750.SZ,,0,-0.0,False,,,
2006-01-11,300750.SZ,,0,-0.0,False,,,
2006-01-12,300750.SZ,,0,-0.0,False,,,
2006-01-13,300750.SZ,,0,-0.0,False,,,
2006-01-16,300750.SZ,,0,-0.0,False,,,
2006-01-17,300750.SZ,,0,-0.0,False,,,
2006-01-18,300750.SZ,,0,-0.0,False,,,
2006-01-19,300750.SZ,,0,-0.0,False,,,
2006-01-20,300750.SZ,,0,-0.0,False,,,
2006-01-23,300750.SZ,,0,-0.0,False,,,
2006-01-24,300750.SZ,,0,-0.0,False,,,
2006-01-25,300750.SZ,,0,-0.0,False,,,
2006-02-06,300750.SZ,,0,-0.0,False,,,
2006-02-07,300750.SZ,,0,-0.0,False,,,
2006-02-08,300750.SZ,,0,-0.0,False,,,
2006-02-09,300750.SZ,,0,-0.0,False,,,
2006-02-10,300750.SZ,,0,-0.0,False,,,
2006-02-13,300750.SZ,,0,-0.0,False,,,
2006-02-14,300750.SZ,,0,-0.0,False,,,
2006-02-15,300750.SZ,,0,-0.0,False,,,
2006-02-16,300750.SZ,,0,-0.0,False,,,
2006-02-17,300750.SZ,,0,-0.0,False,,,
2006-02-20,300750.SZ,,0,-0.0,False,,,
2006-02-21,300750.SZ,,0,-0.0,False,,,
2006-02-22,300750.SZ,,0,-0.0,False,,,
2006-02-23,300750.SZ,,0,-0.0,False,,,
2006-02-24,300750.SZ,,0,-0.0,False,,,
2006-02-27,300750.SZ,,0,-0.0,False,,,
2006-02-28,300750.SZ,,0,-0.0,False,,,
2006-03-01,300750.SZ,,0,-0.0,False,,,
2006-03-02,300750.SZ,,0,-0.0,False,,,
2006-03-03,300750.SZ,,0,-0.0,False,,,
2006-03-06,300750.SZ,,0,-0.0,False,,,
2006-03-07,300750.SZ,,0,-0.0,False,,,
2006-03-08,300750.SZ,,0,-0.0,False,,,
2006-03-09,300750.SZ,,0,-0.0,False,,,
2006-03-10,300750.SZ,,0,-0.0,False,,,
2006-03-13,300750.SZ,,0,-0.0,False,,,
2006-03-14,300750.SZ,,0,-0.0,False,,,
2006-03-15,300750.SZ,,0,-0.0,False,,,
2006-03-16,300750.SZ,,0,-0.0,False,,,
2006-03-17,300750.SZ,,0,-0.0,False,,,
2006-03-20,300750.SZ,,0,-0.0,False,,,
2006-03-21,300750.SZ,,0,-0.0,False,,,
2006-03-22,300750.SZ,,0,-0.0,False,,,
2006-03-23,300750.SZ,,0,-0.0,False,,,
2006-03-24,300750.SZ,,0,-0.0,False,,,
2006-03-27,300750.SZ,,0,-0.0,False,,,
2006-03-28,300750.SZ,,0,-0.0,False,,,
2006-03-29,300750.SZ,,0,-0.0,False,,,
2006-03-30,300750.SZ,,0,-0.0,False,,,
2006-03-31,300750.SZ,,0,-0.0,False,,,
2006-04-03,300750.SZ,,0,-0.0,False,,,
2006-04-04,300750.SZ,,0,-0.0,False,,,
2006-04-05,300750.SZ,,0,-0.0,False,,,
2006-04-06,300750.SZ,,0,-0.0,False,,,
2006-04-07,300750.SZ,,0,-0.0,False,,,
2006-04-10,300750.SZ,,0,-0.0,False,,,
2006-04-11,300750.SZ,,0,-0.0,False,,,
2006-04-12,300750.SZ,,0,-0.0,False,,,
2006-04-13,300750.SZ,,0,-0.0,False,,,
2006-04-14,300750.SZ,,0,-0.0,False,,,
2006-04-17,300750.SZ,,0,-0.0,False,,,
2006-04-18,300750.SZ,,0,-0.0,False,,,
2006-04-19,300750.SZ,,0,-0.0,False,,,
2006-04-20,300750.SZ,,0,-0.0,False,,,
2006-04-21,300750.SZ,,0,-0.0,False,,,
2006-04-24,300750.SZ,,0,-0.0,False,,,
2006-04-25,300750.SZ,,0,-0.0,False,,,
2006-04-26,300750.SZ,,0,-0.0,False,,,
2006-04-27,300750.SZ,,0,-0.0,False,,,
2006-04-28,300750.SZ,,0,-0.0,False,,,
2006-05-08,300750.SZ,,0,-0.0,False,,,
2006-05-09,300750.SZ,,0,-0.0,False,,,
2006-05-10,300750.SZ,,0,-0.0,False,,,
2006-05-11,300750.SZ,,0,-0.0,False,,,
2006-05-12,300750.SZ,,0,-0.0,False,,,
2006-05-15,300750.SZ,,0,-0.0,False,,,
2006-05-16,300750.SZ,,0,-0.0,False,,,
2006-05-17,300750.SZ,,0,-0.0,False,,,
2006-05-18,300750.SZ,,0,-0.0,False,,,
2006-05-19,300750.SZ,,0,-0.0,False,,,
2006-05-22,300750.SZ,,0,-0.0,False,,,
2006-05-23,300750.SZ,,0,-0.0,False,,,
2006-05-24,300750.SZ,,0,-0.0,False,,,
2006-05-25,300750.SZ,,0,-0.0,False,,,
2006-05-26,300750.SZ,,0,-0.0,False,,,
2006-05-29,300750.SZ,,0,-0.0,False,,,
2006-05-30,300750.SZ,,0,-0.0,False,,,
2006-05-31,300750.SZ,,0,-0.0,False,,,
2006-06-01,300750.SZ,,0,-0.0,False,,,
2006-06-02,300750.SZ,,0,-0.0,False,,,
2006-06-05,300750.SZ,,0,-0.0,False,,,
2006-06-06,300750.SZ,,0,-0.0,False,,,
2006-06-07,300750.SZ,,0,-0.0,False,,,
2006-06-08,300750.SZ,,0,-0.0,False,,,
2006-06-09,300750.SZ,,0,-0.0,False,,,
2006-06-12,300750.SZ,,0,-0.0,False,,,
2006-06-13,300750.SZ,,0,-0.0,False,,,
2006-06-14,300750.SZ,,0,-0.0,False,,,
2006-06-15,300750.SZ,,0,-0.0,False,,,
2006-06-16,300750.SZ,,0,-0.0,False,,,
2006-06-19,300750.SZ,,0,-0.0,False,,,
2006-06-20,300750.SZ,,0,-0.0,False,,,
2006-06-21,300750.SZ,,0,-0.0,False,,,
2006-06-22,300750.SZ,,0,-0.0,False,,,
2006-06-23,300750.SZ,,0,-0.0,False,,,
2006-06-26,300750.SZ,,0,-0.0,False,,,
2006-06-27,300750.SZ,,0,-0.0,False,,,
2006-06-28,300750.SZ,,0,-0.0,False,,,
2006-06-29,300750.SZ,,0,-0.0,False,,,
2006-06-30,300750.SZ,,0,-0.0,False,,,
2006-07-03,300750.SZ,,0,-0.0,False,,,
2006-07-04,300750.SZ,,0,-0.0,False,,,
2006-07-05,300750.SZ,,0,-0.0,False,,,
2006-07-06,300750.SZ,,0,-0.0,False,,,
2006-07-07,300750.SZ,,0,-0.0,False,,,
2006-07-10,300750.SZ,,0,-0.0,False,,,
2006-07-11,300750.SZ,,0,-0.0,False,,,
2006-07-12,300750.SZ,,0,-0.0,False,,,
2006-07-13,300750.SZ,,0,-0.0,False,,,
2006-07-14,300750.SZ,,0,-0.0,False,,,
2006-07-17,300750.SZ,,0,-0.0,False,,,
2006-07-18,300750.SZ,,0,-0.0,False,,,
2006-07-19,300750.SZ,,0,-0.0,False,,,
2006-07-20,300750.SZ,,0,-0.0,False,,,
2006-07-21,300750.SZ,,0,-0.0,False,,,
2006-07-24,300750.SZ,,0,-0.0,False,,,
2006-07-25,300750.SZ,,0,-0.0,False,,,
2006-07-26,300750.SZ,,0,-0.0,False,,,
2006-07-27,300750.SZ,,0,-0.0,False,,,
2006-07-28,300750.SZ,,0,-0.0,False,,,
2006-07-31,300750.SZ,,0,-0.0,False,,,
2006-08-01,300750.SZ,,0,-0.0,False,,,
2006-08-02,300750.SZ,,0,-0.0,False,,,
2006-08-03,300750.SZ,,0,-0.0,False,,,
2006-08-04,300750.SZ,,0,-0.0,False,,,
2006-08-07,300750.SZ,,0,-0.0,False,,,
2006-08-08,300750.SZ,,0,-0.0,False,,,
2006-08-09,300750.SZ,,0,-0.0,False,,,
2006-08-10,300750.SZ,,0,-0.0,False,,,
2006-08-11,300750.SZ,,0,-0.0,False,,,
2006-08-14,300750.SZ,,0,-0.0,False,,,
2006-08-15,300750.SZ,,0,-0.0,False,,,
2006-08-16,300750.SZ,,0,-0.0,False,,,
2006-08-17,300750.SZ,,0,-0.0,False,,,
2006-08-18,300750.SZ,,0,-0.0,False,,,
2006-08-21,300750.SZ,,0,-0.0,False,,,
2006-08-22,300750.SZ,,0,-0.0,False,,,
2006-08-23,300750.SZ,,0,-0.0,False,,,
2006-08-24,300750.SZ,,0,-0.0,False,,,
2006-08-25,300750.SZ,,0,-0.0,False,,,
2006-08-28,300750.SZ,,0,-0.0,False,,,
2006-08-29,300750.SZ,,0,-0.0,False,,,
2006-08-30,300750.SZ,,0,-0.0,False,,,
2006-08-31,300750.SZ,,0,-0.0,False,,,
2006-09-01,300750.SZ,,0,-0.0,False,,,
2006-09-04,300750.SZ,,0,-0.0,False,,,
2006-09-05,300750.SZ,,0,-0.0,False,,,
2006-09-06,300750.SZ,,0,-0.0,False,,,
2006-09-07,300750.SZ,,0,-0.0,False,,,
2006-09-08,300750.SZ,,0,-0.0,False,,,
2006-09-11,300750.SZ,,0,-0.0,False,,,
2006-09-12,300750.SZ,,0,-0.0,False,,,
2006-09-13,300750.SZ,,0,-0.0,False,,,
2006-09-14,300750.SZ,,0,-0.0,False,,,
2006-09-15,300750.SZ,,0,-0.0,False,,,
2006-09-18,300750.SZ,,0,-0.0,False,,,
2006-09-19,300750.SZ,,0,-0.0,False,,,
2006-09-20,300750.SZ,,0,-0.0,False,,,
2006-09-21,300750.SZ,,0,-0.0,False,,,
2006-09-22,300750.SZ,,0,-0.0,False,,,
2006-09-25,300750.SZ,,0,-0.0,False,,,
2006-09-26,300750.SZ,,0,-0.0,False,,,
2006-09-27,300750.SZ,,0,-0.0,False,,,
2006-09-28,300750.SZ,,0,-0.0,False,,,
2006-09-29,300750.SZ,,0,-0.0,False,,,
2006-10-09,300750.SZ,,0,-0.0,False,,,
2006-10-10,300750.SZ,,0,-0.0,False,,,
2006-10-11,300750.SZ,,0,-0.0,False,,,
2006-10-12,300750.SZ,,0,-0.0,False,,,
2006-10-13,300750.SZ,,0,-0.0,False,,,
2006-10-16,300750.SZ,,0,-0.0,False,,,
2006-10-17,300750.SZ,,0,-0.0,False,,,
2006-10-18,300750.SZ,,0,-0.0,False,,,
2006-10-19,300750.SZ,,0,-0.0,False,,,
2006-10-20,300750.SZ,,0,-0.0,False,,,
2006-10-23,300750.SZ,,0,-0.0,False,,,
2006-10-24,300750.SZ,,0,-0.0,False,,,
2006-10-25,300750.SZ,,0,-0.0,False,,,
2006-10-26,300750.SZ,,0,-0.0,False,,,
2006-10-27,300750.SZ,,0,-0.0,False,,,
2006-10-30,300750.SZ,,0,-0.0,False,,,
2006-10-31,300750.SZ,,0,-0.0,False,,,
2006-11-01,300750.SZ,,0,-0.0,False,,,
2006-11-02,300750.SZ,,0,-0.0,False,,,
2006-11-03,300750.SZ,,0,-0.0,False,,,
2006-11-06,300750.SZ,,0,-0.0,False,,,
2006-11-07,300750.SZ,,0,-0.0,False,,,
2006-11-08,300750.SZ,,0,-0.0,False,,,
2006-11-09,300750.SZ,,0,-0.0,False,,,
2006-11-10,300750.SZ,,0,-0.0,False,,,
2006-11-13,300750.SZ,,0,-0.0,False,,,
2006-11-14,300750.SZ,,0,-0.0,False,,,
2006-11-15,300750.SZ,,0,-0.0,False,,,
2006-11-16,300750.SZ,,0,-0.0,False,,,
2006-11-17,300750.SZ,,0,-0.0,False,,,
2006-11-20,300750.SZ,,0,-0.0,False,,,
2006-11-21,300750.SZ,,0,-0.0,False,,,
2006-11-22,300750.SZ,,0,-0.0,False,,,
2006-11-23,300750.SZ,,0,-0.0,False,,,
2006-11-24,300750.SZ,,0,-0.0,False,,,
2006-11-27,300750.SZ,,0,-0.0,False,,,
2006-11-28,300750.SZ,,0,-0.0,False,,,
2006-11-29,300750.SZ,,0,-0.0,False,,,
2006-11-30,300750.SZ,,0,-0.0,False,,,
2006-12-01,300750.SZ,,0,-0.0,False,,,
2006-12-04,300750.SZ,,0,-0.0,False,,,
2006-12-05,300750.SZ,,0,-0.0,False,,,
2006-12-06,300750.SZ,,0,-0.0,False,,,
2006-12-07,300750.SZ,,0,-0.0,False,,,
2006-12-08,300750.SZ,,0,-0.0,False,,,
2006-12-11,300750.SZ,,0,-0.0,False,,,
2006-12-12,300750.SZ,,0,-0.0,False,,,
2006-12-13,300750.SZ,,0,-0.0,False,,,
2006-12-14,300750.SZ,,0,-0.0,False,,,
2006-12-15,300750.SZ,,0,-0.0,False,,,
2006-12-18,300750.SZ,,0,-0.0,False,,,
2006-12-19,300750.SZ,,0,-0.0,False,,,
2006-12-20,300750.SZ,,0,-0.0,False,,,
2006-12-21,300750.SZ,,0,-0.0,False,,,
2006-12-22,300750.SZ,,0,-0.0,False,,,
2006-12-25,300750.SZ,,0,-0.0,False,,,
2006-12-26,300750.SZ,,0,-0.0,False,,,
2006-12-27,300750.SZ,,0,-0.0,False,,,
2006-12-28,300750.SZ,,0,-0.0,False,,,
2006-12-29,300750.SZ,,0,-0.0,False,,,
2007-01-04,300750.SZ,,0,-0.0,False,,,
2007-01-05,300750.SZ,,0,-0.0,False,,,
2007-01-08,300750.SZ,,0,-0.0,False,,,
2007-01-09,300750.SZ,,0,-0.0,False,,,
2007-01-10,300750.SZ,,0,-0.0,False,,,
2007-01-11,300750.SZ,,0,-0.0,False,,,
2007-01-12,300750.SZ,,0,-0.0,False,,,
2007-01-15,300750.SZ,,0,-0.0,False,,,
2007-01-16,300750.SZ,,0,-0.0,False,,,
2007-01-17,300750.SZ,,0,-0.0,False,,,
2007-01-18,300750.SZ,,0,-0.0,False,,,
2007-01-19,300750.SZ,,0,-0.0,False,,,
2007-01-22,300750.SZ,,0,-0.0,False,,,
2007-01-23,300750.SZ,,0,-0.0,False,,,
2007-01-24,300750.SZ,,0,-0.0,False,,,
2007-01-25,300750.SZ,,0,-0.0,False,,,
2007-01-26,300750.SZ,,0,-0.0,False,,,
2007-01-29,300750.SZ,,0,-0.0,False,,,
2007-01-30,300750.SZ,,0,-0.0,False,,,
2007-01-31,300750.SZ,,0,-0.0,False,,,
2007-02-01,300750.SZ,,0,-0.0,False,,,
2007-02-02,300750.SZ,,0,-0.0,False,,,
2007-02-05,300750.SZ,,0,-0.0,False,,,
2007-02-06,300750.SZ,,0,-0.0,False,,,
2007-02-07,300750.SZ,,0,-0.0,False,,,
2007-02-08,300750.SZ,,0,-0.0,False,,,
2007-02-09,300750.SZ,,0,-0.0,False,,,
2007-02-12,300750.SZ,,0,-0.0,False,,,
2007-02-13,300750.SZ,,0,-0.0,False,,,
2007-02-14,300750.SZ,,0,-0.0,False,,,
2007-02-15,300750.SZ,,0,-0.0,False,,,
2007-02-16,300750.SZ,,0,-0.0,False,,,
2007-02-26,300750.SZ,,0,-0.0,False,,,
2007-02-27,300750.SZ,,0,-0.0,False,,,
2007-02-28,300750.SZ,,0,-0.0,False,,,
2007-03-01,300750.SZ,,0,-0.0,False,,,
2007-03-02,300750.SZ,,0,-0.0,False,,,
2007-03-05,300750.SZ,,0,-0.0,False,,,
2007-03-06,300750.SZ,,0,-0.0,False,,,
2007-03-07,300750.SZ,,0,-0.0,False,,,
2007-03-08,300750.SZ,,0,-0.0,False,,,
2007-03-09,300750.SZ,,0,-0.0,False,,,
2007-03-12,300750.SZ,,0,-0.0,False,,,
2007-03-13,300750.SZ,,0,-0.0,False,,,
2007-03-14,300750.SZ,,0,-0.0,False,,,
2007-03-15,300750.SZ,,0,-0.0,False,,,
2007-03-16,300750.SZ,,0,-0.0,False,,,
2007-03-19,300750.SZ,,0,-0.0,False,,,
2007-03-20,300750.SZ,,0,-0.0,False,,,
2007-03-21,300750.SZ,,0,-0.0,False,,,
2007-03-22,300750.SZ,,0,-0.0,False,,,
2007-03-23,300750.SZ,,0,-0.0,False,,,
2007-03-26,300750.SZ,,0,-0.0,False,,,
2007-03-27,300750.SZ,,0,-0.0,False,,,
2007-03-28,300750.SZ,,0,-0.0,False,,,
2007-03-29,300750.SZ,,0,-0.0,False,,,
2007-03-30,300750.SZ,,0,-0.0,False,,,
2007-04-02,300750.SZ,,0,-0.0,False,,,
2007-04-03,300750.SZ,,0,-0.0,False,,,
2007-04-04,300750.SZ,,0,-0.0,False,,,
2007-04-05,300750.SZ,,0,-0.0,False,,,
2007-04-06,300750.SZ,,0,-0.0,False,,,
2007-04-09,300750.SZ,,0,-0.0,False,,,
2007-04-10,300750.SZ,,0,-0.0,False,,,
2007-04-11,300750.SZ,,0,-0.0,False,,,
2007-04-12,300750.SZ,,0,-0.0,False,,,
2007-04-13,300750.SZ,,0,-0.0,False,,,
2007-04-16,300750.SZ,,0,-0.0,False,,,
2007-04-17,300750.SZ,,0,-0.0,False,,,
2007-04-18,300750.SZ,,0,-0.0,False,,,
2007-04-19,300750.SZ,,0,-0.0,False,,,
2007-04-20,300750.SZ,,0,-0.0,False,,,
2007-04-23,300750.SZ,,0,-0.0,False,,,
2007-04-24,300750.SZ,,0,-0.0,False,,,
2007-04-25,300750.SZ,,0,-0.0,False,,,
2007-04-26,300750.SZ,,0,-0.0,False,,,
2007-04-27,300750.SZ,,0,-0.0,False,,,
2007-04-30,300750.SZ,,0,-0.0,False,,,
2007-05-08,300750.SZ,,0,-0.0,False,,,
2007-05-09,300750.SZ,,0,-0.0,False,,,
2007-05-10,300750.SZ,,0,-0.0,False,,,
2007-05-11,300750.SZ,,0,-0.0,False,,,
2007-05-14,300750.SZ,,0,-0.0,False,,,
2007-05-15,300750.SZ,,0,-0.0,False,,,
2007-05-16,300750.SZ,,0,-0.0,False,,,
2007-05-17,300750.SZ,,0,-0.0,False,,,
2007-05-18,300750.SZ,,0,-0.0,False,,,
2007-05-21,300750.SZ,,0,-0.0,False,,,
2007-05-22,300750.SZ,,0,-0.0,False,,,
2007-05-23,300750.SZ,,0,-0.0,False,,,
2007-05-24,300750.SZ,,0,-0.0,False,,,
2007-05-25,300750.SZ,,0,-0.0,False,,,
2007-05-28,300750.SZ,,0,-0.0,False,,,
2007-05-29,300750.SZ,,0,-0.0,False,,,
2007-05-30,300750.SZ,,0,-0.0,False,,,
2007-05-31,300750.SZ,,0,-0.0,False,,,
2007-06-01,300750.SZ,,0,-0.0,False,,,
2007-06-04,300750.SZ,,0,-0.0,False,,,
2007-06-05,300750.SZ,,0,-0.0,False,,,
2007-06-06,300750.SZ,,0,-0.0,False,,,
2007-06-07,300750.SZ,,0,-0.0,False,,,
2007-06-08,300750.SZ,,0,-0.0,False,,,
2007-06-11,300750.SZ,,0,-0.0,False,,,
2007-06-12,300750.SZ,,0,-0.0,False,,,
2007-06-13,300750.SZ,,0,-0.0,False,,,
2007-06-14,300750.SZ,,0,-0.0,False,,,
2007-06-15,300750.SZ,,0,-0.0,False,,,
2007-06-18,300750.SZ,,0,-0.0,False,,,
2007-06-19,300750.SZ,,0,-0.0,False,,,
2007-06-20,300750.SZ,,0,-0.0,False,,,
2007-06-21,300750.SZ,,0,-0.0,False,,,
2007-06-22,300750.SZ,,0,-0.0,False,,,
2007-06-25,300750.SZ,,0,-0.0,False,,,
2007-06-26,300750.SZ,,0,-0.0,False,,,
2007-06-27,300750.SZ,,0,-0.0,False,,,
2007-06-28,300750.SZ,,0,-0.0,False,,,
2007-06-29,300750.SZ,,0,-0.0,False,,,
2007-07-02,300750.SZ,,0,-0.0,False,,,
2007-07-03,300750.SZ,,0,-0.0,False,,,
2007-07-04,300750.SZ,,0,-0.0,False,,,
2007-07-05,300750.SZ,,0,-0.0,False,,,
2007-07-06,300750.SZ,,0,-0.0,False,,,
2007-07-09,300750.SZ,,0,-0.0,False,,,
2007-07-10,300750.SZ,,0,-0.0,False,,,
2007-07-11,300750.SZ,,0,-0.0,False,,,
2007-07-12,300750.SZ,,0,-0.0,False,,,
2007-07-13,300750.SZ,,0,-0.0,False,,,
2007-07-16,300750.SZ,,0,-0.0,False,,,
2007-07-17,300750.SZ,,0,-0.0,False,,,
2007-07-18,300750.SZ,,0,-0.0,False,,,
2007-07-19,300750.SZ,,0,-0.0,False,,,
2007-07-20,300750.SZ,,0,-0.0,False,,,
2007-07-23,300750.SZ,,0,-0.0,False,,,
2007-07-24,300750.SZ,,0,-0.0,False,,,
2007-07-25,300750.SZ,,0,-0.0,False,,,
2007-07-26,300750.SZ,,0,-0.0,False,,,
2007-07-27,300750.SZ,,0,-0.0,False,,,
2007-07-30,300750.SZ,,0,-0.0,False,,,
2007-07-31,300750.SZ,,0,-0.0,False,,,
2007-08-01,300750.SZ,,0,-0.0,False,,,
2007-08-02,300750.SZ,,0,-0.0,False,,,
2007-08-03,300750.SZ,,0,-0.0,False,,,
2007-08-06,300750.SZ,,0,-0.0,False,,,
2007-08-07,300750.SZ,,0,-0.0,False,,,
2007-08-08,300750.SZ,,0,-0.0,False,,,
2007-08-09,300750.SZ,,0,-0.0,False,,,
2007-08-10,300750.SZ,,0,-0.0,False,,,
2007-08-13,300750.SZ,,0,-0.0,False,,,
2007-08-14,300750.SZ,,0,-0.0,False,,,
2007-08-15,300750.SZ,,0,-0.0,False,,,
2007-08-16,300750.SZ,,0,-0.0,False,,,
2007-08-17,300750.SZ,,0,-0.0,False,,,
2007-08-20,300750.SZ,,0,-0.0,False,,,
2007-08-21,300750.SZ,,0,-0.0,False,,,
2007-08-22,300750.SZ,,0,-0.0,False,,,
2007-08-23,300750.SZ,,0,-0.0,False,,,
2007-08-24,300750.SZ,,0,-0.0,False,,,
2007-08-27,300750.SZ,,0,-0.0,False,,,
2007-08-28,300750.SZ,,0,-0.0,False,,,
2007-08-29,300750.SZ,,0,-0.0,False,,,
2007-08-30,300750.SZ,,0,-0.0,False,,,
2007-08-31,300750.SZ,,0,-0.0,False,,,
2007-09-03,300750.SZ,,0,-0.0,False,,,
2007-09-04,300750.SZ,,0,-0.0,False,,,
2007-09-05,300750.SZ,,0,-0.0,False,,,
2007-09-06,300750.SZ,,0,-0.0,False,,,
2007-09-07,300750.SZ,,0,-0.0,False,,,
2007-09-10,300750.SZ,,0,-0.0,False,,,
2007-09-11,300750.SZ,,0,-0.0,False,,,
2007-09-12,300750.SZ,,0,-0.0,False,,,
2007-09-13,300750.SZ,,0,-0.0,False,,,
2007-09-14,300750.SZ,,0,-0.0,False,,,
2007-09-17,300750.SZ,,0,-0.0,False,,,
2007-09-18,300750.SZ,,0,-0.0,False,,,
2007-09-19,300750.SZ,,0,-0.0,False,,,
2007-09-20,300750.SZ,,0,-0.0,False,,,
2007-09-21,300750.SZ,,0,-0.0,False,,,
2007-09-24,300750.SZ,,0,-0.0,False,,,
2007-09-25,300750.SZ,,0,-0.0,False,,,
2007-09-26,300750.SZ,,0,-0.0,False,,,
2007-09-27,300750.SZ,,0,-0.0,False,,,
2007-09-28,300750.SZ,,0,-0.0,False,,,
2007-10-08,300750.SZ,,0,-0.0,False,,,
2007-10-09,300750.SZ,,0,-0.0,False,,,
2007-10-10,300750.SZ,,0,-0.0,False,,,
2007-10-11,300750.SZ,,0,-0.0,False,,,
2007-10-12,300750.SZ,,0,-0.0,False,,,
2007-10-15,300750.SZ,,0,-0.0,False,,,
2007-10-16,300750.SZ,,0,-0.0,False,,,
2007-10-17,300750.SZ,,0,-0.0,False,,,
2007-10-18,300750.SZ,,0,-0.0,False,,,
2007-10-19,300750.SZ,,0,-0.0,False,,,
2007-10-22,300750.SZ,,0,-0.0,False,,,
2007-10-23,300750.SZ,,0,-0.0,False,,,
2007-10-24,300750.SZ,,0,-0.0,False,,,
2007-10-25,300750.SZ,,0,-0.0,False,,,
2007-10-26,300750.SZ,,0,-0.0,False,,,
2007-10-29,300750.SZ,,0,-0.0,False,,,
2007-10-30,300750.SZ,,0,-0.0,False,,,
2007-10-31,300750.SZ,,0,-0.0,False,,,
2007-11-01,300750.SZ,,0,-0.0,False,,,
2007-11-02,300750.SZ,,0,-0.0,False,,,
2007-11-05,300750.SZ,,0,-0.0,False,,,
2007-11-06,300750.SZ,,0,-0.0,False,,,
2007-11-07,300750.SZ,,0,-0.0,False,,,
2007-11-08,300750.SZ,,0,-0.0,False,,,
2007-11-09,300750.SZ,,0,-0.0,False,,,
2007-11-12,300750.SZ,,0,-0.0,False,,,
2007-11-13,300750.SZ,,0,-0.0,False,,,
2007-11-14,300750.SZ,,0,-0.0,False,,,
2007-11-15,300750.SZ,,0,-0.0,False,,,
2007-11-16,300750.SZ,,0,-0.0,False,,,
2007-11-19,300750.SZ,,0,-0.0,False,,,
2007-11-20,300750.SZ,,0,-0.0,False,,,
2007-11-21,300750.SZ,,0,-0.0,False,,,
2007-11-22,300750.SZ,,0,-0.0,False,,,
2007-11-23,300750.SZ,,0,-0.0,False,,,
2007-11-26,300750.SZ,,0,-0.0,False,,,
2007-11-27,300750.SZ,,0,-0.0,False,,,
2007-11-28,300750.SZ,,0,-0.0,False,,,
2007-11-29,300750.SZ,,0,-0.0,False,,,
2007-11-30,300750.SZ,,0,-0.0,False,,,
2007-12-03,300750.SZ,,0,-0.0,False,,,
2007-12-04,300750.SZ,,0,-0.0,False,,,
2007-12-05,300750.SZ,,0,-0.0,False,,,
2007-12-06,300750.SZ,,0,-0.0,False,,,
2007-12-07,300750.SZ,,0,-0.0,False,,,
2007-12-10,300750.SZ,,0,-0.0,False,,,
2007-12-11,300750.SZ,,0,-0.0,False,,,
2007-12-12,300750.SZ,,0,-0.0,False,,,
2007-12-13,300750.SZ,,0,-0.0,False,,,
2007-12-14,300750.SZ,,0,-0.0,False,,,
2007-12-17,300750.SZ,,0,-0.0,False,,,
2007-12-18,300750.SZ,,0,-0.0,False,,,
2007-12-19,300750.SZ,,0,-0.0,False,,,
2007-12-20,300750.SZ,,0,-0.0,False,,,
2007-12-21,300750.SZ,,0,-0.0,False,,,
2007-12-24,300750.SZ,,0,-0.0,False,,,
2007-12-25,300750.SZ,,0,-0.0,False,,,
2007-12-26,300750.SZ,,0,-0.0,False,,,
2007-12-27,300750.SZ,,0,-0.0,False,,,
2007-12-28,300750.SZ,,0,-0.0,False,,,
2008-01-02,300750.SZ,,0,-0.0,False,,,
2008-01-03,300750.SZ,,0,-0.0,False,,,
2008-01-04,300750.SZ,,0,-0.0,False,,,
2008-01-07,300750.SZ,,0,-0.0,False,,,
2008-01-08,300750.SZ,,0,-0.0,False,,,
2008-01-09,300750.SZ,,0,-0.0,False,,,
2008-01-10,300750.SZ,,0,-0.0,False,,,
2008-01-11,300750.SZ,,0,-0.0,False,,,
2008-01-14,300750.SZ,,0,-0.0,False,,,
2008-01-15,300750.SZ,,0,-0.0,False,,,
2008-01-16,300750.SZ,,0,-0.0,False,,,
2008-01-17,300750.SZ,,0,-0.0,False,,,
2008-01-18,300750.SZ,,0,-0.0,False,,,
2008-01-21,300750.SZ,,0,-0.0,False,,,
2008-01-22,300750.SZ,,0,-0.0,False,,,
2008-01-23,300750.SZ,,0,-0.0,False,,,
2008-01-24,300750.SZ,,0,-0.0,False,,,
2008-01-25,300750.SZ,,0,-0.0,False,,,
2008-01-28,300750.SZ,,0,-0.0,False,,,
2008-01-29,300750.SZ,,0,-0.0,False,,,
2008-01-30,300750.SZ,,0,-0.0,False,,,
2008-01-31,300750.SZ,,0,-0.0,False,,,
2008-02-01,300750.SZ,,0,-0.0,False,,,
2008-02-04,300750.SZ,,0,-0.0,False,,,
2008-02-05,300750.SZ,,0,-0.0,False,,,
2008-02-13,300750.SZ,,0,-0.0,False,,,
2008-02-14,300750.SZ,,0,-0.0,False,,,
2008-02-15,300750.SZ,,0,-0.0,False,,,
2008-02-18,300750.SZ,,0,-0.0,False,,,
2008-02-19,300750.SZ,,0,-0.0,False,,,
2008-02-20,300750.SZ,,0,-0.0,False,,,
2008-02-21,300750.SZ,,0,-0.0,False,,,
2008-02-22,300750.SZ,,0,-0.0,False,,,
2008-02-25,300750.SZ,,0,-0.0,False,,,
2008-02-26,300750.SZ,,0,-0.0,False,,,
2008-02-27,300750.SZ,,0,-0.0,False,,,
2008-02-28,300750.SZ,,0,-0.0,False,,,
2008-02-29,300750.SZ,,0,-0.0,False,,,
2008-03-03,300750.SZ,,0,-0.0,False,,,
2008-03-04,300750.SZ,,0,-0.0,False,,,
2008-03-05,300750.SZ,,0,-0.0,False,,,
2008-03-06,300750.SZ,,0,-0.0,False,,,
2008-03-07,300750.SZ,,0,-0.0,False,,,
2008-03-10,300750.SZ,,0,-0.0,False,,,
2008-03-11,300750.SZ,,0,-0.0,False,,,
2008-03-12,300750.SZ,,0,-0.0,False,,,
2008-03-13,300750.SZ,,0,-0.0,False,,,
2008-03-14,300750.SZ,,0,-0.0,False,,,
2008-03-17,300750.SZ,,0,-0.0,False,,,
2008-03-18,300750.SZ,,0,-0.0,False,,,
2008-03-19,300750.SZ,,0,-0.0,False,,,
2008-03-20,300750.SZ,,0,-0.0,False,,,
2008-03-21,300750.SZ,,0,-0.0,False,,,
2008-03-24,300750.SZ,,0,-0.0,False,,,
2008-03-25,300750.SZ,,0,-0.0,False,,,
2008-03-26,300750.SZ,,0,-0.0,False,,,
2008-03-27,300750.SZ,,0,-0.0,False,,,
2008-03-28,300750.SZ,,0,-0.0,False,,,
2008-03-31,300750.SZ,,0,-0.0,False,,,
2008-04-01,300750.SZ,,0,-0.0,False,,,
2008-04-02,300750.SZ,,0,-0.0,False,,,
2008-04-03,300750.SZ,,0,-0.0,False,,,
2008-04-07,300750.SZ,,0,-0.0,False,,,
2008-04-08,300750.SZ,,0,-0.0,False,,,
2008-04-09,300750.SZ,,0,-0.0,False,,,
2008-04-10,300750.SZ,,0,-0.0,False,,,
2008-04-11,300750.SZ,,0,-0.0,False,,,
2008-04-14,300750.SZ,,0,-0.0,False,,,
2008-04-15,300750.SZ,,0,-0.0,False,,,
2008-04-16,300750.SZ,,0,-0.0,False,,,
2008-04-17,300750.SZ,,0,-0.0,False,,,
2008-04-18,300750.SZ,,0,-0.0,False,,,
2008-04-21,300750.SZ,,0,-0.0,False,,,
2008-04-22,300750.SZ,,0,-0.0,False,,,
2008-04-23,300750.SZ,,0,-0.0,False,,,
2008-04-24,300750.SZ,,0,-0.0,False,,,
2008-04-25,300750.SZ,,0,-0.0,False,,,
2008-04-28,300750.SZ,,0,-0.0,False,,,
2008-04-29,300750.SZ,,0,-0.0,False,,,
2008-04-30,300750.SZ,,0,-0.0,False,,,
2008-05-05,300750.SZ,,0,-0.0,False,,,
2008-05-06,300750.SZ,,0,-0.0,False,,,
2008-05-07,300750.SZ,,0,-0.0,False,,,
2008-05-08,300750.SZ,,0,-0.0,False,,,
2008-05-09,300750.SZ,,0,-0.0,False,,,
2008-05-12,300750.SZ,,0,-0.0,False,,,
2008-05-13,300750.SZ,,0,-0.0,False,,,
2008-05-14,300750.SZ,,0,-0.0,False,,,
2008-05-15,300750.SZ,,0,-0.0,False,,,
2008-05-16,300750.SZ,,0,-0.0,False,,,
2008-05-19,300750.SZ,,0,-0.0,False,,,
2008-05-20,300750.SZ,,0,-0.0,False,,,
2008-05-21,300750.SZ,,0,-0.0,False,,,
2008-05-22,300750.SZ,,0,-0.0,False,,,
2008-05-23,300750.SZ,,0,-0.0,False,,,
2008-05-26,300750.SZ,,0,-0.0,False,,,
2008-05-27,300750.SZ,,0,-0.0,False,,,
2008-05-28,300750.SZ,,0,-0.0,False,,,
2008-05-29,300750.SZ,,0,-0.0,False,,,
2008-05-30,300750.SZ,,0,-0.0,False,,,
2008-06-02,300750.SZ,,0,-0.0,False,,,
2008-06-03,300750.SZ,,0,-0.0,False,,,
2008-06-04,300750.SZ,,0,-0.0,False,,,
2008-06-05,300750.SZ,,0,-0.0,False,,,
2008-06-06,300750.SZ,,0,-0.0,False,,,
2008-06-10,300750.SZ,,0,-0.0,False,,,
2008-06-11,300750.SZ,,0,-0.0,False,,,
2008-06-12,300750.SZ,,0,-0.0,False,,,
2008-06-13,300750.SZ,,0,-0.0,False,,,
2008-06-16,300750.SZ,,0,-0.0,False,,,
2008-06-17,300750.SZ,,0,-0.0,False,,,
2008-06-18,300750.SZ,,0,-0.0,False,,,
2008-06-19,300750.SZ,,0,-0.0,False,,,
2008-06-20,300750.SZ,,0,-0.0,False,,,
2008-06-23,300750.SZ,,0,-0.0,False,,,
2008-06-24,300750.SZ,,0,-0.0,False,,,
2008-06-25,300750.SZ,,0,-0.0,False,,,
2008-06-26,300750.SZ,,0,-0.0,False,,,
2008-06-27,300750.SZ,,0,-0.0,False,,,
2008-06-30,300750.SZ,,0,-0.0,False,,,
2008-07-01,300750.SZ,,0,-0.0,False,,,
2008-07-02,300750.SZ,,0,-0.0,False,,,
2008-07-03,300750.SZ,,0,-0.0,False,,,
2008-07-04,300750.SZ,,0,-0.0,False,,,
2008-07-07,300750.SZ,,0,-0.0,False,,,
2008-07-08,300750.SZ,,0,-0.0,False,,,
2008-07-09,300750.SZ,,0,-0.0,False,,,
2008-07-10,300750.SZ,,0,-0.0,False,,,
2008-07-11,300750.SZ,,0,-0.0,False,,,
2008-07-14,300750.SZ,,0,-0.0,False,,,
2008-07-15,300750.SZ,,0,-0.0,False,,,
2008-07-16,300750.SZ,,0,-0.0,False,,,
2008-07-17,300750.SZ,,0,-0.0,False,,,
2008-07-18,300750.SZ,,0,-0.0,False,,,
2008-07-21,300750.SZ,,0,-0.0,False,,,
2008-07-22,300750.SZ,,0,-0.0,False,,,
2008-07-23,300750.SZ,,0,-0.0,False,,,
2008-07-24,300750.SZ,,0,-0.0,False,,,
2008-07-25,300750.SZ,,0,-0.0,False,,,
2008-07-28,300750.SZ,,0,-0.0,False,,,
2008-07-29,300750.SZ,,0,-0.0,False,,,
2008-07-30,300750.SZ,,0,-0.0,False,,,
2008-07-31,300750.SZ,,0,-0.0,False,,,
2008-08-01,300750.SZ,,0,-0.0,False,,,
2008-08-04,300750.SZ,,0,-0.0,False,,,
2008-08-05,300750.SZ,,0,-0.0,False,,,
2008-08-06,300750.SZ,,0,-0.0,False,,,
2008-08-07,300750.SZ,,0,-0.0,False,,,
2008-08-08,300750.SZ,,0,-0.0,False,,,
2008-08-11,300750.SZ,,0,-0.0,False,,,
2008-08-12,300750.SZ,,0,-0.0,False,,,
2008-08-13,300750.SZ,,0,-0.0,False,,,
2008-08-14,300750.SZ,,0,-0.0,False,,,
2008-08-15,300750.SZ,,0,-0.0,False,,,
2008-08-18,300750.SZ,,0,-0.0,False,,,
2008-08-19,300750.SZ,,0,-0.0,False,,,
2008-08-20,300750.SZ,,0,-0.0,False,,,
2008-08-21,300750.SZ,,0,-0.0,False,,,
2008-08-22,300750.SZ,,0,-0.0,False,,,
2008-08-25,300750.SZ,,0,-0.0,False,,,
2008-08-26,300750.SZ,,0,-0.0,False,,,
2008-08-27,300750.SZ,,0,-0.0,False,,,
2008-08-28,300750.SZ,,0,-0.0,False,,,
2008-08-29,300750.SZ,,0,-0.0,False,,,
2008-09-01,300750.SZ,,0,-0.0,False,,,
2008-09-02,300750.SZ,,0,-0.0,False,,,
2008-09-03,300750.SZ,,0,-0.0,False,,,
2008-09-04,300750.SZ,,0,-0.0,False,,,
2008-09-05,300750.SZ,,0,-0.0,False,,,
2008-09-08,300750.SZ,,0,-0.0,False,,,
2008-09-09,300750.SZ,,0,-0.0,False,,,
2008-09-10,300750.SZ,,0,-0.0,False,,,
2008-09-11,300750.SZ,,0,-0.0,False,,,
2008-09-12,300750.SZ,,0,-0.0,False,,,
2008-09-16,300750.SZ,,0,-0.0,False,,,
2008-09-17,300750.SZ,,0,-0.0,False,,,
2008-09-18,300750.SZ,,0,-0.0,False,,,
2008-09-19,300750.SZ,,0,-0.0,False,,,
2008-09-22,300750.SZ,,0,-0.0,False,,,
2008-09-23,300750.SZ,,0,-0.0,False,,,
2008-09-24,300750.SZ,,0,-0.0,False,,,
2008-09-25,300750.SZ,,0,-0.0,False,,,
2008-09-26,300750.SZ,,0,-0.0,False,,,
2008-10-06,300750.SZ,,0,-0.0,False,,,
2008-10-07,300750.SZ,,0,-0.0,False,,,
2008-10-08,300750.SZ,,0,-0.0,False,,,
2008-10-09,300750.SZ,,0,-0.0,False,,,
2008-10-10,300750.SZ,,0,-0.0,False,,,
2008-10-13,300750.SZ,,0,-0.0,False,,,
2008-10-14,300750.SZ,,0,-0.0,False,,,
2008-10-15,300750.SZ,,0,-0.0,False,,,
2008-10-16,300750.SZ,,0,-0.0,False,,,
2008-10-17,300750.SZ,,0,-0.0,False,,,
2008-10-20,300750.SZ,,0,-0.0,False,,,
2008-10-21,300750.SZ,,0,-0.0,False,,,
2008-10-22,300750.SZ,,0,-0.0,False,,,
2008-10-23,300750.SZ,,0,-0.0,False,,,
2008-10-24,300750.SZ,,0,-0.0,False,,,
2008-10-27,300750.SZ,,0,-0.0,False,,,
2008-10-28,300750.SZ,,0,-0.0,False,,,
2008-10-29,300750.SZ,,0,-0.0,False,,,
2008-10-30,300750.SZ,,0,-0.0,False,,,
2008-10-31,300750.SZ,,0,-0.0,False,,,
2008-11-03,300750.SZ,,0,-0.0,False,,,
2008-11-04,300750.SZ,,0,-0.0,False,,,
2008-11-05,300750.SZ,,0,-0.0,False,,,
2008-11-06,300750.SZ,,0,-0.0,False,,,
2008-11-07,300750.SZ,,0,-0.0,False,,,
2008-11-10,300750.SZ,,0,-0.0,False,,,
2008-11-11,300750.SZ,,0,-0.0,False,,,
2008-11-12,300750.SZ,,0,-0.0,False,,,
2008-11-13,300750.SZ,,0,-0.0,False,,,
2008-11-14,300750.SZ,,0,-0.0,False,,,
2008-11-17,300750.SZ,,0,-0.0,False,,,
2008-11-18,300750.SZ,,0,-0.0,False,,,
2008-11-19,300750.SZ,,0,-0.0,False,,,
2008-11-20,300750.SZ,,0,-0.0,False,,,
2008-11-21,300750.SZ,,0,-0.0,False,,,
2008-11-24,300750.SZ,,0,-0.0,False,,,
2008-11-25,300750.SZ,,0,-0.0,False,,,
2008-11-26,300750.SZ,,0,-0.0,False,,,
2008-11-27,300750.SZ,,0,-0.0,False,,,
2008-11-28,300750.SZ,,0,-0.0,False,,,
2008-12-01,300750.SZ,,0,-0.0,False,,,
2008-12-02,300750.SZ,,0,-0.0,False,,,
2008-12-03,300750.SZ,,0,-0.0,False,,,
2008-12-04,300750.SZ,,0,-0.0,False,,,
2008-12-05,300750.SZ,,0,-0.0,False,,,
2008-12-08,300750.SZ,,0,-0.0,False,,,
2008-12-09,300750.SZ,,0,-0.0,False,,,
2008-12-10,300750.SZ,,0,-0.0,False,,,
2008-12-11,300750.SZ,,0,-0.0,False,,,
2008-12-12,300750.SZ,,0,-0.0,False,,,
2008-12-15,300750.SZ,,0,-0.0,False,,,
2008-12-16,300750.SZ,,0,-0.0,False,,,
2008-12-17,300750.SZ,,0,-0.0,False,,,
2008-12-18,300750.SZ,,0,-0.0,False,,,
2008-12-19,300750.SZ,,0,-0.0,False,,,
2008-12-22,300750.SZ,,0,-0.0,False,,,
2008-12-23,300750.SZ,,0,-0.0,False,,,
2008-12-24,300750.SZ,,0,-0.0,False,,,
2008-12-25,300750.SZ,,0,-0.0,False,,,
2008-12-26,300750.SZ,,0,-0.0,False,,,
2008-12-29,300750.SZ,,0,-0.0,False,,,
2008-12-30,300750.SZ,,0,-0.0,False,,,
2008-12-31,300750.SZ,,0,-0.0,False,,,
2009-01-05,300750.SZ,,0,-0.0,False,,,
2009-01-06,300750.SZ,,0,-0.0,False,,,
2009-01-07,300750.SZ,,0,-0.0,False,,,
2009-01-08,300750.SZ,,0,-0.0,False,,,
2009-01-09,300750.SZ,,0,-0.0,False,,,
2009-01-12,300750.SZ,,0,-0.0,False,,,
2009-01-13,300750.SZ,,0,-0.0,False,,,
2009-01-14,300750.SZ,,0,-0.0,False,,,
2009-01-15,300750.SZ,,0,-0.0,False,,,
2009-01-16,300750.SZ,,0,-0.0,False,,,
2009-01-19,300750.SZ,,0,-0.0,False,,,
2009-01-20,300750.SZ,,0,-0.0,False,,,
2009-01-21,300750.SZ,,0,-0.0,False,,,
2009-01-22,300750.SZ,,0,-0.0,False,,,
2009-01-23,300750.SZ,,0,-0.0,False,,,
2009-02-02,300750.SZ,,0,-0.0,False,,,
2009-02-03,300750.SZ,,0,-0.0,False,,,
2009-02-04,300750.SZ,,0,-0.0,False,,,
2009-02-05,300750.SZ,,0,-0.0,False,,,
2009-02-06,300750.SZ,,0,-0.0,False,,,
2009-02-09,300750.SZ,,0,-0.0,False,,,
2009-02-10,300750.SZ,,0,-0.0,False,,,
2009-02-11,300750.SZ,,0,-0.0,False,,,
2009-02-12,300750.SZ,,0,-0.0,False,,,
2009-02-13,300750.SZ,,0,-0.0,False,,,
2009-02-16,300750.SZ,,0,-0.0,False,,,
2009-02-17,300750.SZ,,0,-0.0,False,,,
2009-02-18,300750.SZ,,0,-0.0,False,,,
2009-02-19,300750.SZ,,0,-0.0,False,,,
2009-02-20,300750.SZ,,0,-0.0,False,,,
2009-02-23,300750.SZ,,0,-0.0,False,,,
2009-02-24,300750.SZ,,0,-0.0,False,,,
2009-02-25,300750.SZ,,0,-0.0,False,,,
2009-02-26,300750.SZ,,0,-0.0,False,,,
2009-02-27,300750.SZ,,0,-0.0,False,,,
2009-03-02,300750.SZ,,0,-0.0,False,,,
2009-03-03,300750.SZ,,0,-0.0,False,,,
2009-03-04,300750.SZ,,0,-0.0,False,,,
2009-03-05,300750.SZ,,0,-0.0,False,,,
2009-03-06,300750.SZ,,0,-0.0,False,,,
2009-03-09,300750.SZ,,0,-0.0,False,,,
2009-03-10,300750.SZ,,0,-0.0,False,,,
2009-03-11,300750.SZ,,0,-0.0,False,,,
2009-03-12,300750.SZ,,0,-0.0,False,,,
2009-03-13,300750.SZ,,0,-0.0,False,,,
2009-03-16,300750.SZ,,0,-0.0,False,,,
2009-03-17,300750.SZ,,0,-0.0,False,,,
2009-03-18,300750.SZ,,0,-0.0,False,,,
2009-03-19,300750.SZ,,0,-0.0,False,,,
2009-03-20,300750.SZ,,0,-0.0,False,,,
2009-03-23,300750.SZ,,0,-0.0,False,,,
2009-03-24,300750.SZ,,0,-0.0,False,,,
2009-03-25,300750.SZ,,0,-0.0,False,,,
2009-03-26,300750.SZ,,0,-0.0,False,,,
2009-03-27,300750.SZ,,0,-0.0,False,,,
2009-03-30,300750.SZ,,0,-0.0,False,,,
2009-03-31,300750.SZ,,0,-0.0,False,,,
2009-04-01,300750.SZ,,0,-0.0,False,,,
2009-04-02,300750.SZ,,0,-0.0,False,,,
2009-04-03,300750.SZ,,0,-0.0,False,,,
2009-04-07,300750.SZ,,0,-0.0,False,,,
2009-04-08,300750.SZ,,0,-0.0,False,,,
2009-04-09,300750.SZ,,0,-0.0,False,,,
2009-04-10,300750.SZ,,0,-0.0,False,,,
2009-04-13,300750.SZ,,0,-0.0,False,,,
2009-04-14,300750.SZ,,0,-0.0,False,,,
2009-04-15,300750.SZ,,0,-0.0,False,,,
2009-04-16,300750.SZ,,0,-0.0,False,,,
2009-04-17,300750.SZ,,0,-0.0,False,,,
2009-04-20,300750.SZ,,0,-0.0,False,,,
2009-04-21,300750.SZ,,0,-0.0,False,,,
2009-04-22,300750.SZ,,0,-0.0,False,,,
2009-04-23,300750.SZ,,0,-0.0,False,,,
2009-04-24,300750.SZ,,0,-0.0,False,,,
2009-04-27,300750.SZ,,0,-0.0,False,,,
2009-04-28,300750.SZ,,0,-0.0,False,,,
2009-04-29,300750.SZ,,0,-0.0,False,,,
2009-04-30,300750.SZ,,0,-0.0,False,,,
2009-05-04,300750.SZ,,0,-0.0,False,,,
2009-05-05,300750.SZ,,0,-0.0,False,,,
2009-05-06,300750.SZ,,0,-0.0,False,,,
2009-05-07,300750.SZ,,0,-0.0,False,,,
2009-05-08,300750.SZ,,0,-0.0,False,,,
2009-05-11,300750.SZ,,0,-0.0,False,,,
2009-05-12,300750.SZ,,0,-0.0,False,,,
2009-05-13,300750.SZ,,0,-0.0,False,,,
2009-05-14,300750.SZ,,0,-0.0,False,,,
2009-05-15,300750.SZ,,0,-0.0,False,,,
2009-05-18,300750.SZ,,0,-0.0,False,,,
2009-05-19,300750.SZ,,0,-0.0,False,,,
2009-05-20,300750.SZ,,0,-0.0,False,,,
2009-05-21,300750.SZ,,0,-0.0,False,,,
2009-05-22,300750.SZ,,0,-0.0,False,,,
2009-05-25,300750.SZ,,0,-0.0,False,,,
2009-05-26,300750.SZ,,0,-0.0,False,,,
2009-05-27,300750.SZ,,0,-0.0,False,,,
2009-06-01,300750.SZ,,0,-0.0,False,,,
2009-06-02,300750.SZ,,0,-0.0,False,,,
2009-06-03,300750.SZ,,0,-0.0,False,,,
2009-06-04,300750.SZ,,0,-0.0,False,,,
2009-06-05,300750.SZ,,0,-0.0,False,,,
2009-06-08,300750.SZ,,0,-0.0,False,,,
2009-06-09,300750.SZ,,0,-0.0,False,,,
2009-06-10,300750.SZ,,0,-0.0,False,,,
2009-06-11,300750.SZ,,0,-0.0,False,,,
2009-06-12,300750.SZ,,0,-0.0,False,,,
2009-06-15,300750.SZ,,0,-0.0,False,,,
2009-06-16,300750.SZ,,0,-0.0,False,,,
2009-06-17,300750.SZ,,0,-0.0,False,,,
2009-06-18,300750.SZ,,0,-0.0,False,,,
2009-06-19,300750.SZ,,0,-0.0,False,,,
2009-06-22,300750.SZ,,0,-0.0,False,,,
2009-06-23,300750.SZ,,0,-0.0,False,,,
2009-06-24,300750.SZ,,0,-0.0,False,,,
2009-06-25,300750.SZ,,0,-0.0,False,,,
2009-06-26,300750.SZ,,0,-0.0,False,,,
2009-06-29,300750.SZ,,0,-0.0,False,,,
2009-06-30,300750.SZ,,0,-0.0,False,,,
2009-07-01,300750.SZ,,0,-0.0,False,,,
2009-07-02,300750.SZ,,0,-0.0,False,,,
2009-07-03,300750.SZ,,0,-0.0,False,,,
2009-07-06,300750.SZ,,0,-0.0,False,,,
2009-07-07,300750.SZ,,0,-0.0,False,,,
2009-07-08,300750.SZ,,0,-0.0,False,,,
2009-07-09,300750.SZ,,0,-0.0,False,,,
2009-07-10,300750.SZ,,0,-0.0,False,,,
2009-07-13,300750.SZ,,0,-0.0,False,,,
2009-07-14,300750.SZ,,0,-0.0,False,,,
2009-07-15,300750.SZ,,0,-0.0,False,,,
2009-07-16,300750.SZ,,0,-0.0,False,,,
2009-07-17,300750.SZ,,0,-0.0,False,,,
2009-07-20,300750.SZ,,0,-0.0,False,,,
2009-07-21,300750.SZ,,0,-0.0,False,,,
2009-07-22,300750.SZ,,0,-0.0,False,,,
2009-07-23,300750.SZ,,0,-0.0,False,,,
2009-07-24,300750.SZ,,0,-0.0,False,,,
2009-07-27,300750.SZ,,0,-0.0,False,,,
2009-07-28,300750.SZ,,0,-0.0,False,,,
2009-07-29,300750.SZ,,0,-0.0,False,,,
2009-07-30,300750.SZ,,0,-0.0,False,,,
2009-07-31,300750.SZ,,0,-0.0,False,,,
2009-08-03,300750.SZ,,0,-0.0,False,,,
2009-08-04,300750.SZ,,0,-0.0,False,,,
2009-08-05,300750.SZ,,0,-0.0,False,,,
2009-08-06,300750.SZ,,0,-0.0,False,,,
2009-08-07,300750.SZ,,0,-0.0,False,,,
2009-08-10,300750.SZ,,0,-0.0,False,,,
2009-08-11,300750.SZ,,0,-0.0,False,,,
2009-08-12,300750.SZ,,0,-0.0,False,,,
2009-08-13,300750.SZ,,0,-0.0,False,,,
2009-08-14,300750.SZ,,0,-0.0,False,,,
2009-08-17,300750.SZ,,0,-0.0,False,,,
2009-08-18,300750.SZ,,0,-0.0,False,,,
2009-08-19,300750.SZ,,0,-0.0,False,,,
2009-08-20,300750.SZ,,0,-0.0,False,,,
2009-08-21,300750.SZ,,0,-0.0,False,,,
2009-08-24,300750.SZ,,0,-0.0,False,,,
2009-08-25,300750.SZ,,0,-0.0,False,,,
2009-08-26,300750.SZ,,0,-0.0,False,,,
2009-08-27,300750.SZ,,0,-0.0,False,,,
2009-08-28,300750.SZ,,0,-0.0,False,,,
2009-08-31,300750.SZ,,0,-0.0,False,,,
2009-09-01,300750.SZ,,0,-0.0,False,,,
2009-09-02,300750.SZ,,0,-0.0,False,,,
2009-09-03,300750.SZ,,0,-0.0,False,,,
2009-09-04,300750.SZ,,0,-0.0,False,,,
2009-09-07,300750.SZ,,0,-0.0,False,,,
2009-09-08,300750.SZ,,0,-0.0,False,,,
2009-09-09,300750.SZ,,0,-0.0,False,,,
2009-09-10,300750.SZ,,0,-0.0,False,,,
2009-09-11,300750.SZ,,0,-0.0,False,,,
2009-09-14,300750.SZ,,0,-0.0,False,,,
2009-09-15,300750.SZ,,0,-0.0,False,,,
2009-09-16,300750.SZ,,0,-0.0,False,,,
2009-09-17,300750.SZ,,0,-0.0,False,,,
2009-09-18,300750.SZ,,0,-0.0,False,,,
2009-09-21,300750.SZ,,0,-0.0,False,,,
2009-09-22,300750.SZ,,0,-0.0,False,,,
2009-09-23,300750.SZ,,0,-0.0,False,,,
2009-09-24,300750.SZ,,0,-0.0,False,,,
2009-09-25,300750.SZ,,0,-0.0,False,,,
2009-09-28,300750.SZ,,0,-0.0,False,,,
2009-09-29,300750.SZ,,0,-0.0,False,,,
2009-09-30,300750.SZ,,0,-0.0,False,,,
2009-10-09,300750.SZ,,0,-0.0,False,,,
2009-10-12,300750.SZ,,0,-0.0,False,,,
2009-10-13,300750.SZ,,0,-0.0,False,,,
2009-10-14,300750.SZ,,0,-0.0,False,,,
2009-10-15,300750.SZ,,0,-0.0,False,,,
2009-10-16,300750.SZ,,0,-0.0,False,,,
2009-10-19,300750.SZ,,0,-0.0,False,,,
2009-10-20,300750.SZ,,0,-0.0,False,,,
2009-10-21,300750.SZ,,0,-0.0,False,,,
2009-10-22,300750.SZ,,0,-0.0,False,,,
2009-10-23,300750.SZ,,0,-0.0,False,,,
2009-10-26,300750.SZ,,0,-0.0,False,,,
2009-10-27,300750.SZ,,0,-0.0,False,,,
2009-10-28,300750.SZ,,0,-0.0,False,,,
2009-10-29,300750.SZ,,0,-0.0,False,,,
2009-10-30,300750.SZ,,0,-0.0,False,,,
2009-11-02,300750.SZ,,0,-0.0,False,,,
2009-11-03,300750.SZ,,0,-0.0,False,,,
2009-11-04,300750.SZ,,0,-0.0,False,,,
2009-11-05,300750.SZ,,0,-0.0,False,,,
2009-11-06,300750.SZ,,0,-0.0,False,,,
2009-11-09,300750.SZ,,0,-0.0,False,,,
2009-11-10,300750.SZ,,0,-0.0,False,,,
2009-11-11,300750.SZ,,0,-0.0,False,,,
2009-11-12,300750.SZ,,0,-0.0,False,,,
2009-11-13,300750.SZ,,0,-0.0,False,,,
2009-11-16,300750.SZ,,0,-0.0,False,,,
2009-11-17,300750.SZ,,0,-0.0,False,,,
2009-11-18,300750.SZ,,0,-0.0,False,,,
2009-11-19,300750.SZ,,0,-0.0,False,,,
2009-11-20,300750.SZ,,0,-0.0,False,,,
2009-11-23,300750.SZ,,0,-0.0,False,,,
2009-11-24,300750.SZ,,0,-0.0,False,,,
2009-11-25,300750.SZ,,0,-0.0,False,,,
2009-11-26,300750.SZ,,0,-0.0,False,,,
2009-11-27,300750.SZ,,0,-0.0,False,,,
2009-11-30,300750.SZ,,0,-0.0,False,,,
2009-12-01,300750.SZ,,0,-0.0,False,,,
2009-12-02,300750.SZ,,0,-0.0,False,,,
2009-12-03,300750.SZ,,0,-0.0,False,,,
2009-12-04,300750.SZ,,0,-0.0,False,,,
2009-12-07,300750.SZ,,0,-0.0,False,,,
2009-12-08,300750.SZ,,0,-0.0,False,,,
2009-12-09,300750.SZ,,0,-0.0,False,,,
2009-12-10,300750.SZ,,0,-0.0,False,,,
2009-12-11,300750.SZ,,0,-0.0,False,,,
2009-12-14,300750.SZ,,0,-0.0,False,,,
2009-12-15,300750.SZ,,0,-0.0,False,,,
2009-12-16,300750.SZ,,0,-0.0,False,,,
2009-12-17,300750.SZ,,0,-0.0,False,,,
2009-12-18,300750.SZ,,0,-0.0,False,,,
2009-12-21,300750.SZ,,0,-0.0,False,,,
2009-12-22,300750.SZ,,0,-0.0,False,,,
2009-12-23,300750.SZ,,0,-0.0,False,,,
2009-12-24,300750.SZ,,0,-0.0,False,,,
2009-12-25,300750.SZ,,0,-0.0,False,,,
2009-12-28,300750.SZ,,0,-0.0,False,,,
2009-12-29,300750.SZ,,0,-0.0,False,,,
2009-12-30,300750.SZ,,0,-0.0,False,,,
2009-12-31,300750.SZ,,0,-0.0,False,,,
2010-01-04,300750.SZ,,0,-0.0,False,,,
2010-01-05,300750.SZ,,0,-0.0,False,,,
2010-01-06,300750.SZ,,0,-0.0,False,,,
2010-01-07,300750.SZ,,0,-0.0,False,,,
2010-01-08,300750.SZ,,0,-0.0,False,,,
2010-01-11,300750.SZ,,0,-0.0,False,,,
2010-01-12,300750.SZ,,0,-0.0,False,,,
2010-01-13,300750.SZ,,0,-0.0,False,,,
2010-01-14,300750.SZ,,0,-0.0,False,,,
2010-01-15,300750.SZ,,0,-0.0,False,,,
2010-01-18,300750.SZ,,0,-0.0,False,,,
2010-01-19,300750.SZ,,0,-0.0,False,,,
2010-01-20,300750.SZ,,0,-0.0,False,,,
2010-01-21,300750.SZ,,0,-0.0,False,,,
2010-01-22,300750.SZ,,0,-0.0,False,,,
2010-01-25,300750.SZ,,0,-0.0,False,,,
2010-01-26,300750.SZ,,0,-0.0,False,,,
2010-01-27,300750.SZ,,0,-0.0,False,,,
2010-01-28,300750.SZ,,0,-0.0,False,,,
2010-01-29,300750.SZ,,0,-0.0,False,,,
2010-02-01,300750.SZ,,0,-0.0,False,,,
2010-02-02,300750.SZ,,0,-0.0,False,,,
2010-02-03,300750.SZ,,0,-0.0,False,,,
2010-02-04,300750.SZ,,0,-0.0,False,,,
2010-02-05,300750.SZ,,0,-0.0,False,,,
2010-02-08,300750.SZ,,0,-0.0,False,,,
2010-02-09,300750.SZ,,0,-0.0,False,,,
2010-02-10,300750.SZ,,0,-0.0,False,,,
2010-02-11,300750.SZ,,0,-0.0,False,,,
2010-02-12,300750.SZ,,0,-0.0,False,,,
2010-02-22,300750.SZ,,0,-0.0,False,,,
2010-02-23,300750.SZ,,0,-0.0,False,,,
2010-02-24,300750.SZ,,0,-0.0,False,,,
2010-02-25,300750.SZ,,0,-0.0,False,,,
2010-02-26,300750.SZ,,0,-0.0,False,,,
2010-03-01,300750.SZ,,0,-0.0,False,,,
2010-03-02,300750.SZ,,0,-0.0,False,,,
2010-03-03,300750.SZ,,0,-0.0,False,,,
2010-03-04,300750.SZ,,0,-0.0,False,,,
2010-03-05,300750.SZ,,0,-0.0,False,,,
2010-03-08,300750.SZ,,0,-0.0,False,,,
2010-03-09,300750.SZ,,0,-0.0,False,,,
2010-03-10,300750.SZ,,0,-0.0,False,,,
2010-03-11,300750.SZ,,0,-0.0,False,,,
2010-03-12,300750.SZ,,0,-0.0,False,,,
2010-03-15,300750.SZ,,0,-0.0,False,,,
2010-03-16,300750.SZ,,0,-0.0,False,,,
2010-03-17,300750.SZ,,0,-0.0,False,,,
2010-03-18,300750.SZ,,0,-0.0,False,,,
2010-03-19,300750.SZ,,0,-0.0,False,,,
2010-03-22,300750.SZ,,0,-0.0,False,,,
2010-03-23,300750.SZ,,0,-0.0,False,,,
2010-03-24,300750.SZ,,0,-0.0,False,,,
2010-03-25,300750.SZ,,0,-0.0,False,,,
2010-03-26,300750.SZ,,0,-0.0,False,,,
2010-03-29,300750.SZ,,0,-0.0,False,,,
2010-03-30,300750.SZ,,0,-0.0,False,,,
2010-03-31,300750.SZ,,0,-0.0,False,,,
2010-04-01,300750.SZ,,0,-0.0,False,,,
2010-04-02,300750.SZ,,0,-0.0,False,,,
2010-04-06,300750.SZ,,0,-0.0,False,,,
2010-04-07,300750.SZ,,0,-0.0,False,,,
2010-04-08,300750.SZ,,0,-0.0,False,,,
2010-04-09,300750.SZ,,0,-0.0,False,,,
2010-04-12,300750.SZ,,0,-0.0,False,,,
2010-04-13,300750.SZ,,0,-0.0,False,,,
2010-04-14,300750.SZ,,0,-0.0,False,,,
2010-04-15,300750.SZ,,0,-0.0,False,,,
2010-04-16,300750.SZ,,0,-0.0,False,,,
2010-04-19,300750.SZ,,0,-0.0,False,,,
2010-04-20,300750.SZ,,0,-0.0,False,,,
2010-04-21,300750.SZ,,0,-0.0,False,,,
2010-04-22,300750.SZ,,0,-0.0,False,,,
2010-04-23,300750.SZ,,0,-0.0,False,,,
2010-04-26,300750.SZ,,0,-0.0,False,,,
2010-04-27,300750.SZ,,0,-0.0,False,,,
2010-04-28,300750.SZ,,0,-0.0,False,,,
2010-04-29,300750.SZ,,0,-0.0,False,,,
2010-04-30,300750.SZ,,0,-0.0,False,,,
2010-05-04,300750.SZ,,0,-0.0,False,,,
2010-05-05,300750.SZ,,0,-0.0,False,,,
2010-05-06,300750.SZ,,0,-0.0,False,,,
2010-05-07,300750.SZ,,0,-0.0,False,,,
2010-05-10,300750.SZ,,0,-0.0,False,,,
2010-05-11,300750.SZ,,0,-0.0,False,,,
2010-05-12,300750.SZ,,0,-0.0,False,,,
2010-05-13,300750.SZ,,0,-0.0,False,,,
2010-05-14,300750.SZ,,0,-0.0,False,,,
2010-05-17,300750.SZ,,0,-0.0,False,,,
2010-05-18,300750.SZ,,0,-0.0,False,,,
2010-05-19,300750.SZ,,0,-0.0,False,,,
2010-05-20,300750.SZ,,0,-0.0,False,,,
2010-05-21,300750.SZ,,0,-0.0,False,,,
2010-05-24,300750.SZ,,0,-0.0,False,,,
2010-05-25,300750.SZ,,0,-0.0,False,,,
2010-05-26,300750.SZ,,0,-0.0,False,,,
2010-05-27,300750.SZ,,0,-0.0,False,,,
2010-05-28,300750.SZ,,0,-0.0,False,,,
2010-05-31,300750.SZ,,0,-0.0,False,,,
2010-06-01,300750.SZ,,0,-0.0,False,,,
2010-06-02,300750.SZ,,0,-0.0,False,,,
2010-06-03,300750.SZ,,0,-0.0,False,,,
2010-06-04,300750.SZ,,0,-0.0,False,,,
2010-06-07,300750.SZ,,0,-0.0,False,,,
2010-06-08,300750.SZ,,0,-0.0,False,,,
2010-06-09,300750.SZ,,0,-0.0,False,,,
2010-06-10,300750.SZ,,0,-0.0,False,,,
2010-06-11,300750.SZ,,0,-0.0,False,,,
2010-06-17,300750.SZ,,0,-0.0,False,,,
2010-06-18,300750.SZ,,0,-0.0,False,,,
2010-06-21,300750.SZ,,0,-0.0,False,,,
2010-06-22,300750.SZ,,0,-0.0,False,,,
2010-06-23,300750.SZ,,0,-0.0,False,,,
2010-06-24,300750.SZ,,0,-0.0,False,,,
2010-06-25,300750.SZ,,0,-0.0,False,,,
2010-06-28,300750.SZ,,0,-0.0,False,,,
2010-06-29,300750.SZ,,0,-0.0,False,,,
2010-06-30,300750.SZ,,0,-0.0,False,,,
2010-07-01,300750.SZ,,0,-0.0,False,,,
2010-07-02,300750.SZ,,0,-0.0,False,,,
2010-07-05,300750.SZ,,0,-0.0,False,,,
2010-07-06,300750.SZ,,0,-0.0,False,,,
2010-07-07,300750.SZ,,0,-0.0,False,,,
2010-07-08,300750.SZ,,0,-0.0,False,,,
2010-07-09,300750.SZ,,0,-0.0,False,,,
2010-07-12,300750.SZ,,0,-0.0,False,,,
2010-07-13,300750.SZ,,0,-0.0,False,,,
2010-07-14,300750.SZ,,0,-0.0,False,,,
2010-07-15,300750.SZ,,0,-0.0,False,,,
2010-07-16,300750.SZ,,0,-0.0,False,,,
2010-07-19,300750.SZ,,0,-0.0,False,,,
2010-07-20,300750.SZ,,0,-0.0,False,,,
2010-07-21,300750.SZ,,0,-0.0,False,,,
2010-07-22,300750.SZ,,0,-0.0,False,,,
2010-07-23,300750.SZ,,0,-0.0,False,,,
2010-07-26,300750.SZ,,0,-0.0,False,,,
2010-07-27,300750.SZ,,0,-0.0,False,,,
2010-07-28,300750.SZ,,0,-0.0,False,,,
2010-07-29,300750.SZ,,0,-0.0,False,,,
2010-07-30,300750.SZ,,0,-0.0,False,,,
2010-08-02,300750.SZ,,0,-0.0,False,,,
2010-08-03,300750.SZ,,0,-0.0,False,,,
2010-08-04,300750.SZ,,0,-0.0,False,,,
2010-08-05,300750.SZ,,0,-0.0,False,,,
2010-08-06,300750.SZ,,0,-0.0,False,,,
2010-08-09,300750.SZ,,0,-0.0,False,,,
2010-08-10,300750.SZ,,0,-0.0,False,,,
2010-08-11,300750.SZ,,0,-0.0,False,,,
2010-08-12,300750.SZ,,0,-0.0,False,,,
2010-08-13,300750.SZ,,0,-0.0,False,,,
2010-08-16,300750.SZ,,0,-0.0,False,,,
2010-08-17,300750.SZ,,0,-0.0,False,,,
2010-08-18,300750.SZ,,0,-0.0,False,,,
2010-08-19,300750.SZ,,0,-0.0,False,,,
2010-08-20,300750.SZ,,0,-0.0,False,,,
2010-08-23,300750.SZ,,0,-0.0,False,,,
2010-08-24,300750.SZ,,0,-0.0,False,,,
2010-08-25,300750.SZ,,0,-0.0,False,,,
2010-08-26,300750.SZ,,0,-0.0,False,,,
2010-08-27,300750.SZ,,0,-0.0,False,,,
2010-08-30,300750.SZ,,0,-0.0,False,,,
2010-08-31,300750.SZ,,0,-0.0,False,,,
2010-09-01,300750.SZ,,0,-0.0,False,,,
2010-09-02,300750.SZ,,0,-0.0,False,,,
2010-09-03,300750.SZ,,0,-0.0,False,,,
2010-09-06,300750.SZ,,0,-0.0,False,,,
2010-09-07,300750.SZ,,0,-0.0,False,,,
2010-09-08,300750.SZ,,0,-0.0,False,,,
2010-09-09,300750.SZ,,0,-0.0,False,,,
2010-09-10,300750.SZ,,0,-0.0,False,,,
2010-09-13,300750.SZ,,0,-0.0,False,,,
2010-09-14,300750.SZ,,0,-0.0,False,,,
2010-09-15,300750.SZ,,0,-0.0,False,,,
2010-09-16,300750.SZ,,0,-0.0,False,,,
2010-09-17,300750.SZ,,0,-0.0,False,,,
2010-09-20,300750.SZ,,0,-0.0,False,,,
2010-09-21,300750.SZ,,0,-0.0,False,,,
2010-09-27,300750.SZ,,0,-0.0,False,,,
2010-09-28,300750.SZ,,0,-0.0,False,,,
2010-09-29,300750.SZ,,0,-0.0,False,,,
2010-09-30,300750.SZ,,0,-0.0,False,,,
2010-10-08,300750.SZ,,0,-0.0,False,,,
2010-10-11,300750.SZ,,0,-0.0,False,,,
2010-10-12,300750.SZ,,0,-0.0,False,,,
2010-10-13,300750.SZ,,0,-0.0,False,,,
2010-10-14,300750.SZ,,0,-0.0,False,,,
2010-10-15,300750.SZ,,0,-0.0,False,,,
2010-10-18,300750.SZ,,0,-0.0,False,,,
2010-10-19,300750.SZ,,0,-0.0,False,,,
2010-10-20,300750.SZ,,0,-0.0,False,,,
2010-10-21,300750.SZ,,0,-0.0,False,,,
2010-10-22,300750.SZ,,0,-0.0,False,,,
2010-10-25,300750.SZ,,0,-0.0,False,,,
2010-10-26,300750.SZ,,0,-0.0,False,,,
2010-10-27,300750.SZ,,0,-0.0,False,,,
2010-10-28,300750.SZ,,0,-0.0,False,,,
2010-10-29,300750.SZ,,0,-0.0,False,,,
2010-11-01,300750.SZ,,0,-0.0,False,,,
2010-11-02,300750.SZ,,0,-0.0,False,,,
2010-11-03,300750.SZ,,0,-0.0,False,,,
2010-11-04,300750.SZ,,0,-0.0,False,,,
2010-11-05,300750.SZ,,0,-0.0,False,,,
2010-11-08,300750.SZ,,0,-0.0,False,,,
2010-11-09,300750.SZ,,0,-0.0,False,,,
2010-11-10,300750.SZ,,0,-0.0,False,,,
2010-11-11,300750.SZ,,0,-0.0,False,,,
2010-11-12,300750.SZ,,0,-0.0,False,,,
2010-11-15,300750.SZ,,0,-0.0,False,,,
2010-11-16,300750.SZ,,0,-0.0,False,,,
2010-11-17,300750.SZ,,0,-0.0,False,,,
2010-11-18,300750.SZ,,0,-0.0,False,,,
2010-11-19,300750.SZ,,0,-0.0,False,,,
2010-11-22,300750.SZ,,0,-0.0,False,,,
2010-11-23,300750.SZ,,0,-0.0,False,,,
2010-11-24,300750.SZ,,0,-0.0,False,,,
2010-11-25,300750.SZ,,0,-0.0,False,,,
2010-11-26,300750.SZ,,0,-0.0,False,,,
2010-11-29,300750.SZ,,0,-0.0,False,,,
2010-11-30,300750.SZ,,0,-0.0,False,,,
2010-12-01,300750.SZ,,0,-0.0,False,,,
2010-12-02,300750.SZ,,0,-0.0,False,,,
2010-12-03,300750.SZ,,0,-0.0,False,,,
2010-12-06,300750.SZ,,0,-0.0,False,,,
2010-12-07,300750.SZ,,0,-0.0,False,,,
2010-12-08,300750.SZ,,0,-0.0,False,,,
2010-12-09,300750.SZ,,0,-0.0,False,,,
2010-12-10,300750.SZ,,0,-0.0,False,,,
2010-12-13,300750.SZ,,0,-0.0,False,,,
2010-12-14,300750.SZ,,0,-0.0,False,,,
2010-12-15,300750.SZ,,0,-0.0,False,,,
2010-12-16,300750.SZ,,0,-0.0,False,,,
2010-12-17,300750.SZ,,0,-0.0,False,,,
2010-12-20,300750.SZ,,0,-0.0,False,,,
2010-12-21,300750.SZ,,0,-0.0,False,,,
2010-12-22,300750.SZ,,0,-0.0,False,,,
2010-12-23,300750.SZ,,0,-0.0,False,,,
2010-12-24,300750.SZ,,0,-0.0,False,,,
2010-12-27,300750.SZ,,0,-0.0,False,,,
2010-12-28,300750.SZ,,0,-0.0,False,,,
2010-12-29,300750.SZ,,0,-0.0,False,,,
2010-12-30,300750.SZ,,0,-0.0,False,,,
2010-12-31,300750.SZ,,0,-0.0,False,,,
2011-01-04,300750.SZ,,0,-0.0,False,,,
2011-01-05,300750.SZ,,0,-0.0,False,,,
2011-01-06,300750.SZ,,0,-0.0,False,,,
2011-01-07,300750.SZ,,0,-0.0,False,,,
2011-01-10,300750.SZ,,0,-0.0,False,,,
2011-01-11,300750.SZ,,0,-0.0,False,,,
2011-01-12,300750.SZ,,0,-0.0,False,,,
2011-01-13,300750.SZ,,0,-0.0,False,,,
2011-01-14,300750.SZ,,0,-0.0,False,,,
2011-01-17,300750.SZ,,0,-0.0,False,,,
2011-01-18,300750.SZ,,0,-0.0,False,,,
2011-01-19,300750.SZ,,0,-0.0,False,,,
2011-01-20,300750.SZ,,0,-0.0,False,,,
2011-01-21,300750.SZ,,0,-0.0,False,,,
2011-01-24,300750.SZ,,0,-0.0,False,,,
2011-01-25,300750.SZ,,0,-0.0,False,,,
2011-01-26,300750.SZ,,0,-0.0,False,,,
2011-01-27,300750.SZ,,0,-0.0,False,,,
2011-01-28,300750.SZ,,0,-0.0,False,,,
2011-01-31,300750.SZ,,0,-0.0,False,,,
2011-02-01,300750.SZ,,0,-0.0,False,,,
2011-02-09,300750.SZ,,0,-0.0,False,,,
2011-02-10,300750.SZ,,0,-0.0,False,,,
2011-02-11,300750.SZ,,0,-0.0,False,,,
2011-02-14,300750.SZ,,0,-0.0,False,,,
2011-02-15,300750.SZ,,0,-0.0,False,,,
2011-02-16,300750.SZ,,0,-0.0,False,,,
2011-02-17,300750.SZ,,0,-0.0,False,,,
2011-02-18,300750.SZ,,0,-0.0,False,,,
2011-02-21,300750.SZ,,0,-0.0,False,,,
2011-02-22,300750.SZ,,0,-0.0,False,,,
2011-02-23,300750.SZ,,0,-0.0,False,,,
2011-02-24,300750.SZ,,0,-0.0,False,,,
2011-02-25,300750.SZ,,0,-0.0,False,,,
2011-02-28,300750.SZ,,0,-0.0,False,,,
2011-03-01,300750.SZ,,0,-0.0,False,,,
2011-03-02,300750.SZ,,0,-0.0,False,,,
2011-03-03,300750.SZ,,0,-0.0,False,,,
2011-03-04,300750.SZ,,0,-0.0,False,,,
2011-03-07,300750.SZ,,0,-0.0,False,,,
2011-03-08,300750.SZ,,0,-0.0,False,,,
2011-03-09,300750.SZ,,0,-0.0,False,,,
2011-03-10,300750.SZ,,0,-0.0,False,,,
2011-03-11,300750.SZ,,0,-0.0,False,,,
2011-03-14,300750.SZ,,0,-0.0,False,,,
2011-03-15,300750.SZ,,0,-0.0,False,,,
2011-03-16,300750.SZ,,0,-0.0,False,,,
2011-03-17,300750.SZ,,0,-0.0,False,,,
2011-03-18,300750.SZ,,0,-0.0,False,,,
2011-03-21,300750.SZ,,0,-0.0,False,,,
2011-03-22,300750.SZ,,0,-0.0,False,,,
2011-03-23,300750.SZ,,0,-0.0,False,,,
2011-03-24,300750.SZ,,0,-0.0,False,,,
2011-03-25,300750.SZ,,0,-0.0,False,,,
2011-03-28,300750.SZ,,0,-0.0,False,,,
2011-03-29,300750.SZ,,0,-0.0,False,,,
2011-03-30,300750.SZ,,0,-0.0,False,,,
2011-03-31,300750.SZ,,0,-0.0,False,,,
2011-04-01,300750.SZ,,0,-0.0,False,,,
2011-04-06,300750.SZ,,0,-0.0,False,,,
2011-04-07,300750.SZ,,0,-0.0,False,,,
2011-04-08,300750.SZ,,0,-0.0,False,,,
2011-04-11,300750.SZ,,0,-0.0,False,,,
2011-04-12,300750.SZ,,0,-0.0,False,,,
2011-04-13,300750.SZ,,0,-0.0,False,,,
2011-04-14,300750.SZ,,0,-0.0,False,,,
2011-04-15,300750.SZ,,0,-0.0,False,,,
2011-04-18,300750.SZ,,0,-0.0,False,,,
2011-04-19,300750.SZ,,0,-0.0,False,,,
2011-04-20,300750.SZ,,0,-0.0,False,,,
2011-04-21,300750.SZ,,0,-0.0,False,,,
2011-04-22,300750.SZ,,0,-0.0,False,,,
2011-04-25,300750.SZ,,0,-0.0,False,,,
2011-04-26,300750.SZ,,0,-0.0,False,,,
2011-04-27,300750.SZ,,0,-0.0,False,,,
2011-04-28,300750.SZ,,0,-0.0,False,,,
2011-04-29,300750.SZ,,0,-0.0,False,,,
2011-05-03,300750.SZ,,0,-0.0,False,,,
2011-05-04,300750.SZ,,0,-0.0,False,,,
2011-05-05,300750.SZ,,0,-0.0,False,,,
2011-05-06,300750.SZ,,0,-0.0,False,,,
2011-05-09,300750.SZ,,0,-0.0,False,,,
2011-05-10,300750.SZ,,0,-0.0,False,,,
2011-05-11,300750.SZ,,0,-0.0,False,,,
2011-05-12,300750.SZ,,0,-0.0,False,,,
2011-05-13,300750.SZ,,0,-0.0,False,,,
2011-05-16,300750.SZ,,0,-0.0,False,,,
2011-05-17,300750.SZ,,0,-0.0,False,,,
2011-05-18,300750.SZ,,0,-0.0,False,,,
2011-05-19,300750.SZ,,0,-0.0,False,,,
2011-05-20,300750.SZ,,0,-0.0,False,,,
2011-05-23,300750.SZ,,0,-0.0,False,,,
2011-05-24,300750.SZ,,0,-0.0,False,,,
2011-05-25,300750.SZ,,0,-0.0,False,,,
2011-05-26,300750.SZ,,0,-0.0,False,,,
2011-05-27,300750.SZ,,0,-0.0,False,,,
2011-05-30,300750.SZ,,0,-0.0,False,,,
2011-05-31,300750.SZ,,0,-0.0,False,,,
2011-06-01,300750.SZ,,0,-0.0,False,,,
2011-06-02,300750.SZ,,0,-0.0,False,,,
2011-06-03,300750.SZ,,0,-0.0,False,,,
2011-06-07,300750.SZ,,0,-0.0,False,,,
2011-06-08,300750.SZ,,0,-0.0,False,,,
2011-06-09,300750.SZ,,0,-0.0,False,,,
2011-06-10,300750.SZ,,0,-0.0,False,,,
2011-06-13,300750.SZ,,0,-0.0,False,,,
2011-06-14,300750.SZ,,0,-0.0,False,,,
2011-06-15,300750.SZ,,0,-0.0,False,,,
2011-06-16,300750.SZ,,0,-0.0,False,,,
2011-06-17,300750.SZ,,0,-0.0,False,,,
2011-06-20,300750.SZ,,0,-0.0,False,,,
2011-06-21,300750.SZ,,0,-0.0,False,,,
2011-06-22,300750.SZ,,0,-0.0,False,,,
2011-06-23,300750.SZ,,0,-0.0,False,,,
2011-06-24,300750.SZ,,0,-0.0,False,,,
2011-06-27,300750.SZ,,0,-0.0,False,,,
2011-06-28,300750.SZ,,0,-0.0,False,,,
2011-06-29,300750.SZ,,0,-0.0,False,,,
2011-06-30,300750.SZ,,0,-0.0,False,,,
2011-07-01,300750.SZ,,0,-0.0,False,,,
2011-07-04,300750.SZ,,0,-0.0,False,,,
2011-07-05,300750.SZ,,0,-0.0,False,,,
2011-07-06,300750.SZ,,0,-0.0,False,,,
2011-07-07,300750.SZ,,0,-0.0,False,,,
2011-07-08,300750.SZ,,0,-0.0,False,,,
2011-07-11,300750.SZ,,0,-0.0,False,,,
2011-07-12,300750.SZ,,0,-0.0,False,,,
2011-07-13,300750.SZ,,0,-0.0,False,,,
2011-07-14,300750.SZ,,0,-0.0,False,,,
2011-07-15,300750.SZ,,0,-0.0,False,,,
2011-07-18,300750.SZ,,0,-0.0,False,,,
2011-07-19,300750.SZ,,0,-0.0,False,,,
2011-07-20,300750.SZ,,0,-0.0,False,,,
2011-07-21,300750.SZ,,0,-0.0,False,,,
2011-07-22,300750.SZ,,0,-0.0,False,,,
2011-07-25,300750.SZ,,0,-0.0,False,,,
2011-07-26,300750.SZ,,0,-0.0,False,,,
2011-07-27,300750.SZ,,0,-0.0,False,,,
2011-07-28,300750.SZ,,0,-0.0,False,,,
2011-07-29,300750.SZ,,0,-0.0,False,,,
2011-08-01,300750.SZ,,0,-0.0,False,,,
2011-08-02,300750.SZ,,0,-0.0,False,,,
2011-08-03,300750.SZ,,0,-0.0,False,,,
2011-08-04,300750.SZ,,0,-0.0,False,,,
2011-08-05,300750.SZ,,0,-0.0,False,,,
2011-08-08,300750.SZ,,0,-0.0,False,,,
2011-08-09,300750.SZ,,0,-0.0,False,,,
2011-08-10,300750.SZ,,0,-0.0,False,,,
2011-08-11,300750.SZ,,0,-0.0,False,,,
2011-08-12,300750.SZ,,0,-0.0,False,,,
2011-08-15,300750.SZ,,0,-0.0,False,,,
2011-08-16,300750.SZ,,0,-0.0,False,,,
2011-08-17,300750.SZ,,0,-0.0,False,,,
2011-08-18,300750.SZ,,0,-0.0,False,,,
2011-08-19,300750.SZ,,0,-0.0,False,,,
2011-08-22,300750.SZ,,0,-0.0,False,,,
2011-08-23,300750.SZ,,0,-0.0,False,,,
2011-08-24,300750.SZ,,0,-0.0,False,,,
2011-08-25,300750.SZ,,0,-0.0,False,,,
2011-08-26,300750.SZ,,0,-0.0,False,,,
2011-08-29,300750.SZ,,0,-0.0,False,,,
2011-08-30,300750.SZ,,0,-0.0,False,,,
2011-08-31,300750.SZ,,0,-0.0,False,,,
2011-09-01,300750.SZ,,0,-0.0,False,,,
2011-09-02,300750.SZ,,0,-0.0,False,,,
2011-09-05,300750.SZ,,0,-0.0,False,,,
2011-09-06,300750.SZ,,0,-0.0,False,,,
2011-09-07,300750.SZ,,0,-0.0,False,,,
2011-09-08,300750.SZ,,0,-0.0,False,,,
2011-09-09,300750.SZ,,0,-0.0,False,,,
2011-09-13,300750.SZ,,0,-0.0,False,,,
2011-09-14,300750.SZ,,0,-0.0,False,,,
2011-09-15,300750.SZ,,0,-0.0,False,,,
2011-09-16,300750.SZ,,0,-0.0,False,,,
2011-09-19,300750.SZ,,0,-0.0,False,,,
2011-09-20,300750.SZ,,0,-0.0,False,,,
2011-09-21,300750.SZ,,0,-0.0,False,,,
2011-09-22,300750.SZ,,0,-0.0,False,,,
2011-09-23,300750.SZ,,0,-0.0,False,,,
2011-09-26,300750.SZ,,0,-0.0,False,,,
2011-09-27,300750.SZ,,0,-0.0,False,,,
2011-09-28,300750.SZ,,0,-0.0,False,,,
2011-09-29,300750.SZ,,0,-0.0,False,,,
2011-09-30,300750.SZ,,0,-0.0,False,,,
2011-10-10,300750.SZ,,0,-0.0,False,,,
2011-10-11,300750.SZ,,0,-0.0,False,,,
2011-10-12,300750.SZ,,0,-0.0,False,,,
2011-10-13,300750.SZ,,0,-0.0,False,,,
2011-10-14,300750.SZ,,0,-0.0,False,,,
2011-10-17,300750.SZ,,0,-0.0,False,,,
2011-10-18,300750.SZ,,0,-0.0,False,,,
2011-10-19,300750.SZ,,0,-0.0,False,,,
2011-10-20,300750.SZ,,0,-0.0,False,,,
2011-10-21,300750.SZ,,0,-0.0,False,,,
2011-10-24,300750.SZ,,0,-0.0,False,,,
2011-10-25,300750.SZ,,0,-0.0,False,,,
2011-10-26,300750.SZ,,0,-0.0,False,,,
2011-10-27,300750.SZ,,0,-0.0,False,,,
2011-10-28,300750.SZ,,0,-0.0,False,,,
2011-10-31,300750.SZ,,0,-0.0,False,,,
2011-11-01,300750.SZ,,0,-0.0,False,,,
2011-11-02,300750.SZ,,0,-0.0,False,,,
2011-11-03,300750.SZ,,0,-0.0,False,,,
2011-11-04,300750.SZ,,0,-0.0,False,,,
2011-11-07,300750.SZ,,0,-0.0,False,,,
2011-11-08,300750.SZ,,0,-0.0,False,,,
2011-11-09,300750.SZ,,0,-0.0,False,,,
2011-11-10,300750.SZ,,0,-0.0,False,,,
2011-11-11,300750.SZ,,0,-0.0,False,,,
2011-11-14,300750.SZ,,0,-0.0,False,,,
2011-11-15,300750.SZ,,0,-0.0,False,,,
2011-11-16,300750.SZ,,0,-0.0,False,,,
2011-11-17,300750.SZ,,0,-0.0,False,,,
2011-11-18,300750.SZ,,0,-0.0,False,,,
2011-11-21,300750.SZ,,0,-0.0,False,,,
2011-11-22,300750.SZ,,0,-0.0,False,,,
2011-11-23,300750.SZ,,0,-0.0,False,,,
2011-11-24,300750.SZ,,0,-0.0,False,,,
2011-11-25,300750.SZ,,0,-0.0,False,,,
2011-11-28,300750.SZ,,0,-0.0,False,,,
2011-11-29,300750.SZ,,0,-0.0,False,,,
2011-11-30,300750.SZ,,0,-0.0,False,,,
2011-12-01,300750.SZ,,0,-0.0,False,,,
2011-12-02,300750.SZ,,0,-0.0,False,,,
2011-12-05,300750.SZ,,0,-0.0,False,,,
2011-12-06,300750.SZ,,0,-0.0,False,,,
2011-12-07,300750.SZ,,0,-0.0,False,,,
2011-12-08,300750.SZ,,0,-0.0,False,,,
2011-12-09,300750.SZ,,0,-0.0,False,,,
2011-12-12,300750.SZ,,0,-0.0,False,,,
2011-12-13,300750.SZ,,0,-0.0,False,,,
2011-12-14,300750.SZ,,0,-0.0,False,,,
2011-12-15,300750.SZ,,0,-0.0,False,,,
2011-12-16,300750.SZ,,0,-0.0,False,,,
2011-12-19,300750.SZ,,0,-0.0,False,,,
2011-12-20,300750.SZ,,0,-0.0,False,,,
2011-12-21,300750.SZ,,0,-0.0,False,,,
2011-12-22,300750.SZ,,0,-0.0,False,,,
2011-12-23,300750.SZ,,0,-0.0,False,,,
2011-12-26,300750.SZ,,0,-0.0,False,,,
2011-12-27,300750.SZ,,0,-0.0,False,,,
2011-12-28,300750.SZ,,0,-0.0,False,,,
2011-12-29,300750.SZ,,0,-0.0,False,,,
2011-12-30,300750.SZ,,0,-0.0,False,,,
2012-01-04,300750.SZ,,0,-0.0,False,,,
2012-01-05,300750.SZ,,0,-0.0,False,,,
2012-01-06,300750.SZ,,0,-0.0,False,,,
2012-01-09,300750.SZ,,0,-0.0,False,,,
2012-01-10,300750.SZ,,0,-0.0,False,,,
2012-01-11,300750.SZ,,0,-0.0,False,,,
2012-01-12,300750.SZ,,0,-0.0,False,,,
2012-01-13,300750.SZ,,0,-0.0,False,,,
2012-01-16,300750.SZ,,0,-0.0,False,,,
2012-01-17,300750.SZ,,0,-0.0,False,,,
2012-01-18,300750.SZ,,0,-0.0,False,,,
2012-01-19,300750.SZ,,0,-0.0,False,,,
2012-01-20,300750.SZ,,0,-0.0,False,,,
2012-01-30,300750.SZ,,0,-0.0,False,,,
2012-01-31,300750.SZ,,0,-0.0,False,,,
2012-02-01,300750.SZ,,0,-0.0,False,,,
2012-02-02,300750.SZ,,0,-0.0,False,,,
2012-02-03,300750.SZ,,0,-0.0,False,,,
2012-02-06,300750.SZ,,0,-0.0,False,,,
2012-02-07,300750.SZ,,0,-0.0,False,,,
2012-02-08,300750.SZ,,0,-0.0,False,,,
2012-02-09,300750.SZ,,0,-0.0,False,,,
2012-02-10,300750.SZ,,0,-0.0,False,,,
2012-02-13,300750.SZ,,0,-0.0,False,,,
2012-02-14,300750.SZ,,0,-0.0,False,,,
2012-02-15,300750.SZ,,0,-0.0,False,,,
2012-02-16,300750.SZ,,0,-0.0,False,,,
2012-02-17,300750.SZ,,0,-0.0,False,,,
2012-02-20,300750.SZ,,0,-0.0,False,,,
2012-02-21,300750.SZ,,0,-0.0,False,,,
2012-02-22,300750.SZ,,0,-0.0,False,,,
2012-02-23,300750.SZ,,0,-0.0,False,,,
2012-02-24,300750.SZ,,0,-0.0,False,,,
2012-02-27,300750.SZ,,0,-0.0,False,,,
2012-02-28,300750.SZ,,0,-0.0,False,,,
2012-02-29,300750.SZ,,0,-0.0,False,,,
2012-03-01,300750.SZ,,0,-0.0,False,,,
2012-03-02,300750.SZ,,0,-0.0,False,,,
2012-03-05,300750.SZ,,0,-0.0,False,,,
2012-03-06,300750.SZ,,0,-0.0,False,,,
2012-03-07,300750.SZ,,0,-0.0,False,,,
2012-03-08,300750.SZ,,0,-0.0,False,,,
2012-03-09,300750.SZ,,0,-0.0,False,,,
2012-03-12,300750.SZ,,0,-0.0,False,,,
2012-03-13,300750.SZ,,0,-0.0,False,,,
2012-03-14,300750.SZ,,0,-0.0,False,,,
2012-03-15,300750.SZ,,0,-0.0,False,,,
2012-03-16,300750.SZ,,0,-0.0,False,,,
2012-03-19,300750.SZ,,0,-0.0,False,,,
2012-03-20,300750.SZ,,0,-0.0,False,,,
2012-03-21,300750.SZ,,0,-0.0,False,,,
2012-03-22,300750.SZ,,0,-0.0,False,,,
2012-03-23,300750.SZ,,0,-0.0,False,,,
2012-03-26,300750.SZ,,0,-0.0,False,,,
2012-03-27,300750.SZ,,0,-0.0,False,,,
2012-03-28,300750.SZ,,0,-0.0,False,,,
2012-03-29,300750.SZ,,0,-0.0,False,,,
2012-03-30,300750.SZ,,0,-0.0,False,,,
2012-04-05,300750.SZ,,0,-0.0,False,,,
2012-04-06,300750.SZ,,0,-0.0,False,,,
2012-04-09,300750.SZ,,0,-0.0,False,,,
2012-04-10,300750.SZ,,0,-0.0,False,,,
2012-04-11,300750.SZ,,0,-0.0,False,,,
2012-04-12,300750.SZ,,0,-0.0,False,,,
2012-04-13,300750.SZ,,0,-0.0,False,,,
2012-04-16,300750.SZ,,0,-0.0,False,,,
2012-04-17,300750.SZ,,0,-0.0,False,,,
2012-04-18,300750.SZ,,0,-0.0,False,,,
2012-04-19,300750.SZ,,0,-0.0,False,,,
2012-04-20,300750.SZ,,0,-0.0,False,,,
2012-04-23,300750.SZ,,0,-0.0,False,,,
2012-04-24,300750.SZ,,0,-0.0,False,,,
2012-04-25,300750.SZ,,0,-0.0,False,,,
2012-04-26,300750.SZ,,0,-0.0,False,,,
2012-04-27,300750.SZ,,0,-0.0,False,,,
2012-05-02,300750.SZ,,0,-0.0,False,,,
2012-05-03,300750.SZ,,0,-0.0,False,,,
2012-05-04,300750.SZ,,0,-0.0,False,,,
2012-05-07,300750.SZ,,0,-0.0,False,,,
2012-05-08,300750.SZ,,0,-0.0,False,,,
2012-05-09,300750.SZ,,0,-0.0,False,,,
2012-05-10,300750.SZ,,0,-0.0,False,,,
2012-05-11,300750.SZ,,0,-0.0,False,,,
2012-05-14,300750.SZ,,0,-0.0,False,,,
2012-05-15,300750.SZ,,0,-0.0,False,,,
2012-05-16,300750.SZ,,0,-0.0,False,,,
2012-05-17,300750.SZ,,0,-0.0,False,,,
2012-05-18,300750.SZ,,0,-0.0,False,,,
2012-05-21,300750.SZ,,0,-0.0,False,,,
2012-05-22,300750.SZ,,0,-0.0,False,,,
2012-05-23,300750.SZ,,0,-0.0,False,,,
2012-05-24,300750.SZ,,0,-0.0,False,,,
2012-05-25,300750.SZ,,0,-0.0,False,,,
2012-05-28,300750.SZ,,0,-0.0,False,,,
2012-05-29,300750.SZ,,0,-0.0,False,,,
2012-05-30,300750.SZ,,0,-0.0,False,,,
2012-05-31,300750.SZ,,0,-0.0,False,,,
2012-06-01,300750.SZ,,0,-0.0,False,,,
2012-06-04,300750.SZ,,0,-0.0,False,,,
2012-06-05,300750.SZ,,0,-0.0,False,,,
2012-06-06,300750.SZ,,0,-0.0,False,,,
2012-06-07,300750.SZ,,0,-0.0,False,,,
2012-06-08,300750.SZ,,0,-0.0,False,,,
2012-06-11,300750.SZ,,0,-0.0,False,,,
2012-06-12,300750.SZ,,0,-0.0,False,,,
2012-06-13,300750.SZ,,0,-0.0,False,,,
2012-06-14,300750.SZ,,0,-0.0,False,,,
2012-06-15,300750.SZ,,0,-0.0,False,,,
2012-06-18,300750.SZ,,0,-0.0,False,,,
2012-06-19,300750.SZ,,0,-0.0,False,,,
2012-06-20,300750.SZ,,0,-0.0,False,,,
2012-06-21,300750.SZ,,0,-0.0,False,,,
2012-06-25,300750.SZ,,0,-0.0,False,,,
2012-06-26,300750.SZ,,0,-0.0,False,,,
2012-06-27,300750.SZ,,0,-0.0,False,,,
2012-06-28,300750.SZ,,0,-0.0,False,,,
2012-06-29,300750.SZ,,0,-0.0,False,,,
2012-07-02,300750.SZ,,0,-0.0,False,,,
2012-07-03,300750.SZ,,0,-0.0,False,,,
2012-07-04,300750.SZ,,0,-0.0,False,,,
2012-07-05,300750.SZ,,0,-0.0,False,,,
2012-07-06,300750.SZ,,0,-0.0,False,,,
2012-07-09,300750.SZ,,0,-0.0,False,,,
2012-07-10,300750.SZ,,0,-0.0,False,,,
2012-07-11,300750.SZ,,0,-0.0,False,,,
2012-07-12,300750.SZ,,0,-0.0,False,,,
2012-07-13,300750.SZ,,0,-0.0,False,,,
2012-07-16,300750.SZ,,0,-0.0,False,,,
2012-07-17,300750.SZ,,0,-0.0,False,,,
2012-07-18,300750.SZ,,0,-0.0,False,,,
2012-07-19,300750.SZ,,0,-0.0,False,,,
2012-07-20,300750.SZ,,0,-0.0,False,,,
2012-07-23,300750.SZ,,0,-0.0,False,,,
2012-07-24,300750.SZ,,0,-0.0,False,,,
2012-07-25,300750.SZ,,0,-0.0,False,,,
2012-07-26,300750.SZ,,0,-0.0,False,,,
2012-07-27,300750.SZ,,0,-0.0,False,,,
2012-07-30,300750.SZ,,0,-0.0,False,,,
2012-07-31,300750.SZ,,0,-0.0,False,,,
2012-08-01,300750.SZ,,0,-0.0,False,,,
2012-08-02,300750.SZ,,0,-0.0,False,,,
2012-08-03,300750.SZ,,0,-0.0,False,,,
2012-08-06,300750.SZ,,0,-0.0,False,,,
2012-08-07,300750.SZ,,0,-0.0,False,,,
2012-08-08,300750.SZ,,0,-0.0,False,,,
2012-08-09,300750.SZ,,0,-0.0,False,,,
2012-08-10,300750.SZ,,0,-0.0,False,,,
2012-08-13,300750.SZ,,0,-0.0,False,,,
2012-08-14,300750.SZ,,0,-0.0,False,,,
2012-08-15,300750.SZ,,0,-0.0,False,,,
2012-08-16,300750.SZ,,0,-0.0,False,,,
2012-08-17,300750.SZ,,0,-0.0,False,,,
2012-08-20,300750.SZ,,0,-0.0,False,,,
2012-08-21,300750.SZ,,0,-0.0,False,,,
2012-08-22,300750.SZ,,0,-0.0,False,,,
2012-08-23,300750.SZ,,0,-0.0,False,,,
2012-08-24,300750.SZ,,0,-0.0,False,,,
2012-08-27,300750.SZ,,0,-0.0,False,,,
2012-08-28,300750.SZ,,0,-0.0,False,,,
2012-08-29,300750.SZ,,0,-0.0,False,,,
2012-08-30,300750.SZ,,0,-0.0,False,,,
2012-08-31,300750.SZ,,0,-0.0,False,,,
2012-09-03,300750.SZ,,0,-0.0,False,,,
2012-09-04,300750.SZ,,0,-0.0,False,,,
2012-09-05,300750.SZ,,0,-0.0,False,,,
2012-09-06,300750.SZ,,0,-0.0,False,,,
2012-09-07,300750.SZ,,0,-0.0,False,,,
2012-09-10,300750.SZ,,0,-0.0,False,,,
2012-09-11,300750.SZ,,0,-0.0,False,,,
2012-09-12,300750.SZ,,0,-0.0,False,,,
2012-09-13,300750.SZ,,0,-0.0,False,,,
2012-09-14,300750.SZ,,0,-0.0,False,,,
2012-09-17,300750.SZ,,0,-0.0,False,,,
2012-09-18,300750.SZ,,0,-0.0,False,,,
2012-09-19,300750.SZ,,0,-0.0,False,,,
2012-09-20,300750.SZ,,0,-0.0,False,,,
2012-09-21,300750.SZ,,0,-0.0,False,,,
2012-09-24,300750.SZ,,0,-0.0,False,,,
2012-09-25,300750.SZ,,0,-0.0,False,,,
2012-09-26,300750.SZ,,0,-0.0,False,,,
2012-09-27,300750.SZ,,0,-0.0,False,,,
2012-09-28,300750.SZ,,0,-0.0,False,,,
2012-10-08,300750.SZ,,0,-0.0,False,,,
2012-10-09,300750.SZ,,0,-0.0,False,,,
2012-10-10,300750.SZ,,0,-0.0,False,,,
2012-10-11,300750.SZ,,0,-0.0,False,,,
2012-10-12,300750.SZ,,0,-0.0,False,,,
2012-10-15,300750.SZ,,0,-0.0,False,,,
2012-10-16,300750.SZ,,0,-0.0,False,,,
2012-10-17,300750.SZ,,0,-0.0,False,,,
2012-10-18,300750.SZ,,0,-0.0,False,,,
2012-10-19,300750.SZ,,0,-0.0,False,,,
2012-10-22,300750.SZ,,0,-0.0,False,,,
2012-10-23,300750.SZ,,0,-0.0,False,,,
2012-10-24,300750.SZ,,0,-0.0,False,,,
2012-10-25,300750.SZ,,0,-0.0,False,,,
2012-10-26,300750.SZ,,0,-0.0,False,,,
2012-10-29,300750.SZ,,0,-0.0,False,,,
2012-10-30,300750.SZ,,0,-0.0,False,,,
2012-10-31,300750.SZ,,0,-0.0,False,,,
2012-11-01,300750.SZ,,0,-0.0,False,,,
2012-11-02,300750.SZ,,0,-0.0,False,,,
2012-11-05,300750.SZ,,0,-0.0,False,,,
2012-11-06,300750.SZ,,0,-0.0,False,,,
2012-11-07,300750.SZ,,0,-0.0,False,,,
2012-11-08,300750.SZ,,0,-0.0,False,,,
2012-11-09,300750.SZ,,0,-0.0,False,,,
2012-11-12,300750.SZ,,0,-0.0,False,,,
2012-11-13,300750.SZ,,0,-0.0,False,,,
2012-11-14,300750.SZ,,0,-0.0,False,,,
2012-11-15,300750.SZ,,0,-0.0,False,,,
2012-11-16,300750.SZ,,0,-0.0,False,,,
2012-11-19,300750.SZ,,0,-0.0,False,,,
2012-11-20,300750.SZ,,0,-0.0,False,,,
2012-11-21,300750.SZ,,0,-0.0,False,,,
2012-11-22,300750.SZ,,0,-0.0,False,,,
2012-11-23,300750.SZ,,0,-0.0,False,,,
2012-11-26,300750.SZ,,0,-0.0,False,,,
2012-11-27,300750.SZ,,0,-0.0,False,,,
2012-11-28,300750.SZ,,0,-0.0,False,,,
2012-11-29,300750.SZ,,0,-0.0,False,,,
2012-11-30,300750.SZ,,0,-0.0,False,,,
2012-12-03,300750.SZ,,0,-0.0,False,,,
2012-12-04,300750.SZ,,0,-0.0,False,,,
2012-12-05,300750.SZ,,0,-0.0,False,,,
2012-12-06,300750.SZ,,0,-0.0,False,,,
2012-12-07,300750.SZ,,0,-0.0,False,,,
2012-12-10,300750.SZ,,0,-0.0,False,,,
2012-12-11,300750.SZ,,0,-0.0,False,,,
2012-12-12,300750.SZ,,0,-0.0,False,,,
2012-12-13,300750.SZ,,0,-0.0,False,,,
2012-12-14,300750.SZ,,0,-0.0,False,,,
2012-12-17,300750.SZ,,0,-0.0,False,,,
2012-12-18,300750.SZ,,0,-0.0,False,,,
2012-12-19,300750.SZ,,0,-0.0,False,,,
2012-12-20,300750.SZ,,0,-0.0,False,,,
2012-12-21,300750.SZ,,0,-0.0,False,,,
2012-12-24,300750.SZ,,0,-0.0,False,,,
2012-12-25,300750.SZ,,0,-0.0,False,,,
2012-12-26,300750.SZ,,0,-0.0,False,,,
2012-12-27,300750.SZ,,0,-0.0,False,,,
2012-12-28,300750.SZ,,0,-0.0,False,,,
2012-12-31,300750.SZ,,0,-0.0,False,,,
2013-01-04,300750.SZ,,0,-0.0,False,,,
2013-01-07,300750.SZ,,0,-0.0,False,,,
2013-01-08,300750.SZ,,0,-0.0,False,,,
2013-01-09,300750.SZ,,0,-0.0,False,,,
2013-01-10,300750.SZ,,0,-0.0,False,,,
2013-01-11,300750.SZ,,0,-0.0,False,,,
2013-01-14,300750.SZ,,0,-0.0,False,,,
2013-01-15,300750.SZ,,0,-0.0,False,,,
2013-01-16,300750.SZ,,0,-0.0,False,,,
2013-01-17,300750.SZ,,0,-0.0,False,,,
2013-01-18,300750.SZ,,0,-0.0,False,,,
2013-01-21,300750.SZ,,0,-0.0,False,,,
2013-01-22,300750.SZ,,0,-0.0,False,,,
2013-01-23,300750.SZ,,0,-0.0,False,,,
2013-01-24,300750.SZ,,0,-0.0,False,,,
2013-01-25,300750.SZ,,0,-0.0,False,,,
2013-01-28,300750.SZ,,0,-0.0,False,,,
2013-01-29,300750.SZ,,0,-0.0,False,,,
2013-01-30,300750.SZ,,0,-0.0,False,,,
2013-01-31,300750.SZ,,0,-0.0,False,,,
2013-02-01,300750.SZ,,0,-0.0,False,,,
2013-02-04,300750.SZ,,0,-0.0,False,,,
2013-02-05,300750.SZ,,0,-0.0,False,,,
2013-02-06,300750.SZ,,0,-0.0,False,,,
2013-02-07,300750.SZ,,0,-0.0,False,,,
2013-02-08,300750.SZ,,0,-0.0,False,,,
2013-02-18,300750.SZ,,0,-0.0,False,,,
2013-02-19,300750.SZ,,0,-0.0,False,,,
2013-02-20,300750.SZ,,0,-0.0,False,,,
2013-02-21,300750.SZ,,0,-0.0,False,,,
2013-02-22,300750.SZ,,0,-0.0,False,,,
2013-02-25,300750.SZ,,0,-0.0,False,,,
2013-02-26,300750.SZ,,0,-0.0,False,,,
2013-02-27,300750.SZ,,0,-0.0,False,,,
2013-02-28,300750.SZ,,0,-0.0,False,,,
2013-03-01,300750.SZ,,0,-0.0,False,,,
2013-03-04,300750.SZ,,0,-0.0,False,,,
2013-03-05,300750.SZ,,0,-0.0,False,,,
2013-03-06,300750.SZ,,0,-0.0,False,,,
2013-03-07,300750.SZ,,0,-0.0,False,,,
2013-03-08,300750.SZ,,0,-0.0,False,,,
2013-03-11,300750.SZ,,0,-0.0,False,,,
2013-03-12,300750.SZ,,0,-0.0,False,,,
2013-03-13,300750.SZ,,0,-0.0,False,,,
2013-03-14,300750.SZ,,0,-0.0,False,,,
2013-03-15,300750.SZ,,0,-0.0,False,,,
2013-03-18,300750.SZ,,0,-0.0,False,,,
2013-03-19,300750.SZ,,0,-0.0,False,,,
2013-03-20,300750.SZ,,0,-0.0,False,,,
2013-03-21,300750.SZ,,0,-0.0,False,,,
2013-03-22,300750.SZ,,0,-0.0,False,,,
2013-03-25,300750.SZ,,0,-0.0,False,,,
2013-03-26,300750.SZ,,0,-0.0,False,,,
2013-03-27,300750.SZ,,0,-0.0,False,,,
2013-03-28,300750.SZ,,0,-0.0,False,,,
2013-03-29,300750.SZ,,0,-0.0,False,,,
2013-04-01,300750.SZ,,0,-0.0,False,,,
2013-04-02,300750.SZ,,0,-0.0,False,,,
2013-04-03,300750.SZ,,0,-0.0,False,,,
2013-04-08,300750.SZ,,0,-0.0,False,,,
2013-04-09,300750.SZ,,0,-0.0,False,,,
2013-04-10,300750.SZ,,0,-0.0,False,,,
2013-04-11,300750.SZ,,0,-0.0,False,,,
2013-04-12,300750.SZ,,0,-0.0,False,,,
2013-04-15,300750.SZ,,0,-0.0,False,,,
2013-04-16,300750.SZ,,0,-0.0,False,,,
2013-04-17,300750.SZ,,0,-0.0,False,,,
2013-04-18,300750.SZ,,0,-0.0,False,,,
2013-04-19,300750.SZ,,0,-0.0,False,,,
2013-04-22,300750.SZ,,0,-0.0,False,,,
2013-04-23,300750.SZ,,0,-0.0,False,,,
2013-04-24,300750.SZ,,0,-0.0,False,,,
2013-04-25,300750.SZ,,0,-0.0,False,,,
2013-04-26,300750.SZ,,0,-0.0,False,,,
2013-05-02,300750.SZ,,0,-0.0,False,,,
2013-05-03,300750.SZ,,0,-0.0,False,,,
2013-05-06,300750.SZ,,0,-0.0,False,,,
2013-05-07,300750.SZ,,0,-0.0,False,,,
2013-05-08,300750.SZ,,0,-0.0,False,,,
2013-05-09,300750.SZ,,0,-0.0,False,,,
2013-05-10,300750.SZ,,0,-0.0,False,,,
2013-05-13,300750.SZ,,0,-0.0,False,,,
2013-05-14,300750.SZ,,0,-0.0,False,,,
2013-05-15,300750.SZ,,0,-0.0,False,,,
2013-05-16,300750.SZ,,0,-0.0,False,,,
2013-05-17,300750.SZ,,0,-0.0,False,,,
2013-05-20,300750.SZ,,0,-0.0,False,,,
2013-05-21,300750.SZ,,0,-0.0,False,,,
2013-05-22,300750.SZ,,0,-0.0,False,,,
2013-05-23,300750.SZ,,0,-0.0,False,,,
2013-05-24,300750.SZ,,0,-0.0,False,,,
2013-05-27,300750.SZ,,0,-0.0,False,,,
2013-05-28,300750.SZ,,0,-0.0,False,,,
2013-05-29,300750.SZ,,0,-0.0,False,,,
2013-05-30,300750.SZ,,0,-0.0,False,,,
2013-05-31,300750.SZ,,0,-0.0,False,,,
2013-06-03,300750.SZ,,0,-0.0,False,,,
2013-06-04,300750.SZ,,0,-0.0,False,,,
2013-06-05,300750.SZ,,0,-0.0,False,,,
2013-06-06,300750.SZ,,0,-0.0,False,,,
2013-06-07,300750.SZ,,0,-0.0,False,,,
2013-06-13,300750.SZ,,0,-0.0,False,,,
2013-06-14,300750.SZ,,0,-0.0,False,,,
2013-06-17,300750.SZ,,0,-0.0,False,,,
2013-06-18,300750.SZ,,0,-0.0,False,,,
2013-06-19,300750.SZ,,0,-0.0,False,,,
2013-06-20,300750.SZ,,0,-0.0,False,,,
2013-06-21,300750.SZ,,0,-0.0,False,,,
2013-06-24,300750.SZ,,0,-0.0,False,,,
2013-06-25,300750.SZ,,0,-0.0,False,,,
2013-06-26,300750.SZ,,0,-0.0,False,,,
2013-06-27,300750.SZ,,0,-0.0,False,,,
2013-06-28,300750.SZ,,0,-0.0,False,,,
2013-07-01,300750.SZ,,0,-0.0,False,,,
2013-07-02,300750.SZ,,0,-0.0,False,,,
2013-07-03,300750.SZ,,0,-0.0,False,,,
2013-07-04,300750.SZ,,0,-0.0,False,,,
2013-07-05,300750.SZ,,0,-0.0,False,,,
2013-07-08,300750.SZ,,0,-0.0,False,,,
2013-07-09,300750.SZ,,0,-0.0,False,,,
2013-07-10,300750.SZ,,0,-0.0,False,,,
2013-07-11,300750.SZ,,0,-0.0,False,,,
2013-07-12,300750.SZ,,0,-0.0,False,,,
2013-07-15,300750.SZ,,0,-0.0,False,,,
2013-07-16,300750.SZ,,0,-0.0,False,,,
2013-07-17,300750.SZ,,0,-0.0,False,,,
2013-07-18,300750.SZ,,0,-0.0,False,,,
2013-07-19,300750.SZ,,0,-0.0,False,,,
2013-07-22,300750.SZ,,0,-0.0,False,,,
2013-07-23,300750.SZ,,0,-0.0,False,,,
2013-07-24,300750.SZ,,0,-0.0,False,,,
2013-07-25,300750.SZ,,0,-0.0,False,,,
2013-07-26,300750.SZ,,0,-0.0,False,,,
2013-07-29,300750.SZ,,0,-0.0,False,,,
2013-07-30,300750.SZ,,0,-0.0,False,,,
2013-07-31,300750.SZ,,0,-0.0,False,,,
2013-08-01,300750.SZ,,0,-0.0,False,,,
2013-08-02,300750.SZ,,0,-0.0,False,,,
2013-08-05,300750.SZ,,0,-0.0,False,,,
2013-08-06,300750.SZ,,0,-0.0,False,,,
2013-08-07,300750.SZ,,0,-0.0,False,,,
2013-08-08,300750.SZ,,0,-0.0,False,,,
2013-08-09,300750.SZ,,0,-0.0,False,,,
2013-08-12,300750.SZ,,0,-0.0,False,,,
2013-08-13,300750.SZ,,0,-0.0,False,,,
2013-08-14,300750.SZ,,0,-0.0,False,,,
2013-08-15,300750.SZ,,0,-0.0,False,,,
2013-08-16,300750.SZ,,0,-0.0,False,,,
2013-08-19,300750.SZ,,0,-0.0,False,,,
2013-08-20,300750.SZ,,0,-0.0,False,,,
2013-08-21,300750.SZ,,0,-0.0,False,,,
2013-08-22,300750.SZ,,0,-0.0,False,,,
2013-08-23,300750.SZ,,0,-0.0,False,,,
2013-08-26,300750.SZ,,0,-0.0,False,,,
2013-08-27,300750.SZ,,0,-0.0,False,,,
2013-08-28,300750.SZ,,0,-0.0,False,,,
2013-08-29,300750.SZ,,0,-0.0,False,,,
2013-08-30,300750.SZ,,0,-0.0,False,,,
2013-09-02,300750.SZ,,0,-0.0,False,,,
2013-09-03,300750.SZ,,0,-0.0,False,,,
2013-09-04,300750.SZ,,0,-0.0,False,,,
2013-09-05,300750.SZ,,0,-0.0,False,,,
2013-09-06,300750.SZ,,0,-0.0,False,,,
2013-09-09,300750.SZ,,0,-0.0,False,,,
2013-09-10,300750.SZ,,0,-0.0,False,,,
2013-09-11,300750.SZ,,0,-0.0,False,,,
2013-09-12,300750.SZ,,0,-0.0,False,,,
2013-09-13,300750.SZ,,0,-0.0,False,,,
2013-09-16,300750.SZ,,0,-0.0,False,,,
2013-09-17,300750.SZ,,0,-0.0,False,,,
2013-09-18,300750.SZ,,0,-0.0,False,,,
2013-09-23,300750.SZ,,0,-0.0,False,,,
2013-09-24,300750.SZ,,0,-0.0,False,,,
2013-09-25,300750.SZ,,0,-0.0,False,,,
2013-09-26,300750.SZ,,0,-0.0,False,,,
2013-09-27,300750.SZ,,0,-0.0,False,,,
2013-09-30,300750.SZ,,0,-0.0,False,,,
2013-10-08,300750.SZ,,0,-0.0,False,,,
2013-10-09,300750.SZ,,0,-0.0,False,,,
2013-10-10,300750.SZ,,0,-0.0,False,,,
2013-10-11,300750.SZ,,0,-0.0,False,,,
2013-10-14,300750.SZ,,0,-0.0,False,,,
2013-10-15,300750.SZ,,0,-0.0,False,,,
2013-10-16,300750.SZ,,0,-0.0,False,,,
2013-10-17,300750.SZ,,0,-0.0,False,,,
2013-10-18,300750.SZ,,0,-0.0,False,,,
2013-10-21,300750.SZ,,0,-0.0,False,,,
2013-10-22,300750.SZ,,0,-0.0,False,,,
2013-10-23,300750.SZ,,0,-0.0,False,,,
2013-10-24,300750.SZ,,0,-0.0,False,,,
2013-10-25,300750.SZ,,0,-0.0,False,,,
2013-10-28,300750.SZ,,0,-0.0,False,,,
2013-10-29,300750.SZ,,0,-0.0,False,,,
2013-10-30,300750.SZ,,0,-0.0,False,,,
2013-10-31,300750.SZ,,0,-0.0,False,,,
2013-11-01,300750.SZ,,0,-0.0,False,,,
2013-11-04,300750.SZ,,0,-0.0,False,,,
2013-11-05,300750.SZ,,0,-0.0,False,,,
2013-11-06,300750.SZ,,0,-0.0,False,,,
2013-11-07,300750.SZ,,0,-0.0,False,,,
2013-11-08,300750.SZ,,0,-0.0,False,,,
2013-11-11,300750.SZ,,0,-0.0,False,,,
2013-11-12,300750.SZ,,0,-0.0,False,,,
2013-11-13,300750.SZ,,0,-0.0,False,,,
2013-11-14,300750.SZ,,0,-0.0,False,,,
2013-11-15,300750.SZ,,0,-0.0,False,,,
2013-11-18,300750.SZ,,0,-0.0,False,,,
2013-11-19,300750.SZ,,0,-0.0,False,,,
2013-11-20,300750.SZ,,0,-0.0,False,,,
2013-11-21,300750.SZ,,0,-0.0,False,,,
2013-11-22,300750.SZ,,0,-0.0,False,,,
2013-11-25,300750.SZ,,0,-0.0,False,,,
2013-11-26,300750.SZ,,0,-0.0,False,,,
2013-11-27,300750.SZ,,0,-0.0,False,,,
2013-11-28,300750.SZ,,0,-0.0,False,,,
2013-11-29,300750.SZ,,0,-0.0,False,,,
2013-12-02,300750.SZ,,0,-0.0,False,,,
2013-12-03,300750.SZ,,0,-0.0,False,,,
2013-12-04,300750.SZ,,0,-0.0,False,,,
2013-12-05,300750.SZ,,0,-0.0,False,,,
2013-12-06,300750.SZ,,0,-0.0,False,,,
2013-12-09,300750.SZ,,0,-0.0,False,,,
2013-12-10,300750.SZ,,0,-0.0,False,,,
2013-12-11,300750.SZ,,0,-0.0,False,,,
2013-12-12,300750.SZ,,0,-0.0,False,,,
2013-12-13,300750.SZ,,0,-0.0,False,,,
2013-12-16,300750.SZ,,0,-0.0,False,,,
2013-12-17,300750.SZ,,0,-0.0,False,,,
2013-12-18,300750.SZ,,0,-0.0,False,,,
2013-12-19,300750.SZ,,0,-0.0,False,,,
2013-12-20,300750.SZ,,0,-0.0,False,,,
2013-12-23,300750.SZ,,0,-0.0,False,,,
2013-12-24,300750.SZ,,0,-0.0,False,,,
2013-12-25,300750.SZ,,0,-0.0,False,,,
2013-12-26,300750.SZ,,0,-0.0,False,,,
2013-12-27,300750.SZ,,0,-0.0,False,,,
2013-12-30,300750.SZ,,0,-0.0,False,,,
2013-12-31,300750.SZ,,0,-0.0,False,,,
2014-01-02,300750.SZ,,0,-0.0,False,,,
2014-01-03,300750.SZ,,0,-0.0,False,,,
2014-01-06,300750.SZ,,0,-0.0,False,,,
2014-01-07,300750.SZ,,0,-0.0,False,,,
2014-01-08,300750.SZ,,0,-0.0,False,,,
2014-01-09,300750.SZ,,0,-0.0,False,,,
2014-01-10,300750.SZ,,0,-0.0,False,,,
2014-01-13,300750.SZ,,0,-0.0,False,,,
2014-01-14,300750.SZ,,0,-0.0,False,,,
2014-01-15,300750.SZ,,0,-0.0,False,,,
2014-01-16,300750.SZ,,0,-0.0,False,,,
2014-01-17,300750.SZ,,0,-0.0,False,,,
2014-01-20,300750.SZ,,0,-0.0,False,,,
2014-01-21,300750.SZ,,0,-0.0,False,,,
2014-01-22,300750.SZ,,0,-0.0,False,,,
2014-01-23,300750.SZ,,0,-0.0,False,,,
2014-01-24,300750.SZ,,0,-0.0,False,,,
2014-01-27,300750.SZ,,0,-0.0,False,,,
2014-01-28,300750.SZ,,0,-0.0,False,,,
2014-01-29,300750.SZ,,0,-0.0,False,,,
2014-01-30,300750.SZ,,0,-0.0,False,,,
2014-02-07,300750.SZ,,0,-0.0,False,,,
2014-02-10,300750.SZ,,0,-0.0,False,,,
2014-02-11,300750.SZ,,0,-0.0,False,,,
2014-02-12,300750.SZ,,0,-0.0,False,,,
2014-02-13,300750.SZ,,0,-0.0,False,,,
2014-02-14,300750.SZ,,0,-0.0,False,,,
2014-02-17,300750.SZ,,0,-0.0,False,,,
2014-02-18,300750.SZ,,0,-0.0,False,,,
2014-02-19,300750.SZ,,0,-0.0,False,,,
2014-02-20,300750.SZ,,0,-0.0,False,,,
2014-02-21,300750.SZ,,0,-0.0,False,,,
2014-02-24,300750.SZ,,0,-0.0,False,,,
2014-02-25,300750.SZ,,0,-0.0,False,,,
2014-02-26,300750.SZ,,0,-0.0,False,,,
2014-02-27,300750.SZ,,0,-0.0,False,,,
2014-02-28,300750.SZ,,0,-0.0,False,,,
2014-03-03,300750.SZ,,0,-0.0,False,,,
2014-03-04,300750.SZ,,0,-0.0,False,,,
2014-03-05,300750.SZ,,0,-0.0,False,,,
2014-03-06,300750.SZ,,0,-0.0,False,,,
2014-03-07,300750.SZ,,0,-0.0,False,,,
2014-03-10,300750.SZ,,0,-0.0,False,,,
2014-03-11,300750.SZ,,0,-0.0,False,,,
2014-03-12,300750.SZ,,0,-0.0,False,,,
2014-03-13,300750.SZ,,0,-0.0,False,,,
2014-03-14,300750.SZ,,0,-0.0,False,,,
2014-03-17,300750.SZ,,0,-0.0,False,,,
2014-03-18,300750.SZ,,0,-0.0,False,,,
2014-03-19,300750.SZ,,0,-0.0,False,,,
2014-03-20,300750.SZ,,0,-0.0,False,,,
2014-03-21,300750.SZ,,0,-0.0,False,,,
2014-03-24,300750.SZ,,0,-0.0,False,,,
2014-03-25,300750.SZ,,0,-0.0,False,,,
2014-03-26,300750.SZ,,0,-0.0,False,,,
2014-03-27,300750.SZ,,0,-0.0,False,,,
2014-03-28,300750.SZ,,0,-0.0,False,,,
2014-03-31,300750.SZ,,0,-0.0,False,,,
2014-04-01,300750.SZ,,0,-0.0,False,,,
2014-04-02,300750.SZ,,0,-0.0,False,,,
2014-04-03,300750.SZ,,0,-0.0,False,,,
2014-04-04,300750.SZ,,0,-0.0,False,,,
2014-04-08,300750.SZ,,0,-0.0,False,,,
2014-04-09,300750.SZ,,0,-0.0,False,,,
2014-04-10,300750.SZ,,0,-0.0,False,,,
2014-04-11,300750.SZ,,0,-0.0,False,,,
2014-04-14,300750.SZ,,0,-0.0,False,,,
2014-04-15,300750.SZ,,0,-0.0,False,,,
2014-04-16,300750.SZ,,0,-0.0,False,,,
2014-04-17,300750.SZ,,0,-0.0,False,,,
2014-04-18,300750.SZ,,0,-0.0,False,,,
2014-04-21,300750.SZ,,0,-0.0,False,,,
2014-04-22,300750.SZ,,0,-0.0,False,,,
2014-04-23,300750.SZ,,0,-0.0,False,,,
2014-04-24,300750.SZ,,0,-0.0,False,,,
2014-04-25,300750.SZ,,0,-0.0,False,,,
2014-04-28,300750.SZ,,0,-0.0,False,,,
2014-04-29,300750.SZ,,0,-0.0,False,,,
2014-04-30,300750.SZ,,0,-0.0,False,,,
2014-05-05,300750.SZ,,0,-0.0,False,,,
2014-05-06,300750.SZ,,0,-0.0,False,,,
2014-05-07,300750.SZ,,0,-0.0,False,,,
2014-05-08,300750.SZ,,0,-0.0,False,,,
2014-05-09,300750.SZ,,0,-0.0,False,,,
2014-05-12,300750.SZ,,0,-0.0,False,,,
2014-05-13,300750.SZ,,0,-0.0,False,,,
2014-05-14,300750.SZ,,0,-0.0,False,,,
2014-05-15,300750.SZ,,0,-0.0,False,,,
2014-05-16,300750.SZ,,0,-0.0,False,,,
2014-05-19,300750.SZ,,0,-0.0,False,,,
2014-05-20,300750.SZ,,0,-0.0,False,,,
2014-05-21,300750.SZ,,0,-0.0,False,,,
2014-05-22,300750.SZ,,0,-0.0,False,,,
2014-05-23,300750.SZ,,0,-0.0,False,,,
2014-05-26,300750.SZ,,0,-0.0,False,,,
2014-05-27,300750.SZ,,0,-0.0,False,,,
2014-05-28,300750.SZ,,0,-0.0,False,,,
2014-05-29,300750.SZ,,0,-0.0,False,,,
2014-05-30,300750.SZ,,0,-0.0,False,,,
2014-06-03,300750.SZ,,0,-0.0,False,,,
2014-06-04,300750.SZ,,0,-0.0,False,,,
2014-06-05,300750.SZ,,0,-0.0,False,,,
2014-06-06,300750.SZ,,0,-0.0,False,,,
2014-06-09,300750.SZ,,0,-0.0,False,,,
2014-06-10,300750.SZ,,0,-0.0,False,,,
2014-06-11,300750.SZ,,0,-0.0,False,,,
2014-06-12,300750.SZ,,0,-0.0,False,,,
2014-06-13,300750.SZ,,0,-0.0,False,,,
2014-06-16,300750.SZ,,0,-0.0,False,,,
2014-06-17,300750.SZ,,0,-0.0,False,,,
2014-06-18,300750.SZ,,0,-0.0,False,,,
2014-06-19,300750.SZ,,0,-0.0,False,,,
2014-06-20,300750.SZ,,0,-0.0,False,,,
2014-06-23,300750.SZ,,0,-0.0,False,,,
2014-06-24,300750.SZ,,0,-0.0,False,,,
2014-06-25,300750.SZ,,0,-0.0,False,,,
2014-06-26,300750.SZ,,0,-0.0,False,,,
2014-06-27,300750.SZ,,0,-0.0,False,,,
2014-06-30,300750.SZ,,0,-0.0,False,,,
2014-07-01,300750.SZ,,0,-0.0,False,,,
2014-07-02,300750.SZ,,0,-0.0,False,,,
2014-07-03,300750.SZ,,0,-0.0,False,,,
2014-07-04,300750.SZ,,0,-0.0,False,,,
2014-07-07,300750.SZ,,0,-0.0,False,,,
2014-07-08,300750.SZ,,0,-0.0,False,,,
2014-07-09,300750.SZ,,0,-0.0,False,,,
2014-07-10,300750.SZ,,0,-0.0,False,,,
2014-07-11,300750.SZ,,0,-0.0,False,,,
2014-07-14,300750.SZ,,0,-0.0,False,,,
2014-07-15,300750.SZ,,0,-0.0,False,,,
2014-07-16,300750.SZ,,0,-0.0,False,,,
2014-07-17,300750.SZ,,0,-0.0,False,,,
2014-07-18,300750.SZ,,0,-0.0,False,,,
2014-07-21,300750.SZ,,0,-0.0,False,,,
2014-07-22,300750.SZ,,0,-0.0,False,,,
2014-07-23,300750.SZ,,0,-0.0,False,,,
2014-07-24,300750.SZ,,0,-0.0,False,,,
2014-07-25,300750.SZ,,0,-0.0,False,,,
2014-07-28,300750.SZ,,0,-0.0,False,,,
2014-07-29,300750.SZ,,0,-0.0,False,,,
2014-07-30,300750.SZ,,0,-0.0,False,,,
2014-07-31,300750.SZ,,0,-0.0,False,,,
2014-08-01,300750.SZ,,0,-0.0,False,,,
2014-08-04,300750.SZ,,0,-0.0,False,,,
2014-08-05,300750.SZ,,0,-0.0,False,,,
2014-08-06,300750.SZ,,0,-0.0,False,,,
2014-08-07,300750.SZ,,0,-0.0,False,,,
2014-08-08,300750.SZ,,0,-0.0,False,,,
2014-08-11,300750.SZ,,0,-0.0,False,,,
2014-08-12,300750.SZ,,0,-0.0,False,,,
2014-08-13,300750.SZ,,0,-0.0,False,,,
2014-08-14,300750.SZ,,0,-0.0,False,,,
2014-08-15,300750.SZ,,0,-0.0,False,,,
2014-08-18,300750.SZ,,0,-0.0,False,,,
2014-08-19,300750.SZ,,0,-0.0,False,,,
2014-08-20,300750.SZ,,0,-0.0,False,,,
2014-08-21,300750.SZ,,0,-0.0,False,,,
2014-08-22,300750.SZ,,0,-0.0,False,,,
2014-08-25,300750.SZ,,0,-0.0,False,,,
2014-08-26,300750.SZ,,0,-0.0,False,,,
2014-08-27,300750.SZ,,0,-0.0,False,,,
2014-08-28,300750.SZ,,0,-0.0,False,,,
2014-08-29,300750.SZ,,0,-0.0,False,,,
2014-09-01,300750.SZ,,0,-0.0,False,,,
2014-09-02,300750.SZ,,0,-0.0,False,,,
2014-09-03,300750.SZ,,0,-0.0,False,,,
2014-09-04,300750.SZ,,0,-0.0,False,,,
2014-09-05,300750.SZ,,0,-0.0,False,,,
2014-09-09,300750.SZ,,0,-0.0,False,,,
2014-09-10,300750.SZ,,0,-0.0,False,,,
2014-09-11,300750.SZ,,0,-0.0,False,,,
2014-09-12,300750.SZ,,0,-0.0,False,,,
2014-09-15,300750.SZ,,0,-0.0,False,,,
2014-09-16,300750.SZ,,0,-0.0,False,,,
2014-09-17,300750.SZ,,0,-0.0,False,,,
2014-09-18,300750.SZ,,0,-0.0,False,,,
2014-09-19,300750.SZ,,0,-0.0,False,,,
2014-09-22,300750.SZ,,0,-0.0,False,,,
2014-09-23,300750.SZ,,0,-0.0,False,,,
2014-09-24,300750.SZ,,0,-0.0,False,,,
2014-09-25,300750.SZ,,0,-0.0,False,,,
2014-09-26,300750.SZ,,0,-0.0,False,,,
2014-09-29,300750.SZ,,0,-0.0,False,,,
2014-09-30,300750.SZ,,0,-0.0,False,,,
2014-10-08,300750.SZ,,0,-0.0,False,,,
2014-10-09,300750.SZ,,0,-0.0,False,,,
2014-10-10,300750.SZ,,0,-0.0,False,,,
2014-10-13,300750.SZ,,0,-0.0,False,,,
2014-10-14,300750.SZ,,0,-0.0,False,,,
2014-10-15,300750.SZ,,0,-0.0,False,,,
2014-10-16,300750.SZ,,0,-0.0,False,,,
2014-10-17,300750.SZ,,0,-0.0,False,,,
2014-10-20,300750.SZ,,0,-0.0,False,,,
2014-10-21,300750.SZ,,0,-0.0,False,,,
2014-10-22,300750.SZ,,0,-0.0,False,,,
2014-10-23,300750.SZ,,0,-0.0,False,,,
2014-10-24,300750.SZ,,0,-0.0,False,,,
2014-10-27,300750.SZ,,0,-0.0,False,,,
2014-10-28,300750.SZ,,0,-0.0,False,,,
2014-10-29,300750.SZ,,0,-0.0,False,,,
2014-10-30,300750.SZ,,0,-0.0,False,,,
2014-10-31,300750.SZ,,0,-0.0,False,,,
2014-11-03,300750.SZ,,0,-0.0,False,,,
2014-11-04,300750.SZ,,0,-0.0,False,,,
2014-11-05,300750.SZ,,0,-0.0,False,,,
2014-11-06,300750.SZ,,0,-0.0,False,,,
2014-11-07,300750.SZ,,0,-0.0,False,,,
2014-11-10,300750.SZ,,0,-0.0,False,,,
2014-11-11,300750.SZ,,0,-0.0,False,,,
2014-11-12,300750.SZ,,0,-0.0,False,,,
2014-11-13,300750.SZ,,0,-0.0,False,,,
2014-11-14,300750.SZ,,0,-0.0,False,,,
2014-11-17,300750.SZ,,0,-0.0,False,,,
2014-11-18,300750.SZ,,0,-0.0,False,,,
2014-11-19,300750.SZ,,0,-0.0,False,,,
2014-11-20,300750.SZ,,0,-0.0,False,,,
2014-11-21,300750.SZ,,0,-0.0,False,,,
2014-11-24,300750.SZ,,0,-0.0,False,,,
2014-11-25,300750.SZ,,0,-0.0,False,,,
2014-11-26,300750.SZ,,0,-0.0,False,,,
2014-11-27,300750.SZ,,0,-0.0,False,,,
2014-11-28,300750.SZ,,0,-0.0,False,,,
2014-12-01,300750.SZ,,0,-0.0,False,,,
2014-12-02,300750.SZ,,0,-0.0,False,,,
2014-12-03,300750.SZ,,0,-0.0,False,,,
2014-12-04,300750.SZ,,0,-0.0,False,,,
2014-12-05,300750.SZ,,0,-0.0,False,,,
2014-12-08,300750.SZ,,0,-0.0,False,,,
2014-12-09,300750.SZ,,0,-0.0,False,,,
2014-12-10,300750.SZ,,0,-0.0,False,,,
2014-12-11,300750.SZ,,0,-0.0,False,,,
2014-12-12,300750.SZ,,0,-0.0,False,,,
2014-12-15,300750.SZ,,0,-0.0,False,,,
2014-12-16,300750.SZ,,0,-0.0,False,,,
2014-12-17,300750.SZ,,0,-0.0,False,,,
2014-12-18,300750.SZ,,0,-0.0,False,,,
2014-12-19,300750.SZ,,0,-0.0,False,,,
2014-12-22,300750.SZ,,0,-0.0,False,,,
2014-12-23,300750.SZ,,0,-0.0,False,,,
2014-12-24,300750.SZ,,0,-0.0,False,,,
2014-12-25,300750.SZ,,0,-0.0,False,,,
2014-12-26,300750.SZ,,0,-0.0,False,,,
2014-12-29,300750.SZ,,0,-0.0,False,,,
2014-12-30,300750.SZ,,0,-0.0,False,,,
2014-12-31,300750.SZ,,0,-0.0,False,,,
2015-01-05,300750.SZ,,0,-0.0,False,,,
2015-01-06,300750.SZ,,0,-0.0,False,,,
2015-01-07,300750.SZ,,0,-0.0,False,,,
2015-01-08,300750.SZ,,0,-0.0,False,,,
2015-01-09,300750.SZ,,0,-0.0,False,,,
2015-01-12,300750.SZ,,0,-0.0,False,,,
2015-01-13,300750.SZ,,0,-0.0,False,,,
2015-01-14,300750.SZ,,0,-0.0,False,,,
2015-01-15,300750.SZ,,0,-0.0,False,,,
2015-01-16,300750.SZ,,0,-0.0,False,,,
2015-01-19,300750.SZ,,0,-0.0,False,,,
2015-01-20,300750.SZ,,0,-0.0,False,,,
2015-01-21,300750.SZ,,0,-0.0,False,,,
2015-01-22,300750.SZ,,0,-0.0,False,,,
2015-01-23,300750.SZ,,0,-0.0,False,,,
2015-01-26,300750.SZ,,0,-0.0,False,,,
2015-01-27,300750.SZ,,0,-0.0,False,,,
2015-01-28,300750.SZ,,0,-0.0,False,,,
2015-01-29,300750.SZ,,0,-0.0,False,,,
2015-01-30,300750.SZ,,0,-0.0,False,,,
2015-02-02,300750.SZ,,0,-0.0,False,,,
2015-02-03,300750.SZ,,0,-0.0,False,,,
2015-02-04,300750.SZ,,0,-0.0,False,,,
2015-02-05,300750.SZ,,0,-0.0,False,,,
2015-02-06,300750.SZ,,0,-0.0,False,,,
2015-02-09,300750.SZ,,0,-0.0,False,,,
2015-02-10,300750.SZ,,0,-0.0,False,,,
2015-02-11,300750.SZ,,0,-0.0,False,,,
2015-02-12,300750.SZ,,0,-0.0,False,,,
2015-02-13,300750.SZ,,0,-0.0,False,,,
2015-02-16,300750.SZ,,0,-0.0,False,,,
2015-02-17,300750.SZ,,0,-0.0,False,,,
2015-02-25,300750.SZ,,0,-0.0,False,,,
2015-02-26,300750.SZ,,0,-0.0,False,,,
2015-02-27,300750.SZ,,0,-0.0,False,,,
2015-03-02,300750.SZ,,0,-0.0,False,,,
2015-03-03,300750.SZ,,0,-0.0,False,,,
2015-03-04,300750.SZ,,0,-0.0,False,,,
2015-03-05,300750.SZ,,0,-0.0,False,,,
2015-03-06,300750.SZ,,0,-0.0,False,,,
2015-03-09,300750.SZ,,0,-0.0,False,,,
2015-03-10,300750.SZ,,0,-0.0,False,,,
2015-03-11,300750.SZ,,0,-0.0,False,,,
2015-03-12,300750.SZ,,0,-0.0,False,,,
2015-03-13,300750.SZ,,0,-0.0,False,,,
2015-03-16,300750.SZ,,0,-0.0,False,,,
2015-03-17,300750.SZ,,0,-0.0,False,,,
2015-03-18,300750.SZ,,0,-0.0,False,,,
2015-03-19,300750.SZ,,0,-0.0,False,,,
2015-03-20,300750.SZ,,0,-0.0,False,,,
2015-03-23,300750.SZ,,0,-0.0,False,,,
2015-03-24,300750.SZ,,0,-0.0,False,,,
2015-03-25,300750.SZ,,0,-0.0,False,,,
2015-03-26,300750.SZ,,0,-0.0,False,,,
2015-03-27,300750.SZ,,0,-0.0,False,,,
2015-03-30,300750.SZ,,0,-0.0,False,,,
2015-03-31,300750.SZ,,0,-0.0,False,,,
2015-04-01,300750.SZ,,0,-0.0,False,,,
2015-04-02,300750.SZ,,0,-0.0,False,,,
2015-04-03,300750.SZ,,0,-0.0,False,,,
2015-04-07,300750.SZ,,0,-0.0,False,,,
2015-04-08,300750.SZ,,0,-0.0,False,,,
2015-04-09,300750.SZ,,0,-0.0,False,,,
2015-04-10,300750.SZ,,0,-0.0,False,,,
2015-04-13,300750.SZ,,0,-0.0,False,,,
2015-04-14,300750.SZ,,0,-0.0,False,,,
2015-04-15,300750.SZ,,0,-0.0,False,,,
2015-04-16,300750.SZ,,0,-0.0,False,,,
2015-04-17,300750.SZ,,0,-0.0,False,,,
2015-04-20,300750.SZ,,0,-0.0,False,,,
2015-04-21,300750.SZ,,0,-0.0,False,,,
2015-04-22,300750.SZ,,0,-0.0,False,,,
2015-04-23,300750.SZ,,0,-0.0,False,,,
2015-04-24,300750.SZ,,0,-0.0,False,,,
2015-04-27,300750.SZ,,0,-0.0,False,,,
2015-04-28,300750.SZ,,0,-0.0,False,,,
2015-04-29,300750.SZ,,0,-0.0,False,,,
2015-04-30,300750.SZ,,0,-0.0,False,,,
2015-05-04,300750.SZ,,0,-0.0,False,,,
2015-05-05,300750.SZ,,0,-0.0,False,,,
2015-05-06,300750.SZ,,0,-0.0,False,,,
2015-05-07,300750.SZ,,0,-0.0,False,,,
2015-05-08,300750.SZ,,0,-0.0,False,,,
2015-05-11,300750.SZ,,0,-0.0,False,,,
2015-05-12,300750.SZ,,0,-0.0,False,,,
2015-05-13,300750.SZ,,0,-0.0,False,,,
2015-05-14,300750.SZ,,0,-0.0,False,,,
2015-05-15,300750.SZ,,0,-0.0,False,,,
2015-05-18,300750.SZ,,0,-0.0,False,,,
2015-05-19,300750.SZ,,0,-0.0,False,,,
2015-05-20,300750.SZ,,0,-0.0,False,,,
2015-05-21,300750.SZ,,0,-0.0,False,,,
2015-05-22,300750.SZ,,0,-0.0,False,,,
2015-05-25,300750.SZ,,0,-0.0,False,,,
2015-05-26,300750.SZ,,0,-0.0,False,,,
2015-05-27,300750.SZ,,0,-0.0,False,,,
2015-05-28,300750.SZ,,0,-0.0,False,,,
2015-05-29,300750.SZ,,0,-0.0,False,,,
2015-06-01,300750.SZ,,0,-0.0,False,,,
2015-06-02,300750.SZ,,0,-0.0,False,,,
2015-06-03,300750.SZ,,0,-0.0,False,,,
2015-06-04,300750.SZ,,0,-0.0,False,,,
2015-06-05,300750.SZ,,0,-0.0,False,,,
2015-06-08,300750.SZ,,0,-0.0,False,,,
2015-06-09,300750.SZ,,0,-0.0,False,,,
2015-06-10,300750.SZ,,0,-0.0,False,,,
2015-06-11,300750.SZ,,0,-0.0,False,,,
2015-06-12,300750.SZ,,0,-0.0,False,,,
2015-06-15,300750.SZ,,0,-0.0,False,,,
2015-06-16,300750.SZ,,0,-0.0,False,,,
2015-06-17,300750.SZ,,0,-0.0,False,,,
2015-06-18,300750.SZ,,0,-0.0,False,,,
2015-06-19,300750.SZ,,0,-0.0,False,,,
2015-06-23,300750.SZ,,0,-0.0,False,,,
2015-06-24,300750.SZ,,0,-0.0,False,,,
2015-06-25,300750.SZ,,0,-0.0,False,,,
2015-06-26,300750.SZ,,0,-0.0,False,,,
2015-06-29,300750.SZ,,0,-0.0,False,,,
2015-06-30,300750.SZ,,0,-0.0,False,,,
2015-07-01,300750.SZ,,0,-0.0,False,,,
2015-07-02,300750.SZ,,0,-0.0,False,,,
2015-07-03,300750.SZ,,0,-0.0,False,,,
2015-07-06,300750.SZ,,0,-0.0,False,,,
2015-07-07,300750.SZ,,0,-0.0,False,,,
2015-07-08,300750.SZ,,0,-0.0,False,,,
2015-07-09,300750.SZ,,0,-0.0,False,,,
2015-07-10,300750.SZ,,0,-0.0,False,,,
2015-07-13,300750.SZ,,0,-0.0,False,,,
2015-07-14,300750.SZ,,0,-0.0,False,,,
2015-07-15,300750.SZ,,0,-0.0,False,,,
2015-07-16,300750.SZ,,0,-0.0,False,,,
2015-07-17,300750.SZ,,0,-0.0,False,,,
2015-07-20,300750.SZ,,0,-0.0,False,,,
2015-07-21,300750.SZ,,0,-0.0,False,,,
2015-07-22,300750.SZ,,0,-0.0,False,,,
2015-07-23,300750.SZ,,0,-0.0,False,,,
2015-07-24,300750.SZ,,0,-0.0,False,,,
2015-07-27,300750.SZ,,0,-0.0,False,,,
2015-07-28,300750.SZ,,0,-0.0,False,,,
2015-07-29,300750.SZ,,0,-0.0,False,,,
2015-07-30,300750.SZ,,0,-0.0,False,,,
2015-07-31,300750.SZ,,0,-0.0,False,,,
2015-08-03,300750.SZ,,0,-0.0,False,,,
2015-08-04,300750.SZ,,0,-0.0,False,,,
2015-08-05,300750.SZ,,0,-0.0,False,,,
2015-08-06,300750.SZ,,0,-0.0,False,,,
2015-08-07,300750.SZ,,0,-0.0,False,,,
2015-08-10,300750.SZ,,0,-0.0,False,,,
2015-08-11,300750.SZ,,0,-0.0,False,,,
2015-08-12,300750.SZ,,0,-0.0,False,,,
2015-08-13,300750.SZ,,0,-0.0,False,,,
2015-08-14,300750.SZ,,0,-0.0,False,,,
2015-08-17,300750.SZ,,0,-0.0,False,,,
2015-08-18,300750.SZ,,0,-0.0,False,,,
2015-08-19,300750.SZ,,0,-0.0,False,,,
2015-08-20,300750.SZ,,0,-0.0,False,,,
2015-08-21,300750.SZ,,0,-0.0,False,,,
2015-08-24,300750.SZ,,0,-0.0,False,,,
2015-08-25,300750.SZ,,0,-0.0,False,,,
2015-08-26,300750.SZ,,0,-0.0,False,,,
2015-08-27,300750.SZ,,0,-0.0,False,,,
2015-08-28,300750.SZ,,0,-0.0,False,,,
2015-08-31,300750.SZ,,0,-0.0,False,,,
2015-09-01,300750.SZ,,0,-0.0,False,,,
2015-09-02,300750.SZ,,0,-0.0,False,,,
2015-09-07,300750.SZ,,0,-0.0,False,,,
2015-09-08,300750.SZ,,0,-0.0,False,,,
2015-09-09,300750.SZ,,0,-0.0,False,,,
2015-09-10,300750.SZ,,0,-0.0,False,,,
2015-09-11,300750.SZ,,0,-0.0,False,,,
2015-09-14,300750.SZ,,0,-0.0,False,,,
2015-09-15,300750.SZ,,0,-0.0,False,,,
2015-09-16,300750.SZ,,0,-0.0,False,,,
2015-09-17,300750.SZ,,0,-0.0,False,,,
2015-09-18,300750.SZ,,0,-0.0,False,,,
2015-09-21,300750.SZ,,0,-0.0,False,,,
2015-09-22,300750.SZ,,0,-0.0,False,,,
2015-09-23,300750.SZ,,0,-0.0,False,,,
2015-09-24,300750.SZ,,0,-0.0,False,,,
2015-09-25,300750.SZ,,0,-0.0,False,,,
2015-09-28,300750.SZ,,0,-0.0,False,,,
2015-09-29,300750.SZ,,0,-0.0,False,,,
2015-09-30,300750.SZ,,0,-0.0,False,,,
2015-10-08,300750.SZ,,0,-0.0,False,,,
2015-10-09,300750.SZ,,0,-0.0,False,,,
2015-10-12,300750.SZ,,0,-0.0,False,,,
2015-10-13,300750.SZ,,0,-0.0,False,,,
2015-10-14,300750.SZ,,0,-0.0,False,,,
2015-10-15,300750.SZ,,0,-0.0,False,,,
2015-10-16,300750.SZ,,0,-0.0,False,,,
2015-10-19,300750.SZ,,0,-0.0,False,,,
2015-10-20,300750.SZ,,0,-0.0,False,,,
2015-10-21,300750.SZ,,0,-0.0,False,,,
2015-10-22,300750.SZ,,0,-0.0,False,,,
2015-10-23,300750.SZ,,0,-0.0,False,,,
2015-10-26,300750.SZ,,0,-0.0,False,,,
2015-10-27,300750.SZ,,0,-0.0,False,,,
2015-10-28,300750.SZ,,0,-0.0,False,,,
2015-10-29,300750.SZ,,0,-0.0,False,,,
2015-10-30,300750.SZ,,0,-0.0,False,,,
2015-11-02,300750.SZ,,0,-0.0,False,,,
2015-11-03,300750.SZ,,0,-0.0,False,,,
2015-11-04,300750.SZ,,0,-0.0,False,,,
2015-11-05,300750.SZ,,0,-0.0,False,,,
2015-11-06,300750.SZ,,0,-0.0,False,,,
2015-11-09,300750.SZ,,0,-0.0,False,,,
2015-11-10,300750.SZ,,0,-0.0,False,,,
2015-11-11,300750.SZ,,0,-0.0,False,,,
2015-11-12,300750.SZ,,0,-0.0,False,,,
2015-11-13,300750.SZ,,0,-0.0,False,,,
2015-11-16,300750.SZ,,0,-0.0,False,,,
2015-11-17,300750.SZ,,0,-0.0,False,,,
2015-11-18,300750.SZ,,0,-0.0,False,,,
2015-11-19,300750.SZ,,0,-0.0,False,,,
2015-11-20,300750.SZ,,0,-0.0,False,,,
2015-11-23,300750.SZ,,0,-0.0,False,,,
2015-11-24,300750.SZ,,0,-0.0,False,,,
2015-11-25,300750.SZ,,0,-0.0,False,,,
2015-11-26,300750.SZ,,0,-0.0,False,,,
2015-11-27,300750.SZ,,0,-0.0,False,,,
2015-11-30,300750.SZ,,0,-0.0,False,,,
2015-12-01,300750.SZ,,0,-0.0,False,,,
2015-12-02,300750.SZ,,0,-0.0,False,,,
2015-12-03,300750.SZ,,0,-0.0,False,,,
2015-12-04,300750.SZ,,0,-0.0,False,,,
2015-12-07,300750.SZ,,0,-0.0,False,,,
2015-12-08,300750.SZ,,0,-0.0,False,,,
2015-12-09,300750.SZ,,0,-0.0,False,,,
2015-12-10,300750.SZ,,0,-0.0,False,,,
2015-12-11,300750.SZ,,0,-0.0,False,,,
2015-12-14,300750.SZ,,0,-0.0,False,,,
2015-12-15,300750.SZ,,0,-0.0,False,,,
2015-12-16,300750.SZ,,0,-0.0,False,,,
2015-12-17,300750.SZ,,0,-0.0,False,,,
2015-12-18,300750.SZ,,0,-0.0,False,,,
2015-12-21,300750.SZ,,0,-0.0,False,,,
2015-12-22,300750.SZ,,0,-0.0,False,,,
2015-12-23,300750.SZ,,0,-0.0,False,,,
2015-12-24,300750.SZ,,0,-0.0,False,,,
2015-12-25,300750.SZ,,0,-0.0,False,,,
2015-12-28,300750.SZ,,0,-0.0,False,,,
2015-12-29,300750.SZ,,0,-0.0,False,,,
2015-12-30,300750.SZ,,0,-0.0,False,,,
2015-12-31,300750.SZ,,0,-0.0,False,,,
2016-01-04,300750.SZ,,0,-0.0,False,,,
2016-01-05,300750.SZ,,0,-0.0,False,,,
2016-01-06,300750.SZ,,0,-0.0,False,,,
2016-01-07,300750.SZ,,0,-0.0,False,,,
2016-01-08,300750.SZ,,0,-0.0,False,,,
2016-01-11,300750.SZ,,0,-0.0,False,,,
2016-01-12,300750.SZ,,0,-0.0,False,,,
2016-01-13,300750.SZ,,0,-0.0,False,,,
2016-01-14,300750.SZ,,0,-0.0,False,,,
2016-01-15,300750.SZ,,0,-0.0,False,,,
2016-01-18,300750.SZ,,0,-0.0,False,,,
2016-01-19,300750.SZ,,0,-0.0,False,,,
2016-01-20,300750.SZ,,0,-0.0,False,,,
2016-01-21,300750.SZ,,0,-0.0,False,,,
2016-01-22,300750.SZ,,0,-0.0,False,,,
2016-01-25,300750.SZ,,0,-0.0,False,,,
2016-01-26,300750.SZ,,0,-0.0,False,,,
2016-01-27,300750.SZ,,0,-0.0,False,,,
2016-01-28,300750.SZ,,0,-0.0,False,,,
2016-01-29,300750.SZ,,0,-0.0,False,,,
2016-02-01,300750.SZ,,0,-0.0,False,,,
2016-02-02,300750.SZ,,0,-0.0,False,,,
2016-02-03,300750.SZ,,0,-0.0,False,,,
2016-02-04,300750.SZ,,0,-0.0,False,,,
2016-02-05,300750.SZ,,0,-0.0,False,,,
2016-02-15,300750.SZ,,0,-0.0,False,,,
2016-02-16,300750.SZ,,0,-0.0,False,,,
2016-02-17,300750.SZ,,0,-0.0,False,,,
2016-02-18,300750.SZ,,0,-0.0,False,,,
2016-02-19,300750.SZ,,0,-0.0,False,,,
2016-02-22,300750.SZ,,0,-0.0,False,,,
2016-02-23,300750.SZ,,0,-0.0,False,,,
2016-02-24,300750.SZ,,0,-0.0,False,,,
2016-02-25,300750.SZ,,0,-0.0,False,,,
2016-02-26,300750.SZ,,0,-0.0,False,,,
2016-02-29,300750.SZ,,0,-0.0,False,,,
2016-03-01,300750.SZ,,0,-0.0,False,,,
2016-03-02,300750.SZ,,0,-0.0,False,,,
2016-03-03,300750.SZ,,0,-0.0,False,,,
2016-03-04,300750.SZ,,0,-0.0,False,,,
2016-03-07,300750.SZ,,0,-0.0,False,,,
2016-03-08,300750.SZ,,0,-0.0,False,,,
2016-03-09,300750.SZ,,0,-0.0,False,,,
2016-03-10,300750.SZ,,0,-0.0,False,,,
2016-03-11,300750.SZ,,0,-0.0,False,,,
2016-03-14,300750.SZ,,0,-0.0,False,,,
2016-03-15,300750.SZ,,0,-0.0,False,,,
2016-03-16,300750.SZ,,0,-0.0,False,,,
2016-03-17,300750.SZ,,0,-0.0,False,,,
2016-03-18,300750.SZ,,0,-0.0,False,,,
2016-03-21,300750.SZ,,0,-0.0,False,,,
2016-03-22,300750.SZ,,0,-0.0,False,,,
2016-03-23,300750.SZ,,0,-0.0,False,,,
2016-03-24,300750.SZ,,0,-0.0,False,,,
2016-03-25,300750.SZ,,0,-0.0,False,,,
2016-03-28,300750.SZ,,0,-0.0,False,,,
2016-03-29,300750.SZ,,0,-0.0,False,,,
2016-03-30,300750.SZ,,0,-0.0,False,,,
2016-03-31,300750.SZ,,0,-0.0,False,,,
2016-04-01,300750.SZ,,0,-0.0,False,,,
2016-04-05,300750.SZ,,0,-0.0,False,,,
2016-04-06,300750.SZ,,0,-0.0,False,,,
2016-04-07,300750.SZ,,0,-0.0,False,,,
2016-04-08,300750.SZ,,0,-0.0,False,,,
2016-04-11,300750.SZ,,0,-0.0,False,,,
2016-04-12,300750.SZ,,0,-0.0,False,,,
2016-04-13,300750.SZ,,0,-0.0,False,,,
2016-04-14,300750.SZ,,0,-0.0,False,,,
2016-04-15,300750.SZ,,0,-0.0,False,,,
2016-04-18,300750.SZ,,0,-0.0,False,,,
2016-04-19,300750.SZ,,0,-0.0,False,,,
2016-04-20,300750.SZ,,0,-0.0,False,,,
2016-04-21,300750.SZ,,0,-0.0,False,,,
2016-04-22,300750.SZ,,0,-0.0,False,,,
2016-04-25,300750.SZ,,0,-0.0,False,,,
2016-04-26,300750.SZ,,0,-0.0,False,,,
2016-04-27,300750.SZ,,0,-0.0,False,,,
2016-04-28,300750.SZ,,0,-0.0,False,,,
2016-04-29,300750.SZ,,0,-0.0,False,,,
2016-05-03,300750.SZ,,0,-0.0,False,,,
2016-05-04,300750.SZ,,0,-0.0,False,,,
2016-05-05,300750.SZ,,0,-0.0,False,,,
2016-05-06,300750.SZ,,0,-0.0,False,,,
2016-05-09,300750.SZ,,0,-0.0,False,,,
2016-05-10,300750.SZ,,0,-0.0,False,,,
2016-05-11,300750.SZ,,0,-0.0,False,,,
2016-05-12,300750.SZ,,0,-0.0,False,,,
2016-05-13,300750.SZ,,0,-0.0,False,,,
2016-05-16,300750.SZ,,0,-0.0,False,,,
2016-05-17,300750.SZ,,0,-0.0,False,,,
2016-05-18,300750.SZ,,0,-0.0,False,,,
2016-05-19,300750.SZ,,0,-0.0,False,,,
2016-05-20,300750.SZ,,0,-0.0,False,,,
2016-05-23,300750.SZ,,0,-0.0,False,,,
2016-05-24,300750.SZ,,0,-0.0,False,,,
2016-05-25,300750.SZ,,0,-0.0,False,,,
2016-05-26,300750.SZ,,0,-0.0,False,,,
2016-05-27,300750.SZ,,0,-0.0,False,,,
2016-05-30,300750.SZ,,0,-0.0,False,,,
2016-05-31,300750.SZ,,0,-0.0,False,,,
2016-06-01,300750.SZ,,0,-0.0,False,,,
2016-06-02,300750.SZ,,0,-0.0,False,,,
2016-06-03,300750.SZ,,0,-0.0,False,,,
2016-06-06,300750.SZ,,0,-0.0,False,,,
2016-06-07,300750.SZ,,0,-0.0,False,,,
2016-06-08,300750.SZ,,0,-0.0,False,,,
2016-06-13,300750.SZ,,0,-0.0,False,,,
2016-06-14,300750.SZ,,0,-0.0,False,,,
2016-06-15,300750.SZ,,0,-0.0,False,,,
2016-06-16,300750.SZ,,0,-0.0,False,,,
2016-06-17,300750.SZ,,0,-0.0,False,,,
2016-06-20,300750.SZ,,0,-0.0,False,,,
2016-06-21,300750.SZ,,0,-0.0,False,,,
2016-06-22,300750.SZ,,0,-0.0,False,,,
2016-06-23,300750.SZ,,0,-0.0,False,,,
2016-06-24,300750.SZ,,0,-0.0,False,,,
2016-06-27,300750.SZ,,0,-0.0,False,,,
2016-06-28,300750.SZ,,0,-0.0,False,,,
2016-06-29,300750.SZ,,0,-0.0,False,,,
2016-06-30,300750.SZ,,0,-0.0,False,,,
2016-07-01,300750.SZ,,0,-0.0,False,,,
2016-07-04,300750.SZ,,0,-0.0,False,,,
2016-07-05,300750.SZ,,0,-0.0,False,,,
2016-07-06,300750.SZ,,0,-0.0,False,,,
2016-07-07,300750.SZ,,0,-0.0,False,,,
2016-07-08,300750.SZ,,0,-0.0,False,,,
2016-07-11,300750.SZ,,0,-0.0,False,,,
2016-07-12,300750.SZ,,0,-0.0,False,,,
2016-07-13,300750.SZ,,0,-0.0,False,,,
2016-07-14,300750.SZ,,0,-0.0,False,,,
2016-07-15,300750.SZ,,0,-0.0,False,,,
2016-07-18,300750.SZ,,0,-0.0,False,,,
2016-07-19,300750.SZ,,0,-0.0,False,,,
2016-07-20,300750.SZ,,0,-0.0,False,,,
2016-07-21,300750.SZ,,0,-0.0,False,,,
2016-07-22,300750.SZ,,0,-0.0,False,,,
2016-07-25,300750.SZ,,0,-0.0,False,,,
2016-07-26,300750.SZ,,0,-0.0,False,,,
2016-07-27,300750.SZ,,0,-0.0,False,,,
2016-07-28,300750.SZ,,0,-0.0,False,,,
2016-07-29,300750.SZ,,0,-0.0,False,,,
2016-08-01,300750.SZ,,0,-0.0,False,,,
2016-08-02,300750.SZ,,0,-0.0,False,,,
2016-08-03,300750.SZ,,0,-0.0,False,,,
2016-08-04,300750.SZ,,0,-0.0,False,,,
2016-08-05,300750.SZ,,0,-0.0,False,,,
2016-08-08,300750.SZ,,0,-0.0,False,,,
2016-08-09,300750.SZ,,0,-0.0,False,,,
2016-08-10,300750.SZ,,0,-0.0,False,,,
2016-08-11,300750.SZ,,0,-0.0,False,,,
2016-08-12,300750.SZ,,0,-0.0,False,,,
2016-08-15,300750.SZ,,0,-0.0,False,,,
2016-08-16,300750.SZ,,0,-0.0,False,,,
2016-08-17,300750.SZ,,0,-0.0,False,,,
2016-08-18,300750.SZ,,0,-0.0,False,,,
2016-08-19,300750.SZ,,0,-0.0,False,,,
2016-08-22,300750.SZ,,0,-0.0,False,,,
2016-08-23,300750.SZ,,0,-0.0,False,,,
2016-08-24,300750.SZ,,0,-0.0,False,,,
2016-08-25,300750.SZ,,0,-0.0,False,,,
2016-08-26,300750.SZ,,0,-0.0,False,,,
2016-08-29,300750.SZ,,0,-0.0,False,,,
2016-08-30,300750.SZ,,0,-0.0,False,,,
2016-08-31,300750.SZ,,0,-0.0,False,,,
2016-09-01,300750.SZ,,0,-0.0,False,,,
2016-09-02,300750.SZ,,0,-0.0,False,,,
2016-09-05,300750.SZ,,0,-0.0,False,,,
2016-09-06,300750.SZ,,0,-0.0,False,,,
2016-09-07,300750.SZ,,0,-0.0,False,,,
2016-09-08,300750.SZ,,0,-0.0,False,,,
2016-09-09,300750.SZ,,0,-0.0,False,,,
2016-09-12,300750.SZ,,0,-0.0,False,,,
2016-09-13,300750.SZ,,0,-0.0,False,,,
2016-09-14,300750.SZ,,0,-0.0,False,,,
2016-09-19,300750.SZ,,0,-0.0,False,,,
2016-09-20,300750.SZ,,0,-0.0,False,,,
2016-09-21,300750.SZ,,0,-0.0,False,,,
2016-09-22,300750.SZ,,0,-0.0,False,,,
2016-09-23,300750.SZ,,0,-0.0,False,,,
2016-09-26,300750.SZ,,0,-0.0,False,,,
2016-09-27,300750.SZ,,0,-0.0,False,,,
2016-09-28,300750.SZ,,0,-0.0,False,,,
2016-09-29,300750.SZ,,0,-0.0,False,,,
2016-09-30,300750.SZ,,0,-0.0,False,,,
2016-10-10,300750.SZ,,0,-0.0,False,,,
2016-10-11,300750.SZ,,0,-0.0,False,,,
2016-10-12,300750.SZ,,0,-0.0,False,,,
2016-10-13,300750.SZ,,0,-0.0,False,,,
2016-10-14,300750.SZ,,0,-0.0,False,,,
2016-10-17,300750.SZ,,0,-0.0,False,,,
2016-10-18,300750.SZ,,0,-0.0,False,,,
2016-10-19,300750.SZ,,0,-0.0,False,,,
2016-10-20,300750.SZ,,0,-0.0,False,,,
2016-10-21,300750.SZ,,0,-0.0,False,,,
2016-10-24,300750.SZ,,0,-0.0,False,,,
2016-10-25,300750.SZ,,0,-0.0,False,,,
2016-10-26,300750.SZ,,0,-0.0,False,,,
2016-10-27,300750.SZ,,0,-0.0,False,,,
2016-10-28,300750.SZ,,0,-0.0,False,,,
2016-10-31,300750.SZ,,0,-0.0,False,,,
2016-11-01,300750.SZ,,0,-0.0,False,,,
2016-11-02,300750.SZ,,0,-0.0,False,,,
2016-11-03,300750.SZ,,0,-0.0,False,,,
2016-11-04,300750.SZ,,0,-0.0,False,,,
2016-11-07,300750.SZ,,0,-0.0,False,,,
2016-11-08,300750.SZ,,0,-0.0,False,,,
2016-11-09,300750.SZ,,0,-0.0,False,,,
2016-11-10,300750.SZ,,0,-0.0,False,,,
2016-11-11,300750.SZ,,0,-0.0,False,,,
2016-11-14,300750.SZ,,0,-0.0,False,,,
2016-11-15,300750.SZ,,0,-0.0,False,,,
2016-11-16,300750.SZ,,0,-0.0,False,,,
2016-11-17,300750.SZ,,0,-0.0,False,,,
2016-11-18,300750.SZ,,0,-0.0,False,,,
2016-11-21,300750.SZ,,0,-0.0,False,,,
2016-11-22,300750.SZ,,0,-0.0,False,,,
2016-11-23,300750.SZ,,0,-0.0,False,,,
2016-11-24,300750.SZ,,0,-0.0,False,,,
2016-11-25,300750.SZ,,0,-0.0,False,,,
2016-11-28,300750.SZ,,0,-0.0,False,,,
2016-11-29,300750.SZ,,0,-0.0,False,,,
2016-11-30,300750.SZ,,0,-0.0,False,,,
2016-12-01,300750.SZ,,0,-0.0,False,,,
2016-12-02,300750.SZ,,0,-0.0,False,,,
2016-12-05,300750.SZ,,0,-0.0,False,,,
2016-12-06,300750.SZ,,0,-0.0,False,,,
2016-12-07,300750.SZ,,0,-0.0,False,,,
2016-12-08,300750.SZ,,0,-0.0,False,,,
2016-12-09,300750.SZ,,0,-0.0,False,,,
2016-12-12,300750.SZ,,0,-0.0,False,,,
2016-12-13,300750.SZ,,0,-0.0,False,,,
2016-12-14,300750.SZ,,0,-0.0,False,,,
2016-12-15,300750.SZ,,0,-0.0,False,,,
2016-12-16,300750.SZ,,0,-0.0,False,,,
2016-12-19,300750.SZ,,0,-0.0,False,,,
2016-12-20,300750.SZ,,0,-0.0,False,,,
2016-12-21,300750.SZ,,0,-0.0,False,,,
2016-12-22,300750.SZ,,0,-0.0,False,,,
2016-12-23,300750.SZ,,0,-0.0,False,,,
2016-12-26,300750.SZ,,0,-0.0,False,,,
2016-12-27,300750.SZ,,0,-0.0,False,,,
2016-12-28,300750.SZ,,0,-0.0,False,,,
2016-12-29,300750.SZ,,0,-0.0,False,,,
2016-12-30,300750.SZ,,0,-0.0,False,,,
2017-01-03,300750.SZ,,0,-0.0,False,,,
2017-01-04,300750.SZ,,0,-0.0,False,,,
2017-01-05,300750.SZ,,0,-0.0,False,,,
2017-01-06,300750.SZ,,0,-0.0,False,,,
2017-01-09,300750.SZ,,0,-0.0,False,,,
2017-01-10,300750.SZ,,0,-0.0,False,,,
2017-01-11,300750.SZ,,0,-0.0,False,,,
2017-01-12,300750.SZ,,0,-0.0,False,,,
2017-01-13,300750.SZ,,0,-0.0,False,,,
2017-01-16,300750.SZ,,0,-0.0,False,,,
2017-01-17,300750.SZ,,0,-0.0,False,,,
2017-01-18,300750.SZ,,0,-0.0,False,,,
2017-01-19,300750.SZ,,0,-0.0,False,,,
2017-01-20,300750.SZ,,0,-0.0,False,,,
2017-01-23,300750.SZ,,0,-0.0,False,,,
2017-01-24,300750.SZ,,0,-0.0,False,,,
2017-01-25,300750.SZ,,0,-0.0,False,,,
2017-01-26,300750.SZ,,0,-0.0,False,,,
2017-02-03,300750.SZ,,0,-0.0,False,,,
2017-02-06,300750.SZ,,0,-0.0,False,,,
2017-02-07,300750.SZ,,0,-0.0,False,,,
2017-02-08,300750.SZ,,0,-0.0,False,,,
2017-02-09,300750.SZ,,0,-0.0,False,,,
2017-02-10,300750.SZ,,0,-0.0,False,,,
2017-02-13,300750.SZ,,0,-0.0,False,,,
2017-02-14,300750.SZ,,0,-0.0,False,,,
2017-02-15,300750.SZ,,0,-0.0,False,,,
2017-02-16,300750.SZ,,0,-0.0,False,,,
2017-02-17,300750.SZ,,0,-0.0,False,,,
2017-02-20,300750.SZ,,0,-0.0,False,,,
2017-02-21,300750.SZ,,0,-0.0,False,,,
2017-02-22,300750.SZ,,0,-0.0,False,,,
2017-02-23,300750.SZ,,0,-0.0,False,,,
2017-02-24,300750.SZ,,0,-0.0,False,,,
2017-02-27,300750.SZ,,0,-0.0,False,,,
2017-02-28,300750.SZ,,0,-0.0,False,,,
2017-03-01,300750.SZ,,0,-0.0,False,,,
2017-03-02,300750.SZ,,0,-0.0,False,,,
2017-03-03,300750.SZ,,0,-0.0,False,,,
2017-03-06,300750.SZ,,0,-0.0,False,,,
2017-03-07,300750.SZ,,0,-0.0,False,,,
2017-03-08,300750.SZ,,0,-0.0,False,,,
2017-03-09,300750.SZ,,0,-0.0,False,,,
2017-03-10,300750.SZ,,0,-0.0,False,,,
2017-03-13,300750.SZ,,0,-0.0,False,,,
2017-03-14,300750.SZ,,0,-0.0,False,,,
2017-03-15,300750.SZ,,0,-0.0,False,,,
2017-03-16,300750.SZ,,0,-0.0,False,,,
2017-03-17,300750.SZ,,0,-0.0,False,,,
2017-03-20,300750.SZ,,0,-0.0,False,,,
2017-03-21,300750.SZ,,0,-0.0,False,,,
2017-03-22,300750.SZ,,0,-0.0,False,,,
2017-03-23,300750.SZ,,0,-0.0,False,,,
2017-03-24,300750.SZ,,0,-0.0,False,,,
2017-03-27,300750.SZ,,0,-0.0,False,,,
2017-03-28,300750.SZ,,0,-0.0,False,,,
2017-03-29,300750.SZ,,0,-0.0,False,,,
2017-03-30,300750.SZ,,0,-0.0,False,,,
2017-03-31,300750.SZ,,0,-0.0,False,,,
2017-04-05,300750.SZ,,0,-0.0,False,,,
2017-04-06,300750.SZ,,0,-0.0,False,,,
2017-04-07,300750.SZ,,0,-0.0,False,,,
2017-04-10,300750.SZ,,0,-0.0,False,,,
2017-04-11,300750.SZ,,0,-0.0,False,,,
2017-04-12,300750.SZ,,0,-0.0,False,,,
2017-04-13,300750.SZ,,0,-0.0,False,,,
2017-04-14,300750.SZ,,0,-0.0,False,,,
2017-04-17,300750.SZ,,0,-0.0,False,,,
2017-04-18,300750.SZ,,0,-0.0,False,,,
2017-04-19,300750.SZ,,0,-0.0,False,,,
2017-04-20,300750.SZ,,0,-0.0,False,,,
2017-04-21,300750.SZ,,0,-0.0,False,,,
2017-04-24,300750.SZ,,0,-0.0,False,,,
2017-04-25,300750.SZ,,0,-0.0,False,,,
2017-04-26,300750.SZ,,0,-0.0,False,,,
2017-04-27,300750.SZ,,0,-0.0,False,,,
2017-04-28,300750.SZ,,0,-0.0,False,,,
2017-05-02,300750.SZ,,0,-0.0,False,,,
2017-05-03,300750.SZ,,0,-0.0,False,,,
2017-05-04,300750.SZ,,0,-0.0,False,,,
2017-05-05,300750.SZ,,0,-0.0,False,,,
2017-05-08,300750.SZ,,0,-0.0,False,,,
2017-05-09,300750.SZ,,0,-0.0,False,,,
2017-05-10,300750.SZ,,0,-0.0,False,,,
2017-05-11,300750.SZ,,0,-0.0,False,,,
2017-05-12,300750.SZ,,0,-0.0,False,,,
2017-05-15,300750.SZ,,0,-0.0,False,,,
2017-05-16,300750.SZ,,0,-0.0,False,,,
2017-05-17,300750.SZ,,0,-0.0,False,,,
2017-05-18,300750.SZ,,0,-0.0,False,,,
2017-05-19,300750.SZ,,0,-0.0,False,,,
2017-05-22,300750.SZ,,0,-0.0,False,,,
2017-05-23,300750.SZ,,0,-0.0,False,,,
2017-05-24,300750.SZ,,0,-0.0,False,,,
2017-05-25,300750.SZ,,0,-0.0,False,,,
2017-05-26,300750.SZ,,0,-0.0,False,,,
2017-05-31,300750.SZ,,0,-0.0,False,,,
2017-06-01,300750.SZ,,0,-0.0,False,,,
2017-06-02,300750.SZ,,0,-0.0,False,,,
2017-06-05,300750.SZ,,0,-0.0,False,,,
2017-06-06,300750.SZ,,0,-0.0,False,,,
2017-06-07,300750.SZ,,0,-0.0,False,,,
2017-06-08,300750.SZ,,0,-0.0,False,,,
2017-06-09,300750.SZ,,0,-0.0,False,,,
2017-06-12,300750.SZ,,0,-0.0,False,,,
2017-06-13,300750.SZ,,0,-0.0,False,,,
2017-06-14,300750.SZ,,0,-0.0,False,,,
2017-06-15,300750.SZ,,0,-0.0,False,,,
2017-06-16,300750.SZ,,0,-0.0,False,,,
2017-06-19,300750.SZ,,0,-0.0,False,,,
2017-06-20,300750.SZ,,0,-0.0,False,,,
2017-06-21,300750.SZ,,0,-0.0,False,,,
2017-06-22,300750.SZ,,0,-0.0,False,,,
2017-06-23,300750.SZ,,0,-0.0,False,,,
2017-06-26,300750.SZ,,0,-0.0,False,,,
2017-06-27,300750.SZ,,0,-0.0,False,,,
2017-06-28,300750.SZ,,0,-0.0,False,,,
2017-06-29,300750.SZ,,0,-0.0,False,,,
2017-06-30,300750.SZ,,0,-0.0,False,,,
2017-07-03,300750.SZ,,0,-0.0,False,,,
2017-07-04,300750.SZ,,0,-0.0,False,,,
2017-07-05,300750.SZ,,0,-0.0,False,,,
2017-07-06,300750.SZ,,0,-0.0,False,,,
2017-07-07,300750.SZ,,0,-0.0,False,,,
2017-07-10,300750.SZ,,0,-0.0,False,,,
2017-07-11,300750.SZ,,0,-0.0,False,,,
2017-07-12,300750.SZ,,0,-0.0,False,,,
2017-07-13,300750.SZ,,0,-0.0,False,,,
2017-07-14,300750.SZ,,0,-0.0,False,,,
2017-07-17,300750.SZ,,0,-0.0,False,,,
2017-07-18,300750.SZ,,0,-0.0,False,,,
2017-07-19,300750.SZ,,0,-0.0,False,,,
2017-07-20,300750.SZ,,0,-0.0,False,,,
2017-07-21,300750.SZ,,0,-0.0,False,,,
2017-07-24,300750.SZ,,0,-0.0,False,,,
2017-07-25,300750.SZ,,0,-0.0,False,,,
2017-07-26,300750.SZ,,0,-0.0,False,,,
2017-07-27,300750.SZ,,0,-0.0,False,,,
2017-07-28,300750.SZ,,0,-0.0,False,,,
2017-07-31,300750.SZ,,0,-0.0,False,,,
2017-08-01,300750.SZ,,0,-0.0,False,,,
2017-08-02,300750.SZ,,0,-0.0,False,,,
2017-08-03,300750.SZ,,0,-0.0,False,,,
2017-08-04,300750.SZ,,0,-0.0,False,,,
2017-08-07,300750.SZ,,0,-0.0,False,,,
2017-08-08,300750.SZ,,0,-0.0,False,,,
2017-08-09,300750.SZ,,0,-0.0,False,,,
2017-08-10,300750.SZ,,0,-0.0,False,,,
2017-08-11,300750.SZ,,0,-0.0,False,,,
2017-08-14,300750.SZ,,0,-0.0,False,,,
2017-08-15,300750.SZ,,0,-0.0,False,,,
2017-08-16,300750.SZ,,0,-0.0,False,,,
2017-08-17,300750.SZ,,0,-0.0,False,,,
2017-08-18,300750.SZ,,0,-0.0,False,,,
2017-08-21,300750.SZ,,0,-0.0,False,,,
2017-08-22,300750.SZ,,0,-0.0,False,,,
2017-08-23,300750.SZ,,0,-0.0,False,,,
2017-08-24,300750.SZ,,0,-0.0,False,,,
2017-08-25,300750.SZ,,0,-0.0,False,,,
2017-08-28,300750.SZ,,0,-0.0,False,,,
2017-08-29,300750.SZ,,0,-0.0,False,,,
2017-08-30,300750.SZ,,0,-0.0,False,,,
2017-08-31,300750.SZ,,0,-0.0,False,,,
2017-09-01,300750.SZ,,0,-0.0,False,,,
2017-09-04,300750.SZ,,0,-0.0,False,,,
2017-09-05,300750.SZ,,0,-0.0,False,,,
2017-09-06,300750.SZ,,0,-0.0,False,,,
2017-09-07,300750.SZ,,0,-0.0,False,,,
2017-09-08,300750.SZ,,0,-0.0,False,,,
2017-09-11,300750.SZ,,0,-0.0,False,,,
2017-09-12,300750.SZ,,0,-0.0,False,,,
2017-09-13,300750.SZ,,0,-0.0,False,,,
2017-09-14,300750.SZ,,0,-0.0,False,,,
2017-09-15,300750.SZ,,0,-0.0,False,,,
2017-09-18,300750.SZ,,0,-0.0,False,,,
2017-09-19,300750.SZ,,0,-0.0,False,,,
2017-09-20,300750.SZ,,0,-0.0,False,,,
2017-09-21,300750.SZ,,0,-0.0,False,,,
2017-09-22,300750.SZ,,0,-0.0,False,,,
2017-09-25,300750.SZ,,0,-0.0,False,,,
2017-09-26,300750.SZ,,0,-0.0,False,,,
2017-09-27,300750.SZ,,0,-0.0,False,,,
2017-09-28,300750.SZ,,0,-0.0,False,,,
2017-09-29,300750.SZ,,0,-0.0,False,,,
2017-10-09,300750.SZ,,0,-0.0,False,,,
2017-10-10,300750.SZ,,0,-0.0,False,,,
2017-10-11,300750.SZ,,0,-0.0,False,,,
2017-10-12,300750.SZ,,0,-0.0,False,,,
2017-10-13,300750.SZ,,0,-0.0,False,,,
2017-10-16,300750.SZ,,0,-0.0,False,,,
2017-10-17,300750.SZ,,0,-0.0,False,,,
2017-10-18,300750.SZ,,0,-0.0,False,,,
2017-10-19,300750.SZ,,0,-0.0,False,,,
2017-10-20,300750.SZ,,0,-0.0,False,,,
2017-10-23,300750.SZ,,0,-0.0,False,,,
2017-10-24,300750.SZ,,0,-0.0,False,,,
2017-10-25,300750.SZ,,0,-0.0,False,,,
2017-10-26,300750.SZ,,0,-0.0,False,,,
2017-10-27,300750.SZ,,0,-0.0,False,,,
2017-10-30,300750.SZ,,0,-0.0,False,,,
2017-10-31,300750.SZ,,0,-0.0,False,,,
2017-11-01,300750.SZ,,0,-0.0,False,,,
2017-11-02,300750.SZ,,0,-0.0,False,,,
2017-11-03,300750.SZ,,0,-0.0,False,,,
2017-11-06,300750.SZ,,0,-0.0,False,,,
2017-11-07,300750.SZ,,0,-0.0,False,,,
2017-11-08,300750.SZ,,0,-0.0,False,,,
2017-11-09,300750.SZ,,0,-0.0,False,,,
2017-11-10,300750.SZ,,0,-0.0,False,,,
2017-11-13,300750.SZ,,0,-0.0,False,,,
2017-11-14,300750.SZ,,0,-0.0,False,,,
2017-11-15,300750.SZ,,0,-0.0,False,,,
2017-11-16,300750.SZ,,0,-0.0,False,,,
2017-11-17,300750.SZ,,0,-0.0,False,,,
2017-11-20,300750.SZ,,0,-0.0,False,,,
2017-11-21,300750.SZ,,0,-0.0,False,,,
2017-11-22,300750.SZ,,0,-0.0,False,,,
2017-11-23,300750.SZ,,0,-0.0,False,,,
2017-11-24,300750.SZ,,0,-0.0,False,,,
2017-11-27,300750.SZ,,0,-0.0,False,,,
2017-11-28,300750.SZ,,0,-0.0,False,,,
2017-11-29,300750.SZ,,0,-0.0,False,,,
2017-11-30,300750.SZ,,0,-0.0,False,,,
2017-12-01,300750.SZ,,0,-0.0,False,,,
2017-12-04,300750.SZ,,0,-0.0,False,,,
2017-12-05,300750.SZ,,0,-0.0,False,,,
2017-12-06,300750.SZ,,0,-0.0,False,,,
2017-12-07,300750.SZ,,0,-0.0,False,,,
2017-12-08,300750.SZ,,0,-0.0,False,,,
2017-12-11,300750.SZ,,0,-0.0,False,,,
2017-12-12,300750.SZ,,0,-0.0,False,,,
2017-12-13,300750.SZ,,0,-0.0,False,,,
2017-12-14,300750.SZ,,0,-0.0,False,,,
2017-12-15,300750.SZ,,0,-0.0,False,,,
2017-12-18,300750.SZ,,0,-0.0,False,,,
2017-12-19,300750.SZ,,0,-0.0,False,,,
2017-12-20,300750.SZ,,0,-0.0,False,,,
2017-12-21,300750.SZ,,0,-0.0,False,,,
2017-12-22,300750.SZ,,0,-0.0,False,,,
2017-12-25,300750.SZ,,0,-0.0,False,,,
2017-12-26,300750.SZ,,0,-0.0,False,,,
2017-12-27,300750.SZ,,0,-0.0,False,,,
2017-12-28,300750.SZ,,0,-0.0,False,,,
2017-12-29,300750.SZ,,0,-0.0,False,,,
2018-01-02,300750.SZ,,0,-0.0,False,,,
2018-01-03,300750.SZ,,0,-0.0,False,,,
2018-01-04,300750.SZ,,0,-0.0,False,,,
2018-01-05,300750.SZ,,0,-0.0,False,,,
2018-01-08,300750.SZ,,0,-0.0,False,,,
2018-01-09,300750.SZ,,0,-0.0,False,,,
2018-01-10,300750.SZ,,0,-0.0,False,,,
2018-01-11,300750.SZ,,0,-0.0,False,,,
2018-01-12,300750.SZ,,0,-0.0,False,,,
2018-01-15,300750.SZ,,0,-0.0,False,,,
2018-01-16,300750.SZ,,0,-0.0,False,,,
2018-01-17,300750.SZ,,0,-0.0,False,,,
2018-01-18,300750.SZ,,0,-0.0,False,,,
2018-01-19,300750.SZ,,0,-0.0,False,,,
2018-01-22,300750.SZ,,0,-0.0,False,,,
2018-01-23,300750.SZ,,0,-0.0,False,,,
2018-01-24,300750.SZ,,0,-0.0,False,,,
2018-01-25,300750.SZ,,0,-0.0,False,,,
2018-01-26,300750.SZ,,0,-0.0,False,,,
2018-01-29,300750.SZ,,0,-0.0,False,,,
2018-01-30,300750.SZ,,0,-0.0,False,,,
2018-01-31,300750.SZ,,0,-0.0,False,,,
2018-02-01,300750.SZ,,0,-0.0,False,,,
2018-02-02,300750.SZ,,0,-0.0,False,,,
2018-02-05,300750.SZ,,0,-0.0,False,,,
2018-02-06,300750.SZ,,0,-0.0,False,,,
2018-02-07,300750.SZ,,0,-0.0,False,,,
2018-02-08,300750.SZ,,0,-0.0,False,,,
2018-02-09,300750.SZ,,0,-0.0,False,,,
2018-02-12,300750.SZ,,0,-0.0,False,,,
2018-02-13,300750.SZ,,0,-0.0,False,,,
2018-02-14,300750.SZ,,0,-0.0,False,,,
2018-02-22,300750.SZ,,0,-0.0,False,,,
2018-02-23,300750.SZ,,0,-0.0,False,,,
2018-02-26,300750.SZ,,0,-0.0,False,,,
2018-02-27,300750.SZ,,0,-0.0,False,,,
2018-02-28,300750.SZ,,0,-0.0,False,,,
2018-03-01,300750.SZ,,0,-0.0,False,,,
2018-03-02,300750.SZ,,0,-0.0,False,,,
2018-03-05,300750.SZ,,0,-0.0,False,,,
2018-03-06,300750.SZ,,0,-0.0,False,,,
2018-03-07,300750.SZ,,0,-0.0,False,,,
2018-03-08,300750.SZ,,0,-0.0,False,,,
2018-03-09,300750.SZ,,0,-0.0,False,,,
2018-03-12,300750.SZ,,0,-0.0,False,,,
2018-03-13,300750.SZ,,0,-0.0,False,,,
2018-03-14,300750.SZ,,0,-0.0,False,,,
2018-03-15,300750.SZ,,0,-0.0,False,,,
2018-03-16,300750.SZ,,0,-0.0,False,,,
2018-03-19,300750.SZ,,0,-0.0,False,,,
2018-03-20,300750.SZ,,0,-0.0,False,,,
2018-03-21,300750.SZ,,0,-0.0,False,,,
2018-03-22,300750.SZ,,0,-0.0,False,,,
2018-03-23,300750.SZ,,0,-0.0,False,,,
2018-03-26,300750.SZ,,0,-0.0,False,,,
2018-03-27,300750.SZ,,0,-0.0,False,,,
2018-03-28,300750.SZ,,0,-0.0,False,,,
2018-03-29,300750.SZ,,0,-0.0,False,,,
2018-03-30,300750.SZ,,0,-0.0,False,,,
2018-04-02,300750.SZ,,0,-0.0,False,,,
2018-04-03,300750.SZ,,0,-0.0,False,,,
2018-04-04,300750.SZ,,0,-0.0,False,,,
2018-04-09,300750.SZ,,0,-0.0,False,,,
2018-04-10,300750.SZ,,0,-0.0,False,,,
2018-04-11,300750.SZ,,0,-0.0,False,,,
2018-04-12,300750.SZ,,0,-0.0,False,,,
2018-04-13,300750.SZ,,0,-0.0,False,,,
2018-04-16,300750.SZ,,0,-0.0,False,,,
2018-04-17,300750.SZ,,0,-0.0,False,,,
2018-04-18,300750.SZ,,0,-0.0,False,,,
2018-04-19,300750.SZ,,0,-0.0,False,,,
2018-04-20,300750.SZ,,0,-0.0,False,,,
2018-04-23,300750.SZ,,0,-0.0,False,,,
2018-04-24,300750.SZ,,0,-0.0,False,,,
2018-04-25,300750.SZ,,0,-0.0,False,,,
2018-04-26,300750.SZ,,0,-0.0,False,,,
2018-04-27,300750.SZ,,0,-0.0,False,,,
2018-05-02,300750.SZ,,0,-0.0,False,,,
2018-05-03,300750.SZ,,0,-0.0,False,,,
2018-05-04,300750.SZ,,0,-0.0,False,,,
2018-05-07,300750.SZ,,0,-0.0,False,,,
2018-05-08,300750.SZ,,0,-0.0,False,,,
2018-05-09,300750.SZ,,0,-0.0,False,,,
2018-05-10,300750.SZ,,0,-0.0,False,,,
2018-05-11,300750.SZ,,0,-0.0,False,,,
2018-05-14,300750.SZ,,0,-0.0,False,,,
2018-05-15,300750.SZ,,0,-0.0,False,,,
2018-05-16,300750.SZ,,0,-0.0,False,,,
2018-05-17,300750.SZ,,0,-0.0,False,,,
2018-05-18,300750.SZ,,0,-0.0,False,,,
2018-05-21,300750.SZ,,0,-0.0,False,,,
2018-05-22,300750.SZ,,0,-0.0,False,,,
2018-05-23,300750.SZ,,0,-0.0,False,,,
2018-05-24,300750.SZ,,0,-0.0,False,,,
2018-05-25,300750.SZ,,0,-0.0,False,,,
2018-05-28,300750.SZ,,0,-0.0,False,,,
2018-05-29,300750.SZ,,0,-0.0,False,,,
2018-05-30,300750.SZ,,0,-0.0,False,,,
2018-05-31,300750.SZ,,0,-0.0,False,,,
2018-06-01,300750.SZ,,0,-0.0,False,,,
2018-06-04,300750.SZ,,0,-0.0,False,,,
2018-06-05,300750.SZ,,0,-0.0,False,,,
2018-06-06,300750.SZ,,0,-0.0,False,,,
2018-06-07,300750.SZ,,0,-0.0,False,,,
2018-06-08,300750.SZ,,0,-0.0,False,,,
2018-06-11,300750.SZ,,0,-0.0,False,,,
2018-06-12,300750.SZ,,0,-0.0,False,,,
2018-06-13,300750.SZ,,0,-0.0,False,,,
2018-06-14,300750.SZ,,0,-0.0,False,,,
2018-06-15,300750.SZ,0.4290830945558739,0,-0.0,False,,,
2018-06-19,300750.SZ,0.45415472779369626,0,-0.0,False,,,
2018-06-20,300750.SZ,0.34885386819484243,0,-0.0,False,,,
2018-06-21,300750.SZ,0.4469914040114613,0,-0.0,False,,,
2018-06-22,300750.SZ,,0,-0.0,False,,,
2018-06-25,300750.SZ,,0,-0.0,False,,,
2018-06-26,300750.SZ,,0,-0.0,False,,,
2018-06-27,300750.SZ,,0,-0.0,False,,,
2018-06-28,300750.SZ,,0,-0.0,False,,,
2018-06-29,300750.SZ,,0,-0.0,False,,,
2018-07-02,300750.SZ,,0,-0.0,False,,,
2018-07-03,300750.SZ,,0,-0.0,False,,,
2018-07-04,300750.SZ,,0,-0.0,False,,,
2018-07-05,300750.SZ,,0,-0.0,False,,,
2018-07-06,300750.SZ,,0,-0.0,False,,,
2018-07-09,300750.SZ,,0,-0.0,False,,,
2018-07-10,300750.SZ,,0,-0.0,False,,,
2018-07-11,300750.SZ,0.45636623748211735,0,-0.0,False,,,
2018-07-12,300750.SZ,0.26060191518467857,0,-0.0,False,,,
2018-07-13,300750.SZ,-0.010040160642570295,0,-0.0,False,,,
2018-07-16,300750.SZ,-0.16666666666666669,0,-0.0,False,,,
2018-07-17,300750.SZ,-0.30856760374832665,0,-0.0,False,,,
2018-07-18,300750.SZ,-0.34605087014725566,0,-0.0,False,,,
2018-07-19,300750.SZ,-0.08032128514056225,0,-0.0,False,,,
2018-07-20,300750.SZ,0.2938420348058902,0,-0.0,False,,,
2018-07-23,300750.SZ,-0.19076305220883533,0,-0.0,False,,,
2018-07-24,300750.SZ,0.13119143239625164,0,-0.0,False,,,
2018-07-25,300750.SZ,-0.07028112449799195,0,-0.0,False,,,
2018-07-26,300750.SZ,-0.14056224899598396,0,-0.0,False,,,
2018-07-27,300750.SZ,-0.20348058902275767,0,-0.0,False,,,
2018-07-30,300750.SZ,-0.3005354752342704,0,-0.0,False,,,
2018-07-31,300750.SZ,0.22021419009370813,0,-0.0,False,,,
2018-08-01,300750.SZ,0.0789825970548862,0,-0.0,False,,,
2018-08-02,300750.SZ,-0.15127175368139223,0,-0.0,False,,,
2018-08-03,300750.SZ,-0.3775100401606426,0,-0.0,False,,,
2018-08-06,300750.SZ,0.23895582329317266,0,-0.0,False,,,
2018-08-07,300750.SZ,0.13386880856760375,0,-0.0,False,,,
2018-08-08,300750.SZ,0.0153949129852744,0,-0.0,False,,,
2018-08-09,300750.SZ,0.18540829986613117,0,-0.0,False,,,
2018-08-10,300750.SZ,0.2523427041499331,0,-0.0,False,,,
2018-08-13,300750.SZ,0.018741633199464536,0,-0.0,False,,,
2018-08-14,300750.SZ,-0.09772423025435073,0,-0.0,False,,,
2018-08-15,300750.SZ,-0.10575635876840694,0,-0.0,False,,,
2018-08-16,300750.SZ,-0.3594377510040161,0,-0.0,False,,,
2018-08-17,300750.SZ,0.28915662650602414,0,-0.0,False,,,
2018-08-20,300750.SZ,0.30187416331994643,0,-0.0,False,,,
2018-08-21,300750.SZ,0.14993306559571618,0,-0.0,False,,,
2018-08-22,300750.SZ,0.04484605087014726,0,-0.0,False,,,
2018-08-23,300750.SZ,-0.09236947791164657,0,-0.0,False,,,
2018-08-24,300750.SZ,-0.15729585006693442,0,-0.0,False,,,
2018-08-27,300750.SZ,0.12918340026773767,0,-0.0,False,,,
2018-08-28,300750.SZ,0.2751004016064257,0,-0.0,False,,,
2018-08-29,300750.SZ,0.40896921017402943,0,-0.0,False,,,
2018-08-30,300750.SZ,0.3601070950468541,0,-0.0,False,,,
2018-08-31,300750.SZ,0.32262382864792505,0,-0.0,False,,,
2018-09-03,300750.SZ,0.01338688085676043,0,-0.0,False,,,
2018-09-04,300750.SZ,-0.392235609103079,0,-0.0,False,,,
2018-09-05,300750.SZ,0.10776439089692103,0,-0.0,False,,,
2018-09-06,300750.SZ,0.048192771084337394,0,-0.0,False,,,
2018-09-07,300750.SZ,-0.04484605087014726,0,-0.0,False,,,
2018-09-10,300750.SZ,-0.14993306559571618,0,-0.0,False,,,
2018-09-11,300750.SZ,-0.005354752342704161,0,-0.0,False,,,
2018-09-12,300750.SZ,0.40160642570281124,0,-0.0,False,,,
2018-09-13,300750.SZ,0.28647925033467203,0,-0.0,False,,,
2018-09-14,300750.SZ,0.37349397590361444,0,-0.0,False,,,
2018-09-17,300750.SZ,0.30187416331994643,0,-0.0,False,,,
2018-09-18,300750.SZ,0.30455153949129854,0,-0.0,False,,,
2018-09-19,300750.SZ,0.23159303882195448,0,-0.0,False,,,
2018-09-20,300750.SZ,0.33534136546184734,0,-0.0,False,,,
2018-09-21,300750.SZ,0.10374832663989286,0,-0.0,False,,,
2018-09-25,300750.SZ,-0.04752342704149931,0,-0.0,False,,,
2018-09-26,300750.SZ,0.32998661311914324,0,-0.0,False,,,
2018-09-27,300750.SZ,0.2242302543507363,0,-0.0,False,,,
2018-09-28,300750.SZ,0.34002677376171353,0,-0.0,False,,,
2018-10-08,300750.SZ,0.22155287817938418,0,-0.0,False,,,
2018-10-09,300750.SZ,0.14993306559571618,0,-0.0,False,,,
2018-10-10,300750.SZ,-0.06492637215528779,0,-0.0,False,,,
2018-10-11,300750.SZ,-0.1285140562248996,0,-0.0,False,,,
2018-10-12,300750.SZ,0.05622489959839361,0,-0.0,False,,,
2018-10-15,300750.SZ,0.4544846050870147,0,-0.0,False,,,
2018-10-16,300750.SZ,0.31726907630522083,0,-0.0,False,,,
2018-10-17,300750.SZ,0.26372155287817933,0,-0.0,False,,,
2018-10-18,300750.SZ,0.21820615796519416,0,-0.0,False,,,
2018-10-19,300750.SZ,0.24297188755020083,0,-0.0,False,,,
2018-10-22,300750.SZ,0.03949129852744315,0,-0.0,False,,,
2018-10-23,300750.SZ,-0.02074966532797856,0,-0.0,False,,,
2018-10-24,300750.SZ,-0.09437751004016065,0,-0.0,False,,,
2018-10-25,300750.SZ,0.39892904953145913,0,-0.0,False,,,
2018-10-26,300750.SZ,0.2583668005354752,0,-0.0,False,,,
2018-10-29,300750.SZ,-0.12449799196787148,0,-0.0,False,,,
2018-10-30,300750.SZ,-0.2697456492637216,0,-0.0,False,,,
2018-10-31,300750.SZ,-0.43373493975903615,0,-0.0,False,,,
2018-11-01,300750.SZ,-0.30990629183400265,0,-0.0,False,,,
2018-11-02,300750.SZ,0.05555555555555558,0,-0.0,False,,,
2018-11-05,300750.SZ,0.29986613119143235,0,-0.0,False,,,
2018-11-06,300750.SZ,0.37081659973226233,0,-0.0,False,,,
2018-11-07,300750.SZ,0.29718875502008035,0,-0.0,False,,,
2018-11-08,300750.SZ,0.25167336010709507,0,-0.0,False,,,
2018-11-09,300750.SZ,-0.06492637215528779,0,-0.0,False,,,
2018-11-12,300750.SZ,0.178714859437751,0,-0.0,False,,,
2018-11-13,300750.SZ,-0.32597054886211513,0,-0.0,False,,,
2018-11-14,300750.SZ,-0.38755020080321284,0,-0.0,False,,,
2018-11-15,300750.SZ,-0.44712182061579653,0,-0.0,False,,,
2018-11-16,300750.SZ,-0.4705488621151272,0,-0.0,False,,,
2018-11-19,300750.SZ,-0.2838018741633199,0,-0.0,False,,,
2018-11-20,300750.SZ,-0.3627844712182061,0,-0.0,False,,,
2018-11-21,300750.SZ,-0.40160642570281124,0,-0.0,False,,,
2018-11-22,300750.SZ,0.35809906291834004,0,-0.0,False,,,
2018-11-23,300750.SZ,0.1405622489959839,0,-0.0,False,,,
2018-11-26,300750.SZ,-0.24096385542168675,0,-0.0,False,,,
2018-11-27,300750.SZ,-0.3119143239625167,0,-0.0,False,,,
2018-11-28,300750.SZ,0.2550200803212851,0,-0.0,False,,,
2018-11-29,300750.SZ,0.04953145917001334,0,-0.0,False,,,
2018-11-30,300750.SZ,0.3855421686746988,0,-0.0,False,,,
2018-12-03,300750.SZ,0.10508701472556892,0,-0.0,False,,,
2018-12-04,300750.SZ,0.22289156626506024,0,-0.0,False,,,
2018-12-05,300750.SZ,0.07697456492637211,0,-0.0,False,,,
2018-12-06,300750.SZ,0.0689424364123159,0,-0.0,False,,,
2018-12-07,300750.SZ,0.043507362784471204,0,-0.0,False,,,
2018-12-10,300750.SZ,-0.24698795180722893,0,-0.0,False,,,
2018-12-11,300750.SZ,-0.07965194109772422,0,-0.0,False,,,
2018-12-12,300750.SZ,0.3520749665327979,0,-0.0,False,,,
2018-12-13,300750.SZ,0.21887550200803207,0,-0.0,False,,,
2018-12-14,300750.SZ,0.1198125836680054,0,-0.0,False,,,
2018-12-17,300750.SZ,0.05618776671408254,0,-0.0,False,,,
2018-12-18,300750.SZ,-0.04694167852062586,0,-0.0,False,,,
2018-12-19,300750.SZ,-0.11877667140825038,0,-0.0,False,,,
2018-12-20,300750.SZ,-0.22688477951635844,0,-0.0,False,,,
2018-12-21,300750.SZ,-0.29729729729729726,0,-0.0,False,,,
2018-12-24,300750.SZ,0.022759601706970112,0,-0.0,False,,,
2018-12-25,300750.SZ,-0.12304409672830724,0,-0.0,False,,,
2018-12-26,300750.SZ,-0.2019914651493599,0,-0.0,False,,,
2018-12-27,300750.SZ,-0.45809659090909094,0,-0.0,False,,,
2018-12-28,300750.SZ,0.04125177809388336,0,-0.0,False,0.04881714222420216,0.2537137542736029,0.302530896497805
2019-01-02,300750.SZ,-0.4174964438122333,0,-0.0,False,0.0455852145870189,0.2512876289191065,0.2968728435061254
2019-01-03,300750.SZ,0.3655761024182077,1,-1.0,True,0.03832145482363615,0.251975311112229,0.2902967659358651
2019-01-04,300750.SZ,0.1586059743954481,0,-0.0,False,0.038460806775497534,0.25215305186382353,0.29061385863932104
2019-01-07,300750.SZ,0.15014164305949007,0,-0.0,False,0.03605759486203075,0.24958794255629926,0.28564553741833
2019-01-08,300750.SZ,0.33025568181818177,1,-1.0,True,0.03350572324184219,0.2468044024709992,0.28031012571284136
2019-01-09,300750.SZ,0.09631728045325783,0,-0.0,False,0.03408617129712139,0.2474241176184966,0.28151028891561797
2019-01-10,300750.SZ,-0.009915014164305958,0,-0.0,False,0.034972483306253285,0.2474552144427631,0.2824276977490164
2019-01-11,300750.SZ,-0.19192634560906513,0,-0.0,False,0.0362787470771063,0.24679470727367261,0.2830734543507789
2019-01-14,300750.SZ,-0.4297872340425532,0,-0.0,False,0.03725075756160014,0.24565215653425843,0.28290291409585855
2019-01-15,300750.SZ,0.23521126760563382,0,-0.0,False,0.03655295452913932,0.2468660504258581,0.28341900495499744
2019-01-16,300750.SZ,0.002109704641350185,0,-0.0,False,0.03918239246869096,0.24729077634345492,0.2864731688121459
2019-01-17,300750.SZ,-0.06467315716272604,0,-0.0,False,0.036751289717319786,0.2461977796723908,0.2829490693897106
2019-01-18,300750.SZ,-0.2704011065006916,0,-0.0,False,0.03780203884270404,0.24548665289076987,0.28328869173347393
2019-01-21,300750.SZ,-0.35723771580345287,0,-0.0,False,0.03445543435189618,0.24693590400169868,0.28139133835359487
2019-01-22,300750.SZ,-0.17928286852589642,0,-0.0,False,0.03206412942435067,0.24933644911370859,0.2814005785380593
2019-01-23,300750.SZ,0.43094289508632133,1,-1.0,True,0.03174145759493473,0.24958665511389677,0.2813281127088315
2019-01-24,300750.SZ,0.25166002656042497,0,-0.0,False,0.037028319962510395,0.25127581313512004,0.2883041330976304
2019-01-25,300750.SZ,0.36786188579017265,1,-1.0,True,0.04162994914413286,0.250095461311312,0.29172541045544487
2019-01-28,300750.SZ,0.13745019920318724,0,-0.0,False,0.04286034660827006,0.25134151516948755,0.2942018617777576
2019-01-29,300750.SZ,0.04249667994687911,0,-0.0,False,0.04334757662617257,0.251468765264612,0.29481634189078454
2019-01-30,300750.SZ,-0.07237715803452854,0,-0.0,False,0.04496231357307483,0.25082987310509397,0.2957921866781688
2019-01-31,300750.SZ,-0.4050464807436919,0,-0.0,False,0.04750508759079244,0.2480422365387691,0.29554732412956153
2019-02-01,300750.SZ,0.1633466135458167,0,-0.0,False,0.04213840172381857,0.2508165247509488,0.29295492647476734
2019-02-11,300750.SZ,0.052456839309428904,0,-0.0,False,0.042384050098637015,0.2509215332066699,0.29330558330530687
2019-02-12,300750.SZ,-0.35391766268260294,0,-0.0,False,0.04269289948467163,0.2509108429888338,0.29360374247350546
2019-02-13,300750.SZ,0.06640106241699872,0,-0.0,False,0.03819851646343218,0.2531532601107978,0.29135177657423
2019-02-14,300750.SZ,0.2835325365205843,0,-0.0,False,0.0366490027823244,0.25239943884566035,0.28904844162798476
2019-02-15,300750.SZ,0.17197875166002652,0,-0.0,False,0.03885559364333372,0.2533970586569171,0.2922526523002508
2019-02-18,300750.SZ,-0.37317397078353254,0,-0.0,False,0.0411031184926202,0.2533715479130693,0.29447466640568953
2019-02-19,300750.SZ,-0.397742363877822,0,-0.0,False,0.03887463839249416,0.25583808035064465,0.2947127187431388
2019-02-20,300750.SZ,-0.4747675962815405,0,-0.0,False,0.038555433285212444,0.25636258296902614,0.2949180162542386
2019-02-21,300750.SZ,-0.27622841965471445,0,-0.0,False,0.03218939809531607,0.25955241865929274,0.2917418167546088
2019-02-22,300750.SZ,-0.3552456839309429,0,-0.0,False,0.02737187657052723,0.2598696208633093,0.28724149743383653
2019-02-25,300750.SZ,0.015272244355909681,0,-0.0,False,0.023162053657805066,0.26195102501629175,0.2851130786740968
2019-02-26,300750.SZ,-0.20717131474103584,0,-0.0,False,0.022915605270186424,0.26194436458306103,0.28485996985324746
2019-02-27,300750.SZ,-0.25795755968169765,0,-0.0,False,0.02195892329660818,0.2625778264427774,0.2845367497393856
2019-02-28,300750.SZ,-0.28779840848806365,0,-0.0,False,0.021120075716485154,0.26331505239997827,0.28443512811646343
2019-03-01,300750.SZ,-0.3202917771883289,0,-0.0,False,0.017645227310186806,0.26462510664287414,0.28227033395306095
2019-03-04,300750.SZ,0.15915119363395225,0,-0.0,False,0.01268362582023052,0.265338080748504,0.27802170656873454
2019-03-05,300750.SZ,0.12798408488063662,0,-0.0,False,0.010601809015729876,0.2631739330124285,0.27377574202815835
2019-03-06,300750.SZ,-0.27984084880636606,0,-0.0,False,0.008667450597678065,0.2614307339161291,0.2700981845138071
2019-03-07,300750.SZ,-0.32427055702917773,0,-0.0,False,0.003646911618892305,0.2611355477538754,0.2647824593727677
2019-03-08,300750.SZ,-0.3594164456233422,0,-0.0,False,0.0008330996365094868,0.26284330949942103,0.2636764091359305
2019-03-11,300750.SZ,-0.4396551724137931,0,-0.0,False,0.0011065926655072936,0.2624476544165593,0.2635542470820666
2019-03-12,300750.SZ,0.31896551724137934,1,-1.0,True,-0.0034552370287486574,0.26532003187770553,0.26186479484895686
2019-03-13,300750.SZ,0.1584880636604774,0,-0.0,False,-0.0011987974774399746,0.26690961303711447,0.2657108155596745
2019-03-14,300750.SZ,0.008620689655172376,0,-0.0,False,0.0004956534769818975,0.2672753672936068,0.2677710207705887
2019-03-15,300750.SZ,-0.058355437665782495,0,-0.0,False,0.0018169347707393021,0.26691713749052454,0.26873407226126383
2019-03-18,300750.SZ,-0.3163129973474801,0,-0.0,False,0.0013752623930469827,0.26697294906589564,0.2683482114589426
2019-03-19,300750.SZ,-0.41445623342175064,0,-0.0,False,-0.004607399465705445,0.2659708375617531,0.2613634380960477
2019-03-20,300750.SZ,-0.46220159151193635,0,-0.0,False,-0.010448528497008967,0.26721829209456843,0.2567697635975595
2019-03-21,300750.SZ,-0.48209549071618035,0,-0.0,False,-0.01741265822547189,0.2680166392501051,0.2506039810246332
2019-03-22,300750.SZ,-0.36007957559681697,0,-0.0,False,-0.02394573867577295,0.26971789922710104,0.24577216055132808
2019-03-25,300750.SZ,0.42175066312997345,1,-1.0,True,-0.029484331301507242,0.2697396199827073,0.24025528868120005
2019-03-26,300750.SZ,0.3527851458885941,1,-1.0,True,-0.027899684432273752,0.2718366777082311,0.24393699327595736
2019-03-27,300750.SZ,0.16246684350132623,0,-0.0,False,-0.027754319595384196,0.27203714350848307,0.24428282391309888
2019-03-28,300750.SZ,-0.07493368700265252,0,-0.0,False,-0.027264998621538916,0.27232832228429804,0.24506332366275912
2019-03-29,300750.SZ,-0.4363395225464191,0,-0.0,False,-0.027493417454548526,0.2723569509347412,0.24486353348019269
2019-04-01,300750.SZ,0.04177718832891242,0,-0.0,False,-0.03387946858509488,0.27288819555438715,0.23900872696929226
2019-04-02,300750.SZ,-0.1744031830238727,0,-0.0,False,-0.03539991080194341,0.2719446618941766,0.2365447510922332
2019-04-03,300750.SZ,-0.3309018567639257,0,-0.0,False,-0.03968682710848996,0.27002467040779016,0.23033784329930018
2019-04-04,300750.SZ,-0.36803713527851456,0,-0.0,False,-0.04429061656635088,0.27024268609922975,0.22595206953287886
2019-04-08,300750.SZ,-0.3938992042440318,0,-0.0,False,-0.04860703490696947,0.2712491367916528,0.22264210188468334
2019-04-09,300750.SZ,0.3905835543766578,1,-1.0,True,-0.05134847517437567,0.2730717533229925,0.2217232781486168
2019-04-10,300750.SZ,0.21021220159151188,0,-0.0,False,-0.047022661752696024,0.2759356517594476,0.22891299000675158
2019-04-11,300750.SZ,0.08355437665782495,0,-0.0,False,-0.04573943423608671,0.27677660956645417,0.23103717533036747
2019-04-12,300750.SZ,-0.09350132625994695,0,-0.0,False,-0.048830519472996624,0.2731911622374745,0.2243606427644779
2019-04-15,300750.SZ,-0.35079575596816975,0,-0.0,False,-0.05225360616103968,0.2711310946537377,0.218877488492698
2019-04-16,300750.SZ,0.24403183023872677,1,-1.0,True,-0.05737458373475926,0.2709162258931793,0.21354164215842006
2019-04-17,300750.SZ,0.30702917771883287,1,-1.0,True,-0.05715936979914649,0.2711471443987529,0.21398777459960644
2019-04-18,300750.SZ,0.16312997347480107,0,-0.0,False,-0.05662555904774123,0.27180523841563037,0.21517967936788915
2019-04-19,300750.SZ,0.012599469496021198,0,-0.0,False,-0.05559523675651323,0.272406318552201,0.21681108179568775
2019-04-22,300750.SZ,-0.028514588859416434,0,-0.0,False,-0.05531732729964658,0.2724591731060329,0.21714184580638632
2019-04-23,300750.SZ,-0.37002652519893897,0,-0.0,False,-0.05476846962314037,0.2724461655201211,0.21767769589698072
2019-04-24,300750.SZ,0.389920424403183,1,-1.0,True,-0.06117643274589369,0.2707229881842841,0.2095465554383904
2019-04-25,300750.SZ,0.3362068965517241,1,-1.0,True,-0.06008015254699613,0.2722896644162359,0.2122095118692398
2019-04-26,300750.SZ,0.06167108753315653,0,-0.0,False,-0.05624094514266617,0.2746117614860391,0.21837081634337294
2019-04-29,300750.SZ,-0.05901856763925728,0,-0.0,False,-0.053479139002692175,0.2741125697426397,0.2206334307399475
2019-04-30,300750.SZ,-0.1870026525198939,0,-0.0,False,-0.05035650256836068,0.2718695391884049,0.2215130366200442
2019-05-06,300750.SZ,-0.2354111405835544,0,-0.0,False,-0.049332305574076446,0.2711139906301643,0.22178168505608784
2019-05-07,300750.SZ,-0.27254641909814326,0,-0.0,False,-0.05175702804190237,0.27146894323624676,0.2197119151943444
2019-05-08,300750.SZ,-0.4376657824933687,0,-0.0,False,-0.05652713262764883,0.2702648826931113,0.21373775006546245
2019-05-09,300750.SZ,0.2844827586206896,1,-1.0,True,-0.06326448581286241,0.2695986229909992,0.20633413717813676
2019-05-10,300750.SZ,-0.37997347480106103,0,-0.0,False,-0.06337036911619068,0.2694583260298427,0.20608795691365203
2019-05-13,300750.SZ,-0.3938992042440318,0,-0.0,False,-0.0686340927404253,0.26942183829981126,0.20078774555938594
2019-05-14,300750.SZ,-0.09217506631299732,0,-0.0,False,-0.07137553300783152,0.27105255302386483,0.19967702001603332
2019-05-15,300750.SZ,0.33885941644562334,1,-1.0,True,-0.0736329490557544,0.2700784946359918,0.1964455455802374
2019-05-16,300750.SZ,0.0053050397877983935,0,-0.0,False,-0.0680926993448566,0.2716729552920088,0.2035802559471522
2019-05-17,300750.SZ,-0.2911140583554377,0,-0.0,False,-0.06481890567326483,0.27015378701031023,0.20533488133704542
2019-05-20,300750.SZ,-0.3348806366047745,0,-0.0,False,-0.06351884098776185,0.2686698690367226,0.20515102804896074
2019-05-21,300750.SZ,-0.3541114058355438,0,-0.0,False,-0.06238827244184223,0.26722424298531755,0.20483597054347533
2019-05-22,300750.SZ,0.22082228116710878,1,-1.0,True,-0.06297418520577744,0.267790271895904,0.20481608669012655
2019-05-23,300750.SZ,-0.10278514588859416,0,-0.0,False,-0.058110795602566476,0.2675990330565418,0.20948823745397532
2019-05-24,300750.SZ,-0.12466843501326258,0,-0.0,False,-0.05562061827078134,0.26575976844487587,0.2101391501740945
2019-05-27,300750.SZ,-0.2374005305039788,0,-0.0,False,-0.05964368075354469,0.2630848620305415,0.20344118127699679
2019-05-28,300750.SZ,0.31896551724137934,1,-1.0,True,-0.06279337058271105,0.2629302928475321,0.20013692226482105
2019-05-29,300750.SZ,0.10742705570291777,0,-0.0,False,-0.058127292477185497,0.2647042234142611,0.20657693093707558
2019-05-30,300750.SZ,0.02851458885941649,0,-0.0,False,-0.054632780979973546,0.264092958119792,0.20946017713981846
2019-05-31,300750.SZ,-0.012599469496021198,0,-0.0,False,-0.056520326742155784,0.262666782934558,0.20614645619240218
2019-06-03,300750.SZ,-0.34416445623342173,0,-0.0,False,-0.0570380844810394,0.2625171737582224,0.20547908927718303
2019-06-04,300750.SZ,-0.34283819628647216,0,-0.0,False,-0.0631189730219404,0.260623746376466,0.1975047733545256
2019-06-05,300750.SZ,0.36737400530503983,1,-1.0,True,-0.06685168311370741,0.2614009017115109,0.1945492185978035
2019-06-06,300750.SZ,0.2824933687002652,1,-1.0,True,-0.06564766278837425,0.2630740729727196,0.19742641018434537
2019-06-10,300750.SZ,-0.0530503978779841,0,-0.0,False,-0.06393500609025847,0.26467448330462773,0.20073947721436924
2019-06-11,300750.SZ,-0.4204244031830239,0,-0.0,False,-0.06495161304267764,0.2643939528256592,0.19944233978298154
2019-06-12,300750.SZ,-0.47413793103448276,0,-0.0,False,-0.06881771109240677,0.2661805677329798,0.19736285664057307
2019-06-13,300750.SZ,0.3905835543766578,1,-1.0,True,-0.07071062758596722,0.2682578267526865,0.19754719916671928
2019-06-14,300750.SZ,0.45954907161803715,1,-1.0,True,-0.06679199845701404,0.2715405602708101,0.20474856181379603
2019-06-17,300750.SZ,0.38531468531468527,1,-1.0,True,-0.06589638091463704,0.27310643661560857,0.20721005570097153
2019-06-18,300750.SZ,0.07692307692307687,0,-0.0,False,-0.06450938772041494,0.2749810308469753,0.21047164312656036
2019-06-19,300750.SZ,-0.16013986013986015,0,-0.0,False,-0.06486680027662266,0.2747672312888168,0.20990043101219413
2019-06-20,300750.SZ,-0.48391608391608393,0,-0.0,False,-0.06666953050040551,0.27467596651020876,0.20800643600980323
2019-06-21,300750.SZ,0.11325966850828728,0,-0.0,False,-0.07031098387870101,0.27729627663269735,0.20698529275399635
2019-06-24,300750.SZ,-0.10654596100278552,0,-0.0,False,-0.06837734771272987,0.27776409746129316,0.2093867497485633
2019-06-25,300750.SZ,-0.14861111111111114,0,-0.0,False,-0.06737452422511675,0.27740402118358237,0.21002949695846562
2019-06-26,300750.SZ,0.42966573816155984,1,-1.0,True,-0.0661354726735652,0.2766995852513154,0.21056411257775018
2019-06-27,300750.SZ,0.16923076923076918,0,-0.0,False,-0.06274458820311028,0.28026837875746435,0.21752379055435406
2019-06-28,300750.SZ,-0.12937062937062938,0,-0.0,False,-0.06030896432011799,0.2810089564007236,0.22069999208060562
2019-07-01,300750.SZ,0.09357541899441346,0,-0.0,False,-0.05970379068862856,0.28077937195348823,0.22107558126485968
2019-07-02,300750.SZ,0.31868898186889816,1,-1.0,True,-0.05510652393943269,0.2787102820858242,0.22360375814639152
2019-07-03,300750.SZ,0.40363128491620115,1,-1.0,True,-0.05279454724130757,0.28066020408885073,0.22786565684754317
2019-07-04,300750.SZ,0.2909090909090909,1,-1.0,True,-0.045951816168570615,0.28170170437697817,0.23574988820840756
2019-07-05,300750.SZ,0.2227653631284916,0,-0.0,False,-0.04657404126447992,0.2808663033549224,0.2342922620904425
2019-07-08,300750.SZ,-0.19902234636871508,0,-0.0,False,-0.04603937969170456,0.2813208690954205,0.2352814894037159
2019-07-09,300750.SZ,-0.4370629370629371,0,-0.0,False,-0.04894907960360627,0.28108031639080183,0.23213123678719555
2019-07-10,300750.SZ,0.4545454545454546,1,-1.0,True,-0.055343401427615596,0.2811091596984275,0.22576575827081188
2019-07-11,300750.SZ,0.41118881118881123,1,-1.0,True,-0.052358166643513955,0.2846135089553795,0.23225534231186556
2019-07-12,300750.SZ,0.286013986013986,1,-1.0,True,-0.04884896809890464,0.2877203025968076,0.23887133449790293
2019-07-15,300750.SZ,-0.137883008356546,0,-0.0,False,-0.04486613200204588,0.2890281053287094,0.2441619733266635
2019-07-16,300750.SZ,-0.31717451523545703,0,-0.0,False,-0.042433596787995825,0.28698241757844456,0.24454882079044873
2019-07-17,300750.SZ,-0.37198391420911525,0,-0.0,False,-0.047036811645004915,0.2869216975577911,0.2398848859127862
2019-07-18,300750.SZ,-0.43359375,0,-0.0,False,-0.05015425846875879,0.28841164887256704,0.23825739040380825
2019-07-19,300750.SZ,0.13216145833333337,0,-0.0,False,-0.05322859674240274,0.290526226184064,0.23729762944166125
2019-07-22,300750.SZ,0.44205729166666663,1,-1.0,True,-0.0498739087021192,0.2903215861922698,0.24044767749015059
2019-07-23,300750.SZ,0.365234375,1,-1.0,True,-0.043213116973201536,0.2923723314585718,0.24915921448537023
2019-07-24,300750.SZ,0.01432291666666663,0,-0.0,False,-0.0386754732771524,0.2944607890073101,0.2557853157301577
2019-07-25,300750.SZ,-0.09505208333333331,0,-0.0,False,-0.04214730643064953,0.29131652163685406,0.24916921520620453
2019-07-26,300750.SZ,0.31380208333333337,1,-1.0,True,-0.045036574013097505,0.2900948410563435,0.24505826704324596
2019-07-29,300750.SZ,0.36458333333333337,1,-1.0,True,-0.04548707236690451,0.28948959270910857,0.24400252034220404
2019-07-30,300750.SZ,0.32877604166666663,1,-1.0,True,-0.04359429624915328,0.2914317665253349,0.24783747027618164
2019-07-31,300750.SZ,0.14322916666666663,0,-0.0,False,-0.04120863490148839,0.29330813116421767,0.25209949626272926
2019-08-01,300750.SZ,0.015625,0,-0.0,False,-0.03941191552897843,0.2937755954704923,0.2543636799415139
2019-08-02,300750.SZ,-0.12044270833333331,0,-0.0,False,-0.03590631985611433,0.2918796471418095,0.25597332728569516
2019-08-05,300750.SZ,-0.2578125,0,-0.0,False,-0.038271230871773906,0.2914009512807773,0.2531297204090034
2019-08-06,300750.SZ,-0.365234375,0,-0.0,False,-0.04085680869935249,0.2919651149744185,0.25110830627506603
2019-08-07,300750.SZ,0.34244791666666663,1,-1.0,True,-0.04095111463533079,0.29206889389680524,0.25111777926147444
2019-08-08,300750.SZ,-0.16861979166666669,0,-0.0,False,-0.03865072418325023,0.29400222555048394,0.2553515013672337
2019-08-09,300750.SZ,-0.27083333333333337,0,-0.0,False,-0.04241866025147732,0.2927330781590313,0.250314417907554
2019-08-12,300750.SZ,0.22591145833333337,0,-0.0,False,-0.04610876095975533,0.29279870824184673,0.2466899472820914
2019-08-13,300750.SZ,0.404296875,1,-1.0,True,-0.04111638238378144,0.29228211635233925,0.2511657339685578
2019-08-14,300750.SZ,0.36588541666666663,1,-1.0,True,-0.03443272205979959,0.2932272149447509,0.2587944928849513
2019-08-15,300750.SZ,0.34375,1,-1.0,True,-0.027427280285231195,0.2926602472126403,0.2652329669274091
2019-08-16,300750.SZ,0.12044270833333337,0,-0.0,False,-0.022260793454775243,0.2937016703905993,0.2714408769358241
2019-08-19,300750.SZ,0.056640625,0,-0.0,False,-0.018296723519239607,0.29237680824177203,0.2740800847225324
2019-08-20,300750.SZ,-0.146484375,0,-0.0,False,-0.017951987013872187,0.29244110275559027,0.2744891157417181
2019-08-21,300750.SZ,-0.22981770833333331,0,-0.0,False,-0.017446262516030223,0.29216347388209457,0.27471721136606436
2019-08-22,300750.SZ,-0.28255208333333337,0,-0.0,False,-0.01721176375479385,0.2919800457842634,0.27476828202946957
2019-08-23,300750.SZ,-0.32682291666666663,0,-0.0,False,-0.017168044378504436,0.29193957923183805,0.2747715348533336
2019-08-26,300750.SZ,-0.21744791666666669,0,-0.0,False,-0.017222470540823917,0.2919971684535187,0.27477469791269477
2019-08-27,300750.SZ,-0.4173177083333333,0,-0.0,False,-0.020360796459995736,0.29210939427919314,0.2717485978191974
2019-08-28,300750.SZ,0.01236979166666663,0,-0.0,False,-0.024904978070112157,0.294017528268943,0.26911255019883085
2019-08-29,300750.SZ,-0.126953125,0,-0.0,False,-0.02246988939950355,0.29309699653620697,0.2706271071367034
2019-08-30,300750.SZ,-0.23697916666666669,0,-0.0,False,-0.02082557746592707,0.2919408356110851,0.271115258145158
2019-09-02,300750.SZ,-0.35481770833333337,0,-0.0,False,-0.01980526680795477,0.29095984883191567,0.2711545820239609
2019-09-03,300750.SZ,-0.083984375,0,-0.0,False,-0.01909828794061761,0.29003271065429603,0.2709344227136784
2019-09-04,300750.SZ,-0.333984375,0,-0.0,False,-0.022456203709295772,0.2884139155142719,0.2659577118049761
2019-09-05,300750.SZ,-0.423828125,0,-0.0,False,-0.026560140698133082,0.2893199170028139,0.26275977630468084
2019-09-06,300750.SZ,-0.4524739583333333,0,-0.0,False,-0.030163880820259517,0.2915626031908284,0.2613987223705689
2019-09-09,300750.SZ,0.12630208333333337,0,-0.0,False,-0.03344820182582244,0.2940916518650037,0.26064345003918127
2019-09-10,300750.SZ,0.31510416666666663,1,-1.0,True,-0.029759742820148996,0.29328870047581423,0.26352895765566525
2019-09-11,300750.SZ,0.396484375,1,-1.0,True,-0.023680072819412184,0.2928084439519145,0.2691283711325023
2019-09-12,300750.SZ,0.34830729166666663,1,-1.0,True,-0.016524356431812718,0.2924939118048867,0.275969555373074
2019-09-16,300750.SZ,0.171875,0,-0.0,False,-0.009604333245288992,0.2912068364318836,0.28160250318659463
2019-09-17,300750.SZ,-0.008463541666666685,0,-0.0,False,-0.00517137844864885,0.2898726595367416,0.28470128108809273
2019-09-18,300750.SZ,-0.173828125,0,-0.0,False,-0.008756496821954184,0.28719622505747594,0.27843972823552177
2019-09-19,300750.SZ,-0.2890625,0,-0.0,False,-0.013144940746025801,0.2856445490669988,0.27249960832097303
2019-09-20,300750.SZ,0.05208333333333337,0,-0.0,False,-0.016907685275203522,0.28628504647168534,0.2693773611964818
2019-09-23,300750.SZ,-0.150390625,0,-0.0,False,-0.01584921010573697,0.28630351338730947,0.2704543032815725
2019-09-24,300750.SZ,-0.21223958333333331,0,-0.0,False,-0.01346630262618348,0.28395470125289246,0.270488398626709
2019-09-25,300750.SZ,-0.326171875,0,-0.0,False,-0.015583109056702191,0.28448573210468026,0.2689026230479781
2019-09-26,300750.SZ,0.32291666666666663,1,-1.0,True,-0.016847848156503253,0.2855331633684716,0.26868531521196837
2019-09-27,300750.SZ,0.04361979166666663,0,-0.0,False,-0.011399360461248318,0.28572803931482105,0.2743286788535727
2019-09-30,300750.SZ,-0.09505208333333331,0,-0.0,False,-0.007968886070038475,0.2838754225490493,0.2759065364790108
2019-10-08,300750.SZ,-0.4459635416666667,0,-0.0,False,-0.005478493395782654,0.2817642860431576,0.27628579264737496
2019-10-09,300750.SZ,-0.047526041666666685,0,-0.0,False,-0.012449719196143691,0.2822310961910229,0.2697813769948792
2019-10-10,300750.SZ,-0.212890625,0,-0.0,False,-0.014597537889961846,0.2815021388879055,0.26690460099794366
2019-10-11,300750.SZ,-0.478515625,0,-0.0,False,-0.017067912903777054,0.2819339732787227,0.26486606037494564
2019-10-14,300750.SZ,-0.27408854166666663,0,-0.0,False,-0.020276365393277495,0.2849853555664777,0.2647089901732002
2019-10-15,300750.SZ,-0.31315104166666663,0,-0.0,False,-0.019637138607431638,0.28432302338470083,0.2646858847772692
2019-10-16,300750.SZ,-0.35872395833333337,0,-0.0,False,-0.02428032920664325,0.2845304578732713,0.26025012866662806
2019-10-17,300750.SZ,-0.4674479166666667,0,-0.0,False,-0.02982827200707797,0.2845067260775039,0.2546784540704259
2019-10-18,300750.SZ,0.15494791666666663,0,-0.0,False,-0.035083087758256866,0.28672754735539685,0.25164445959714
2019-10-21,300750.SZ,-0.4055989583333333,0,-0.0,False,-0.033896850698501485,0.2872205105567557,0.2533236598582542
2019-10-22,300750.SZ,0.287109375,1,-1.0,True,-0.03703922044411746,0.2892169597932939,0.2521777393491765
2019-10-23,300750.SZ,0.42447916666666663,1,-1.0,True,-0.031563087942459635,0.28908026761147687,0.2575171796690172
2019-10-24,300750.SZ,0.39583333333333337,1,-1.0,True,-0.03127509842359727,0.2895205681698051,0.2582454697462078
2019-10-25,300750.SZ,0.09505208333333337,0,-0.0,False,-0.030778211450417196,0.2902069087441552,0.259428697293738
2019-10-28,300750.SZ,-0.21940104166666669,0,-0.0,False,-0.03050003648541572,0.29031224917498,0.2598122126895643
2019-10-29,300750.SZ,-0.4055989583333333,0,-0.0,False,-0.0318365571023108,0.29081339087508357,0.25897683377277275
2019-10-30,300750.SZ,-0.4615885416666667,0,-0.0,False,-0.03365819298408946,0.2924734072762824,0.25881521429219295
2019-10-31,300750.SZ,0.33268229166666663,1,-1.0,True,-0.035543004659782065,0.2945062298544127,0.25896322519463066
2019-11-01,300750.SZ,0.14973958333333337,0,-0.0,False,-0.030499432070075317,0.2955937358873826,0.26509430381730725
2019-11-04,300750.SZ,0.27018229166666663,1,-1.0,True,-0.0256043873548528,0.29365173217093943,0.2680473448160866
2019-11-05,300750.SZ,0.23697916666666663,0,-0.0,False,-0.02572355791280299,0.29352770980276777,0.26780415188996476
2019-11-06,300750.SZ,0.39713541666666663,1,-1.0,True,-0.020582285900571925,0.2926725771256442,0.2720902912250723
2019-11-07,300750.SZ,0.185546875,0,-0.0,False,-0.013990330726316107,0.2931016306879001,0.279111299961584
2019-11-08,300750.SZ,0.052734375,0,-0.0,False,-0.011675981215374462,0.2935751638321259,0.28189918261675145
2019-11-11,300750.SZ,-0.045572916666666685,0,-0.0,False,-0.014060356560754654,0.29186117110921717,0.2778008145484625
2019-11-12,300750.SZ,-0.427734375,0,-0.0,False,-0.014484339531208531,0.2918697575950067,0.2773854180637982
2019-11-13,300750.SZ,0.04752604166666663,0,-0.0,False,-0.015622842169913217,0.2932212108461067,0.2775983686761935
2019-11-14,300750.SZ,-0.365234375,0,-0.0,False,-0.012436119850984539,0.29179690126050356,0.27936078140951903
2019-11-15,300750.SZ,-0.29427083333333337,0,-0.0,False,-0.01252881126068834,0.29190809442662863,0.2793792831659403
2019-11-18,300750.SZ,-0.357421875,0,-0.0,False,-0.016821253881525357,0.2922348652901692,0.27541361140864384
2019-11-19,300750.SZ,0.16080729166666663,0,-0.0,False,-0.01894322662412041,0.2937846839545583,0.2748414573304379
2019-11-20,300750.SZ,0.0078125,0,-0.0,False,-0.016564262235121,0.2940770595171545,0.27751279728203354
2019-11-21,300750.SZ,0.40559895833333337,1,-1.0,True,-0.014520820314254508,0.2933807748300324,0.2788599545157779
2019-11-22,300750.SZ,0.421875,1,-1.0,True,-0.013798874971821558,0.2943134176922562,0.28051454272043463
2019-11-25,300750.SZ,0.32356770833333337,1,-1.0,True,-0.01117847543601254,0.29679121728193747,0.28561274184592494
2019-11-26,300750.SZ,0.36458333333333337,1,-1.0,True,-0.008719699440396567,0.29834096125993864,0.28962126181954206
2019-11-27,300750.SZ,0.17122395833333337,0,-0.0,False,-0.005576509416818611,0.30028035520796065,0.29470384579114206
2019-11-28,300750.SZ,0.03515625,0,-0.0,False,-0.0012816059620956517,0.29908023963842856,0.2977986336763329
2019-11-29,300750.SZ,-0.06770833333333331,0,-0.0,False,0.001868347756958283,0.29743872933441706,0.29930707709137533
2019-12-02,300750.SZ,-0.3919270833333333,0,-0.0,False,-0.0017573383983614933,0.29559191412879837,0.29383457573043686
2019-12-03,300750.SZ,-0.25846354166666663,0,-0.0,False,-0.007377508831974814,0.2965518729914414,0.2891743641594666
2019-12-04,300750.SZ,-0.4375,0,-0.0,False,-0.009089285030213834,0.29740933444170115,0.2883200494114873
2019-12-05,300750.SZ,0.23697916666666663,0,-0.0,False,-0.009231581670355305,0.2976118091543754,0.2883802274840201
2019-12-06,300750.SZ,0.24348958333333337,0,-0.0,False,-0.0033056058561790574,0.2953481017123319,0.29204249585615283
2019-12-09,300750.SZ,-0.0703125,0,-0.0,False,-0.004531388948206761,0.29400177971478403,0.28947039076657727
2019-12-10,300750.SZ,0.33658854166666663,1,-1.0,True,-0.008946902045023738,0.2909362660946514,0.28198936404962766
2019-12-11,300750.SZ,0.150390625,0,-0.0,False,-0.00935295324209056,0.290414918460232,0.2810619652181414
2019-12-12,300750.SZ,0.02604166666666663,0,-0.0,False,-0.008740723674782869,0.29067564928308,0.28193492560829714
2019-12-13,300750.SZ,-0.255859375,0,-0.0,False,-0.007189210951395144,0.2903574570430237,0.28316824609162855
2019-12-16,300750.SZ,-0.45867768595041325,0,-0.0,False,-0.0052887383770944445,0.2879472672013603,0.2826585288242659
2019-12-17,300750.SZ,0.10055096418732778,0,-0.0,False,-0.010054882997583616,0.29068889042290164,0.280634007425318
2019-12-18,300750.SZ,-0.10812672176308541,0,-0.0,False,-0.008329075287666006,0.29072597347415796,0.28239689818649194
2019-12-19,300750.SZ,-0.2307162534435262,0,-0.0,False,-0.007991705376432458,0.29058527247723415,0.2825935671008017
2019-12-20,300750.SZ,-0.29258241758241754,0,-0.0,False,-0.013494888639808173,0.28847271330702584,0.27497782466721765
2019-12-23,300750.SZ,-0.3450413223140496,0,-0.0,False,-0.017343331863251394,0.28909432866871165,0.2717509968054603
2019-12-24,300750.SZ,0.3767217630853994,1,-1.0,True,-0.019140587637779895,0.2904637904724844,0.2713232028347045
2019-12-25,300750.SZ,0.38636363636363635,1,-1.0,True,-0.016781034770355016,0.2925298292525762,0.27574879448222117
2019-12-26,300750.SZ,-0.03994490358126723,0,-0.0,False,-0.0162170793162322,0.2932463579492822,0.27702927863305005
2019-12-27,300750.SZ,-0.2548209366391184,0,-0.0,False,-0.0199135475537111,0.2906941625829388,0.2707806150292277
2019-12-30,300750.SZ,0.21742112482853226,0,-0.0,False,-0.02446129778327951,0.29005877943894437,0.2655974816556649
2019-12-31,300750.SZ,-0.09615384615384615,0,-0.0,False,-0.02450583310244584,0.2900209093377627,0.26551507623531684
2020-01-02,300750.SZ,-0.375,0,-0.0,False,-0.023648595600655263,0.2896525367893863,0.26600394118873105
2020-01-03,300750.SZ,-0.45535714285714285,0,-0.0,False,-0.023131404458464122,0.28896274583820253,0.2658313413797384
2020-01-06,300750.SZ,-0.46986301369863015,0,-0.0,False,-0.030713926103485768,0.2882602305365156,0.25754630443302984
2020-01-07,300750.SZ,-0.19067215363511658,0,-0.0,False,-0.038056024644214446,0.28813054964717877,0.25007452500296434
2020-01-08,300750.SZ,0.42651098901098905,1,-1.0,True,-0.042028409141290295,0.2869085169328942,0.2448801077916039
2020-01-09,300750.SZ,0.3526170798898072,1,-1.0,True,-0.037325125829894175,0.28993406541251243,0.25260893958261826
2020-01-10,300750.SZ,0.20329670329670335,0,-0.0,False,-0.03174352920385031,0.2909467369986899,0.2592032077948396
2020-01-13,300750.SZ,0.3214285714285714,1,-1.0,True,-0.026949524057968483,0.29003148107477283,0.26308195701680437
2020-01-14,300750.SZ,0.0494505494505495,0,-0.0,False,-0.020657671379397058,0.28932448451470255,0.2686668131353055
2020-01-15,300750.SZ,-0.0463709677419355,0,-0.0,False,-0.021346928953420257,0.28905576052639304,0.26770883157297276
2020-01-16,300750.SZ,-0.21916890080428952,0,-0.0,False,-0.02541716444849194,0.2858972225758852,0.2604800581273932
2020-01-17,300750.SZ,-0.30505181347150256,0,-0.0,False,-0.03028719174686102,0.28415900468784194,0.25387181294098093
2020-01-20,300750.SZ,0.2733160621761658,1,-1.0,True,-0.03294864783134576,0.2852312932499711,0.25228264541862533
2020-01-21,300750.SZ,0.08613989637305697,0,-0.0,False,-0.029878913285433274,0.2865365542068287,0.2566576409213954
2020-01-22,300750.SZ,0.39054404145077726,1,-1.0,True,-0.031776098176768915,0.28499140854227534,0.25321531036550643
2020-01-23,300750.SZ,0.3167098445595855,1,-1.0,True,-0.03155975894245688,0.28530449803489993,0.25374473909244305
2020-02-03,300750.SZ,0.4514248704663213,1,-1.0,True,-0.03166031058501589,0.2851785339300041,0.2535182233449882
2020-02-04,300750.SZ,0.3620466321243523,1,-1.0,True,-0.029092013053352093,0.28813923709011885,0.2590472240367668
2020-02-05,300750.SZ,0.2985751295336787,1,-1.0,True,-0.026205166118982492,0.2903181670533174,0.26411300093433493
2020-02-06,300750.SZ,0.060880829015544036,0,-0.0,False,-0.02271335080342406,0.2916918243914462,0.2689784735880221
2020-02-07,300750.SZ,-0.20919689119170987,0,-0.0,False,-0.02005757306162786,0.2909832697246393,0.2709256966630114
2020-02-10,300750.SZ,-0.3711139896373057,0,-0.0,False,-0.018757260696558774,0.2897739496775293,0.27101668898097053
2020-02-11,300750.SZ,-0.4145077720207254,0,-0.0,False,-0.024703609915758543,0.28962083418206547,0.2649172242663069
2020-02-12,300750.SZ,-0.43976683937823835,0,-0.0,False,-0.026752676418709036,0.2915112558197903,0.2647585794010813
2020-02-13,300750.SZ,-0.34196891191709844,0,-0.0,False,-0.02816045563574991,0.293103448780167,0.26494299314441705
2020-02-14,300750.SZ,-0.43911917098445596,0,-0.0,False,-0.0328927920545035,0.29355087714931405,0.26065808509481053
2020-02-17,300750.SZ,-0.38924870466321243,0,-0.0,False,-0.03992125910437397,0.29309187941368736,0.25317062030931337
2020-02-18,300750.SZ,-0.45466321243523317,0,-0.0,False,-0.046214043448789634,0.29241155861167145,0.24619751516288182
2020-02-19,300750.SZ,0.10427461139896377,0,-0.0,False,-0.052867486885749916,0.29254726551777904,0.23967977863202913
2020-02-20,300750.SZ,0.22862694300518138,0,-0.0,False,-0.053002221026869654,0.29247048894813027,0.2394682679212606
2020-02-21,300750.SZ,-0.04339378238341968,0,-0.0,False,-0.05156900171015981,0.29343211575182926,0.24186311404166944
2020-02-24,300750.SZ,-0.22085492227979275,0,-0.0,False,-0.05070991343835497,0.29330277645117286,0.2425928630128179
2020-02-25,300750.SZ,0.3801813471502591,1,-1.0,True,-0.050635223554575476,0.29325792093315134,0.24262269737857586
2020-02-26,300750.SZ,0.2817357512953368,1,-1.0,True,-0.0451124449672122,0.2950883948516593,0.24997594988444707
2020-02-27,300750.SZ,0.024611398963730546,0,-0.0,False,-0.0400411227341955,0.29543537007102405,0.25539424733682853
2020-02-28,300750.SZ,-0.17357512953367876,0,-0.0,False,-0.03802396177060886,0.2950399972061542,0.25701603543554535
2020-03-02,300750.SZ,-0.391839378238342,0,-0.0,False,-0.035992773613945074,0.29324035342123234,0.25724757980728724
2020-03-03,300750.SZ,0.30958549222797926,1,-1.0,True,-0.03936118336315348,0.2949964393215116,0.2556352559583581
2020-03-04,300750.SZ,-0.07966321243523317,0,-0.0,False,-0.035723361552920316,0.29659451411734106,0.2608711525644207
2020-03-05,300750.SZ,-0.33678756476683935,0,-0.0,False,-0.03441239526765837,0.29604463901179334,0.26163224374413496
2020-03-06,300750.SZ,-0.3594559585492228,0,-0.0,False,-0.03426214407127092,0.2958851900279243,0.26162304595665337
2020-03-09,300750.SZ,-0.44494818652849744,0,-0.0,False,-0.03655774060084778,0.2973392338837213,0.26078149328287353
2020-03-10,300750.SZ,-0.13730569948186527,0,-0.0,False,-0.037482439030251925,0.2984424740283198,0.26096003499806786
2020-03-11,300750.SZ,-0.21502590673575128,0,-0.0,False,-0.03509475215093413,0.29646515368542353,0.2613704015344894
2020-03-12,300750.SZ,0.3536269430051814,1,-1.0,True,-0.033116018387620946,0.2944414862013247,0.26132546781370375
2020-03-13,300750.SZ,0.2668393782383419,1,-1.0,True,-0.031221644557022213,0.29620178529103963,0.26498014073401743
2020-03-16,300750.SZ,0.23769430051813467,0,-0.0,False,-0.031623851127258254,0.29576000389989937,0.26413615277264113
2020-03-17,300750.SZ,-0.3905440414507772,0,-0.0,False,-0.03294710174794046,0.29417951849854984,0.2612324167506094
2020-03-18,300750.SZ,-0.09196891191709844,0,-0.0,False,-0.03910419619058583,0.2938647231328324,0.2547605269422466
2020-03-19,300750.SZ,-0.2344559585492228,0,-0.0,False,-0.041302895456561656,0.29325932723542864,0.25195643177886695
2020-03-20,300750.SZ,0.21502590673575128,0,-0.0,False,-0.04318616559724962,0.29377186321087895,0.2505856976136293
2020-03-23,300750.SZ,0.15479274611398963,0,-0.0,False,-0.03994571533278503,0.2944625227142347,0.25451680738144966
2020-03-24,300750.SZ,-0.06606217616580312,0,-0.0,False,-0.036246921615168445,0.2940944692400437,0.2578475476248752
2020-03-25,300750.SZ,0.22862694300518138,0,-0.0,False,-0.03723146752766125,0.2939940212542856,0.2567625537266243
2020-03-26,300750.SZ,0.056347150259067336,0,-0.0,False,-0.034072987794284734,0.29480294286757636,0.2607299550732916
2020-03-27,300750.SZ,-0.1612694300518135,0,-0.0,False,-0.031834765014348065,0.2944582769710834,0.26262351195673533
2020-03-30,300750.SZ,-0.1832901554404145,0,-0.0,False,-0.03046057797311318,0.29345619316803695,0.26299561519492376
2020-03-31,300750.SZ,-0.22085492227979275,0,-0.0,False,-0.034678968157338855,0.29196831249388266,0.2572893443365438
2020-04-01,300750.SZ,0.3931347150259067,1,-1.0,True,-0.03688292410689268,0.2923702306985296,0.2554873065916369
2020-04-02,300750.SZ,0.25712435233160624,0,-0.0,False,-0.032814700787232344,0.2949392093753732,0.26212450858814085
2020-04-03,300750.SZ,0.03886010362694303,0,-0.0,False,-0.026955635003913406,0.2936435926581131,0.26668795765419967
2020-04-07,300750.SZ,0.10362694300518138,0,-0.0,False,-0.026235750459799992,0.293698624520187,0.26746287406038705
2020-04-08,300750.SZ,-0.13471502590673573,0,-0.0,False,-0.023598104059756816,0.29342939509656357,0.26983129103680675
2020-04-09,300750.SZ,-0.24740932642487046,0,-0.0,False,-0.020733099067312948,0.2906152327597873,0.2698821336924743
2020-04-10,300750.SZ,-0.3044041450777202,0,-0.0,False,-0.020510772273631312,0.2904299277379838,0.2699191554643525
2020-04-13,300750.SZ,-0.32318652849740936,0,-0.0,False,-0.02043788146872343,0.290356953462578,0.26991907199385456
2020-04-14,300750.SZ,0.302461139896373,1,-1.0,True,-0.020141736220090727,0.2900269596234253,0.26988522340333454
2020-04-15,300750.SZ,0.4073834196891192,1,-1.0,True,-0.013725827415398729,0.2885607718935249,0.2748349444781262
2020-04-16,300750.SZ,0.35492227979274615,1,-1.0,True,-0.011622198223544955,0.29071286052064893,0.279090662297104
2020-04-17,300750.SZ,0.37370466321243523,1,-1.0,True,-0.0052845212391609605,0.29034142946934943,0.2850569082301885
2020-04-20,300750.SZ,0.11917098445595853,0,-0.0,False,-0.004562893837390667,0.29118066608829063,0.28661777225089996
2020-04-21,300750.SZ,-0.10751295336787564,0,-0.0,False,-0.007107128689146568,0.2887238170801295,0.2816166883909829
2020-04-22,300750.SZ,-0.20401554404145078,0,-0.0,False,-0.011301681078323309,0.28646821673461526,0.27516653565629196
2020-04-23,300750.SZ,-0.39896373056994816,0,-0.0,False,-0.01379391130644651,0.286835865417495,0.2730419541110485
2020-04-24,300750.SZ,0.4378238341968912,1,-1.0,True,-0.01529026704730719,0.2883816862249385,0.2730914191776313
2020-04-27,300750.SZ,0.3892487046632125,1,-1.0,True,-0.008261743776221984,0.28906629076836293,0.28080454699214097
2020-04-28,300750.SZ,0.3879533678756477,1,-1.0,True,-0.001171433390139659,0.28828726052790454,0.2871158271377649
2020-04-29,300750.SZ,0.302461139896373,1,-1.0,True,-0.0007108410883981504,0.2888687025339345,0.28815786144553635
2020-04-30,300750.SZ,0.17163212435233166,0,-0.0,False,0.0005618385496271801,0.28987180161719817,0.2904336401668253
2020-05-06,300750.SZ,0.19494818652849744,0,-0.0,False,-0.0002594128446589447,0.28924042255661103,0.28898100971195206
2020-05-07,300750.SZ,0.021373056994818618,0,-0.0,False,-0.0006096710124770214,0.2889760503640526,0.2883663793515756
2020-05-08,300750.SZ,-0.17746113989637308,0,-0.0,False,-0.0037410240097424216,0.28665643074727676,0.28291540673753435
2020-05-11,300750.SZ,-0.2694300518134715,0,-0.0,False,-0.006766090800545531,0.2865574846904929,0.2797913938899474
2020-05-12,300750.SZ,-0.3963730569948187,0,-0.0,False,-0.00945079435732446,0.2875029409689094,0.27805214661158495
2020-05-13,300750.SZ,-0.26165803108808294,0,-0.0,False,-0.01237412886005906,0.28964878051314497,0.2772746516530859
2020-05-14,300750.SZ,-0.322538860103627,0,-0.0,False,-0.010990159327459751,0.2880397672637027,0.27704960793624295
2020-05-15,300750.SZ,0.38989637305699487,1,-1.0,True,-0.014074033508878864,0.28938589294298356,0.2753118594341047
2020-05-18,300750.SZ,0.1340673575129534,0,-0.0,False,-0.007781277275070575,0.2898954586899425,0.28211418141487193
2020-05-19,300750.SZ,-0.08225388601036271,0,-0.0,False,-0.004211792351351518,0.2889738681748377,0.2847620758234862
2020-05-20,300750.SZ,0.41386010362694303,1,-1.0,True,-0.001918725776437873,0.28723404080471376,0.2853153150282759
2020-05-21,300750.SZ,0.2940414507772021,1,-1.0,True,0.00019004765656443028,0.2893598056304368,0.2895498532870012
2020-05-22,300750.SZ,0.22927461139896377,0,-0.0,False,0.0025752889130411147,0.29060022464173885,0.29317551355477994
2020-05-25,300750.SZ,0.08354922279792742,0,-0.0,False,0.0011059193552547012,0.2889865775129124,0.2900924968681671
2020-05-26,300750.SZ,0.22668393782383423,0,-0.0,False,-0.001713462121429237,0.28648657272067135,0.2847731105992421
2020-05-27,300750.SZ,0.3659326424870466,1,-1.0,True,-0.002520826875675063,0.2856976058624228,0.28317677898674776
2020-05-28,300750.SZ,0.13212435233160624,0,-0.0,False,-0.0025095826327274527,0.2857122016280363,0.28320261899530885
2020-05-29,300750.SZ,-0.012305699481865273,0,-0.0,False,-0.0028354126827418455,0.28553464830149594,0.2826992356187541
2020-06-01,300750.SZ,-0.34520725388601037,0,-0.0,False,-0.003230928928424056,0.2855144517707607,0.2822835228423366
2020-06-02,300750.SZ,-0.4786269430051813,0,-0.0,False,-0.005543419933029699,0.28716010987372576,0.28161668994069605
2020-06-03,300750.SZ,-0.2901554404145078,0,-0.0,False,-0.006265918763628432,0.2882474363006333,0.2819815175370049
2020-06-04,300750.SZ,-0.32577720207253885,0,-0.0,False,-0.006530017919860441,0.2884948597656659,0.28196484184580545
2020-06-05,300750.SZ,0.39119170984455953,1,-1.0,True,-0.005598994603798265,0.2872700312524696,0.2816710366486713
2020-06-08,300750.SZ,0.3581606217616581,1,-1.0,True,-0.004313890077315824,0.2887056736163412,0.2843917835390254
2020-06-09,300750.SZ,0.31476683937823835,1,-1.0,True,-0.0033582980904131184,0.2897207665082126,0.2863624684177995
2020-06-10,300750.SZ,0.38730569948186533,1,-1.0,True,-0.00014930359559446558,0.2911022460854404,0.29095294248984593
2020-06-11,300750.SZ,0.43069948186528495,1,-1.0,True,0.0002733393861988569,0.29163159059278543,0.29190492997898426
2020-06-12,300750.SZ,0.25323834196891193,0,-0.0,False,0.002609246526742898,0.29395743504255206,0.29656668156929494
2020-06-15,300750.SZ,0.05631868131868134,0,-0.0,False,0.0045025521542616095,0.29483995904947724,0.29934251120373884
2020-06-16,300750.SZ,-0.32623626373626374,0,-0.0,False,0.0071040359569172875,0.29389911412592534,0.3010031500828426
2020-06-17,300750.SZ,-0.4567307692307692,0,-0.0,False,0.008207714475368532,0.29238001913275524,0.3005877336081238
2020-06-18,300750.SZ,-0.2651098901098901,0,-0.0,False,0.0035637000302177245,0.295312048154279,0.29887574818449675
2020-06-19,300750.SZ,0.2407407407407407,0,-0.0,False,0.0022555069606610186,0.2961574767314601,0.2984129836921211
2020-06-22,300750.SZ,0.02126200274348422,0,-0.0,False,0.006184315245529909,0.2961680759084472,0.3023523911539771
2020-06-23,300750.SZ,0.36401098901098905,1,-1.0,True,0.008799685414912424,0.29489056409059927,0.3036902495055117
2020-06-24,300750.SZ,0.3847736625514403,1,-1.0,True,0.014708454675954413,0.29484470937494495,0.3095531640508994
2020-06-29,300750.SZ,0.2103825136612022,0,-0.0,False,0.014775553838171421,0.2949286909578009,0.3097042447959723
2020-06-30,300750.SZ,0.2834699453551912,0,-0.0,False,0.013309044482317801,0.2934995354376682,0.306808579919986
2020-07-01,300750.SZ,-0.13118131868131866,0,-0.0,False,0.016004168223454955,0.2944896537722862,0.31049382199574116
2020-07-02,300750.SZ,-0.37602739726027395,0,-0.0,False,0.01703449837310329,0.2937495149403769,0.31078401331348016
2020-07-03,300750.SZ,-0.43296853625171,0,-0.0,False,0.012089094022363236,0.2953387534669603,0.30742784748932356
2020-07-06,300750.SZ,0.06342780026990558,0,-0.0,False,0.009282304938214369,0.2979649030288546,0.30724720796706895
2020-07-07,300750.SZ,0.26125511596180084,0,-0.0,False,0.012935869940463585,0.2958940866229249,0.30882995656338846
2020-07-08,300750.SZ,0.1630434782608695,0,-0.0,False,0.018907638763954782,0.29358589438838,0.3124935331523348
2020-07-09,300750.SZ,0.12092391304347827,0,-0.0,False,0.024181859530283942,0.2903991589338777,0.31458101846416164
2020-07-10,300750.SZ,-0.038775510204081653,0,-0.0,False,0.026778493419272235,0.28985444893713225,0.3166329423564045
2020-07-13,300750.SZ,0.2100271002710027,0,-0.0,False,0.022901105925813313,0.2875653195797482,0.31046642550556147
2020-07-14,300750.SZ,0.054655870445344146,0,-0.0,False,0.021712856095656607,0.28648401530090994,0.30819687139656654
2020-07-15,300750.SZ,-0.027443105756358777,0,-0.0,False,0.020474182488561945,0.2860132550093244,0.3064874374978863
2020-07-16,300750.SZ,-0.17690253671562084,0,-0.0,False,0.017566918512020864,0.28469849189391094,0.3022654104059318
2020-07-17,300750.SZ,-0.21465629053177693,0,-0.0,False,0.015680642793969444,0.2852348194043905,0.30091546219835996
2020-07-20,300750.SZ,0.19096774193548383,0,-0.0,False,0.014278265104054099,0.28595524805273975,0.30023351315679386
2020-07-21,300750.SZ,0.3264516129032258,1,-1.0,True,0.017696070460218875,0.2855923799020746,0.30328845036229346
2020-07-22,300750.SZ,0.32709677419354843,1,-1.0,True,0.022958599013341612,0.2854134310925082,0.30837203010584985
2020-07-23,300750.SZ,0.3735483870967742,1,-1.0,True,0.02340677161348647,0.2858517485877588,0.3092585202012453
2020-07-24,300750.SZ,0.3541935483870968,1,-1.0,True,0.025801842369517446,0.2875806175694104,0.3133824599389278
2020-07-27,300750.SZ,0.14,0,-0.0,False,0.025498921593986774,0.2872120993282126,0.3127110209221994
2020-07-28,300750.SZ,-0.02129032258064517,0,-0.0,False,0.024026339555990227,0.2861575414603382,0.31018388101632843
2020-07-29,300750.SZ,-0.38193548387096776,0,-0.0,False,0.02008704628059884,0.28346553474912306,0.3035525810297219
2020-07-30,300750.SZ,0.34322580645161294,1,-1.0,True,0.013887195313971177,0.2840589002071441,0.2979460955211153
2020-07-31,300750.SZ,0.3206451612903226,1,-1.0,True,0.014259284288287294,0.2844639021347748,0.29872318642306206
2020-08-03,300750.SZ,0.12,0,-0.0,False,0.01642398705724378,0.2858068647277548,0.3022308517849986
2020-08-04,300750.SZ,-0.09419354838709676,0,-0.0,False,0.019167294483841364,0.2852023051490053,0.30436959963284665
2020-08-05,300750.SZ,-0.22322580645161288,0,-0.0,False,0.021474964827593104,0.2831306730930064,0.30460563792059947
2020-08-06,300750.SZ,-0.2838709677419355,0,-0.0,False,0.02306898120733571,0.28118726380086695,0.30425624500820264
2020-08-07,300750.SZ,-0.3335483870967742,0,-0.0,False,0.024368113470971564,0.2793852736929495,0.3037533871639211
2020-08-10,300750.SZ,0.023225806451612874,0,-0.0,False,0.024438284511140933,0.2792935328563919,0.30373181736753285
2020-08-11,300750.SZ,-0.13161290322580643,0,-0.0,False,0.028291159323108175,0.2760147819113162,0.30430594123442434
2020-08-12,300750.SZ,-0.3612903225806452,0,-0.0,False,0.03043812433508656,0.27373224444690736,0.30417036878199394
2020-08-13,300750.SZ,0.3993548387096775,1,-1.0,True,0.03121623175054146,0.27247152146911596,0.3036877532196574
2020-08-14,300750.SZ,0.2935483870967742,0,-0.0,False,0.03367523364479741,0.27446065943391046,0.30813589307870787
2020-08-17,300750.SZ,-0.3339793281653747,0,-0.0,False,0.03421624567889402,0.274911789355504,0.309128035034398
2020-08-18,300750.SZ,-0.4095607235142119,0,-0.0,False,0.03179469946404439,0.27687395938814563,0.30866865885219
2020-08-19,300750.SZ,-0.44896640826873385,0,-0.0,False,0.030222151120424225,0.2788498220273095,0.3090719731477337
2020-08-20,300750.SZ,-0.4780361757105943,0,-0.0,False,0.02331258649193262,0.2803738613411133,0.30368644783304594
2020-08-21,300750.SZ,0.04780361757105944,0,-0.0,False,0.016981153766883195,0.2830548890721284,0.3000360428390116
2020-08-24,300750.SZ,0.3339793281653747,1,-1.0,True,0.017174422255277603,0.28306806020675684,0.30024248246203444
2020-08-25,300750.SZ,0.10465116279069764,0,-0.0,False,0.021404042736103048,0.2839843893296373,0.30538843206574035
2020-08-26,300750.SZ,0.03488372093023251,0,-0.0,False,0.025541463911345045,0.2815192075198404,0.30706067143118543
2020-08-27,300750.SZ,0.39534883720930236,1,-1.0,True,0.02325228248386382,0.2803043373909324,0.3035566198747962
2020-08-28,300750.SZ,0.2558139534883721,0,-0.0,False,0.027210716230901617,0.2821864811762392,0.3093971974071408
2020-08-31,300750.SZ,-0.02260981912144705,0,-0.0,False,0.03214906221636171,0.28094549591122003,0.31309455812758175
2020-09-01,300750.SZ,0.32687338501291985,1,-1.0,True,0.034956113378259844,0.278673519522938,0.31362963290119783
2020-09-02,300750.SZ,0.16149870801033595,0,-0.0,False,0.04138795980777166,0.27640179081774235,0.317789750625514
2020-09-03,300750.SZ,0.07105943152454786,0,-0.0,False,0.043877996536873326,0.2761242440501132,0.32000224058698656
2020-09-04,300750.SZ,-0.20542635658914726,0,-0.0,False,0.04626204102237583,0.27510323103256795,0.3213652720549438
2020-09-07,300750.SZ,-0.3178294573643411,0,-0.0,False,0.04160326352575642,0.27458757616034923,0.3161908396861057
2020-09-08,300750.SZ,0.312015503875969,0,-0.0,False,0.0367310232290674,0.27574214643618417,0.31247316966525157
2020-09-09,300750.SZ,0.10142118863049099,0,-0.0,False,0.03735036659038268,0.27628026361243785,0.31363063020282056
2020-09-10,300750.SZ,-0.041343669250645976,0,-0.0,False,0.04145007684105992,0.2735136736977409,0.31496375053880077
2020-09-11,300750.SZ,0.3636950904392765,1,-1.0,True,0.04187195386328035,0.2733451454203607,0.31521709928364106
2020-09-14,300750.SZ,0.3875968992248062,1,-1.0,True,0.046856545938184516,0.27371736222367166,0.32057390816185616
2020-09-15,300750.SZ,0.28165374677002586,0,-0.0,False,0.04829463754225997,0.2750583897231029,0.3233530272653629
2020-09-16,300750.SZ,0.06524547803617575,0,-0.0,False,0.04935181254772694,0.2757141609238939,0.3250659734716208
2020-09-17,300750.SZ,0.3864516129032258,1,-1.0,True,0.0504460429994101,0.2755127544291022,0.3259587974285123
2020-09-18,300750.SZ,-0.1535483870967742,0,-0.0,False,0.0517612485818938,0.2767444260180146,0.32850567459990837
2020-09-21,300750.SZ,-0.2574193548387097,0,-0.0,False,0.05001211910392846,0.2773777826714734,0.32738990177540184
2020-09-22,300750.SZ,0.4593548387096774,1,-1.0,True,0.04921086973070432,0.27813108060979275,0.32734195034049707
2020-09-23,300750.SZ,0.3574193548387097,1,-1.0,True,0.05456624468195508,0.2797987062430571,0.33436495092501217
2020-09-24,300750.SZ,0.3193548387096774,0,-0.0,False,0.059385196991275944,0.2799950047090013,0.3393802017002772
2020-09-25,300750.SZ,-0.17548387096774193,0,-0.0,False,0.0587703646886407,0.2793362063976773,0.33810657108631803
2020-09-28,300750.SZ,-0.447741935483871,0,-0.0,False,0.055165296161146134,0.2795462768708691,0.3347115730320152
2020-09-29,300750.SZ,0.3574193548387097,1,-1.0,True,0.05111027916855601,0.28328898202940367,0.3343992611979597
2020-09-30,300750.SZ,0.3896774193548387,1,-1.0,True,0.05322521593383541,0.28462854354590156,0.33785375947973695
2020-10-09,300750.SZ,0.14193548387096777,0,-0.0,False,0.05759515297768187,0.285742178510893,0.34333733148857487
2020-10-12,300750.SZ,0.039354838709677376,0,-0.0,False,0.06083969306348051,0.2844573904550237,0.34529708351850424
2020-10-13,300750.SZ,0.31999999999999995,0,-0.0,False,0.06370435126170883,0.2824722581281318,0.34617660938984063
2020-10-14,300750.SZ,0.40516129032258064,1,-1.0,True,0.06906423899918725,0.28116854175678946,0.3502327807559767
2020-10-15,300750.SZ,0.42903225806451617,1,-1.0,True,0.0699200735860723,0.28203988835513927,0.3519599619412116
2020-10-16,300750.SZ,0.3180645161290323,0,-0.0,False,0.07010048057253394,0.28226439541943316,0.3523648759919671
2020-10-19,300750.SZ,0.015483870967741953,0,-0.0,False,0.069793332542003,0.28197176189876827,0.35176509444077125
2020-10-20,300750.SZ,0.3251612903225807,0,-0.0,False,0.06680815927329721,0.2806202454417159,0.3474284047150131
2020-10-21,300750.SZ,0.15935483870967737,0,-0.0,False,0.06852474515551907,0.28157166663693467,0.35009641179245377
2020-10-22,300750.SZ,0.048387096774193505,0,-0.0,False,0.070748643422832,0.2812232756101692,0.3519719190330012
2020-10-23,300750.SZ,-0.15225806451612905,0,-0.0,False,0.07285199876296239,0.28009258592694397,0.35294458468990636
2020-10-26,300750.SZ,-0.28838709677419355,0,-0.0,False,0.07490787931341088,0.27749370811280105,0.3524015874262119
2020-10-27,300750.SZ,0.36580645161290326,1,-1.0,True,0.0688561215553185,0.2774313239832819,0.3462874455386004
2020-10-28,300750.SZ,0.324516129032258,0,-0.0,False,0.06866076944656593,0.27721199174111555,0.3458727611876815
2020-10-29,300750.SZ,0.048387096774193505,0,-0.0,False,0.06813212578953769,0.27665791729998807,0.34479004308952577
2020-10-30,300750.SZ,0.4380645161290323,1,-1.0,True,0.06601484209685285,0.27582046611557837,0.34183530821243124
2020-11-02,300750.SZ,0.35677419354838713,1,-1.0,True,0.06823511202832534,0.27774344324591865,0.345978555274244
2020-11-03,300750.SZ,0.020000000000000018,0,-0.0,False,0.06958366208682444,0.27875487529383475,0.3483385373806592
2020-11-04,300750.SZ,-0.207741935483871,0,-0.0,False,0.06957221994520095,0.2787568990125124,0.34832911895771335
2020-11-05,300750.SZ,0.14451612903225808,0,-0.0,False,0.06931987998197181,0.27899600400399477,0.3483158839859666
2020-11-06,300750.SZ,-0.06774193548387097,0,-0.0,False,0.07276943148901953,0.2773265025152154,0.35009593400423494
2020-11-09,300750.SZ,-0.3116129032258065,0,-0.0,False,0.07550802416827745,0.2742604643391793,0.34976848850745673
2020-11-10,300750.SZ,-0.3864516129032258,0,-0.0,False,0.07509173356712974,0.27481389182271826,0.349905625389848
2020-11-11,300750.SZ,-0.4270967741935484,0,-0.0,False,0.07455912729379975,0.2756516568172622,0.350210784111062
2020-11-12,300750.SZ,-0.21419354838709675,0,-0.0,False,0.0677508510667119,0.27787814303382874,0.34562899410054065
2020-11-13,300750.SZ,-0.2651612903225806,0,-0.0,False,0.06484867685087814,0.27899608855832014,0.3438447654091983
2020-11-16,300750.SZ,0.23290322580645162,0,-0.0,False,0.06332444848160966,0.28030307571004864,0.3436275241916583
2020-11-17,300750.SZ,0.012258064516128986,0,-0.0,False,0.061816474499772234,0.2788845840305358,0.340701058530308
2020-11-18,300750.SZ,-0.1496774193548387,0,-0.0,False,0.05946827961426329,0.2780980216534947,0.337566301267758
2020-11-19,300750.SZ,-0.28258064516129033,0,-0.0,False,0.05631034602464827,0.2783050994287761,0.33461544545342436
2020-11-20,300750.SZ,-0.39806451612903226,0,-0.0,False,0.053259263791654785,0.2800057281971581,0.3332649919888129
2020-11-23,300750.SZ,0.23419354838709683,0,-0.0,False,0.048053026675380896,0.28255060049741754,0.33060362717279845
2020-11-24,300750.SZ,0.36322580645161295,1,-1.0,True,0.046955200891214646,0.2815593194843889,0.3285145203756035
2020-11-25,300750.SZ,0.29032258064516125,0,-0.0,False,0.048881046342214705,0.28293376963720673,0.3318148159794214
2020-11-26,300750.SZ,0.17483870967741932,0,-0.0,False,0.05140294867660659,0.28373140393347446,0.33513435261008107
2020-11-27,300750.SZ,-0.053548387096774175,0,-0.0,False,0.05573666503963517,0.28158615324777214,0.3373228182874073
2020-11-30,300750.SZ,-0.3709677419354839,0,-0.0,False,0.0592789863388719,0.2774507850157946,0.33672977135466653
2020-12-01,300750.SZ,0.1954838709677419,0,-0.0,False,0.05860555049286377,0.27840251135750144,0.3370080618503652
2020-12-02,300750.SZ,-0.05548387096774193,0,-0.0,False,0.06294939276819944,0.27641413849983626,0.3393635312680357
2020-12-03,300750.SZ,-0.18967741935483873,0,-0.0,False,0.059227096261430266,0.27496048760961517,0.3341875838710454
2020-12-04,300750.SZ,0.37806451612903225,1,-1.0,True,0.054661779252126126,0.27450306898124116,0.3291648482333673
2020-12-07,300750.SZ,0.4180645161290323,1,-1.0,True,0.05518925989171607,0.2750673187328637,0.3302565786245798
2020-12-08,300750.SZ,0.39419354838709675,1,-1.0,True,0.055445583363775794,0.2753935425221974,0.3308391258859732
2020-12-09,300750.SZ,0.2845161290322581,0,-0.0,False,0.05514136725145757,0.2749954068075053,0.33013677405896286
2020-12-10,300750.SZ,0.06000000000000005,0,-0.0,False,0.05540201547698544,0.2751994936529186,0.33060150912990405
2020-12-11,300750.SZ,0.3993548387096775,1,-1.0,True,0.0554326931326631,0.2751998018821823,0.3306324950148454
2020-12-14,300750.SZ,0.11947513812154698,0,-0.0,False,0.061479285653045945,0.2747142240050217,0.33619350965806766
2020-12-15,300750.SZ,0.3411602209944752,1,-1.0,True,0.06628100154764857,0.2705850455858367,0.3368660471334852
2020-12-16,300750.SZ,0.40607734806629836,1,-1.0,True,0.07133325247351828,0.2700048458007106,0.3413380982742289
2020-12-17,300750.SZ,0.008977900552486151,0,-0.0,False,0.07271105753456461,0.271295341325832,0.34400639886039663
2020-12-18,300750.SZ,0.35812672176308535,1,-1.0,True,0.0726086900163063,0.2713172343557177,0.34392592437202396
2020-12-21,300750.SZ,0.2885674931129476,0,-0.0,False,0.07255965445590709,0.27126465286540796,0.3438243073213151
2020-12-22,300750.SZ,0.19448275862068964,0,-0.0,False,0.07175793637725299,0.2704751745344505,0.3422331109117035
2020-12-23,300750.SZ,0.09392265193370164,0,-0.0,False,0.07162543841858203,0.2704105824121356,0.34203602083071766
2020-12-24,300750.SZ,-0.14709944751381215,0,-0.0,False,0.07004587764006964,0.26971543914887114,0.3397613167889408
2020-12-25,300750.SZ,-0.2786206896551724,0,-0.0,False,0.06991322656646551,0.26981913257091,0.33973235913737554
2020-12-28,300750.SZ,-0.3213793103448276,0,-0.0,False,0.07072494912984137,0.268610103481869,0.3393350526117104
2020-12-29,300750.SZ,-0.39295580110497236,0,-0.0,False,0.07165485934573204,0.2670402668552635,0.3386951262009955
2020-12-30,300750.SZ,0.33931034482758615,1,-1.0,True,0.06785166266760807,0.2703873607141269,0.33823902338173495
2020-12-31,300750.SZ,0.24862637362637363,0,-0.0,False,0.06850212290815628,0.2709498357209999,0.33945195862915617
2021-01-04,300750.SZ,0.2400275103163686,0,-0.0,False,0.06921531370286882,0.2713131689940689,0.3405284826969377
2021-01-05,300750.SZ,-0.06936813186813184,0,-0.0,False,0.0702078436801429,0.2717214691378037,0.3419293128179466
2021-01-06,300750.SZ,0.35763411279229707,1,-1.0,True,0.06995290516627581,0.27183890651515485,0.3417918116814307
2021-01-07,300750.SZ,0.35350756533700134,1,-1.0,True,0.07118296360395328,0.27281028394609264,0.3439932475500459
2021-01-08,300750.SZ,0.09559834938101786,0,-0.0,False,0.07367339439471707,0.2740195423113731,0.34769293670609014
2021-01-11,300750.SZ,-0.035027472527472514,0,-0.0,False,0.07469873985419521,0.27386815873204806,0.3485668985862433
2021-01-12,300750.SZ,-0.2657967032967033,0,-0.0,False,0.0758810320557631,0.27307796370724063,0.3489589957630037
2021-01-13,300750.SZ,-0.41928864569083446,0,-0.0,False,0.07545486194938873,0.2735746450261482,0.3490295069755369
2021-01-14,300750.SZ,-0.06818181818181818,0,-0.0,False,0.07036939205250275,0.277059162358396,0.34742855441089876
2021-01-15,300750.SZ,-0.29601029601029605,0,-0.0,False,0.06708078012679405,0.2763351437969341,0.3434159239237281
2021-01-18,300750.SZ,-0.36293436293436293,0,-0.0,False,0.06188822120842868,0.27726096653642474,0.3391491877448534
2021-01-19,300750.SZ,0.029601029601029616,0,-0.0,False,0.0557508649581692,0.27845289413773316,0.3342037590959024
2021-01-20,300750.SZ,0.379021879021879,1,-1.0,True,0.05304592730161864,0.2771027093544513,0.33014863665606997
2021-01-21,300750.SZ,0.10682110682110679,0,-0.0,False,0.05503777629346763,0.2785880770930512,0.33362585338651884
2021-01-22,300750.SZ,0.36679536679536684,1,-1.0,True,0.05610537153848223,0.27853858490764416,0.3346439564461264
2021-01-25,300750.SZ,0.18339768339768336,0,-0.0,False,0.06234479529403502,0.27702565308644683,0.33937044838048186
2021-01-26,300750.SZ,0.007078507078507101,0,-0.0,False,0.06101289426858561,0.27604635263758337,0.33705924690616895
2021-01-27,300750.SZ,-0.10167310167310167,0,-0.0,False,0.058399838816820475,0.2750503346559016,0.3334501734727221
2021-01-28,300750.SZ,-0.4124839124839125,0,-0.0,False,0.05655256296954463,0.2753773420278589,0.33192990499740355
2021-01-29,300750.SZ,0.06241956241956237,0,-0.0,False,0.053900143268737835,0.2783582656912983,0.3322584089600361
2021-02-01,300750.SZ,-0.1743886743886744,0,-0.0,False,0.0562805213426643,0.2771873954275127,0.333467916770177
2021-02-02,300750.SZ,-0.35714285714285715,0,-0.0,False,0.0571928737872748,0.27623693954871475,0.33342981333598953
2021-02-03,300750.SZ,0.39768339768339767,1,-1.0,True,0.05699625320355745,0.2765256456504786,0.33352189885403605
2021-02-04,300750.SZ,0.4195624195624196,1,-1.0,True,0.06011673313048899,0.27824878976278894,0.3383655228932779
2021-02-05,300750.SZ,0.24066924066924067,0,-0.0,False,0.06470986082039087,0.27960316448075295,0.3443130253011438
2021-02-08,300750.SZ,0.32496782496782495,0,-0.0,False,0.06972619051413992,0.27728636322443817,0.3470125537385781
2021-02-09,300750.SZ,0.18790218790218793,0,-0.0,False,0.06910629873295782,0.2766256256433576,0.3457319243763154
2021-02-10,300750.SZ,0.2361647361647362,0,-0.0,False,0.0682259137396696,0.2760728785414443,0.34429879228111393
2021-02-18,300750.SZ,-0.2702702702702703,0,-0.0,False,0.07297711427575386,0.27399100458077147,0.34696811885652534
2021-02-19,300750.SZ,-0.36036036036036034,0,-0.0,False,0.07413786805278669,0.27221888931873905,0.3463567573715257
2021-02-22,300750.SZ,-0.37516087516087515,0,-0.0,False,0.07487625178535648,0.27090506448782775,0.3457813162731842
2021-02-23,300750.SZ,-0.43307593307593306,0,-0.0,False,0.07573354595660414,0.26929865322158797,0.3450321991781921
2021-02-24,300750.SZ,0.26898326898326896,0,-0.0,False,0.0717262163678792,0.27326642204737306,0.34499263841525224
2021-02-25,300750.SZ,0.09716859716859716,0,-0.0,False,0.07118458254136166,0.27280627532434887,0.34399085786571054
2021-02-26,300750.SZ,-0.1364221364221364,0,-0.0,False,0.07112222782784415,0.2727994167135992,0.34392164454144336
2021-03-01,300750.SZ,-0.3996138996138996,0,-0.0,False,0.0696946790165744,0.27343811577130833,0.3431327947878827
2021-03-02,300750.SZ,0.3867438867438867,1,-1.0,True,0.06306998954304772,0.27510690825804135,0.33817689780108906
2021-03-03,300750.SZ,0.30244530244530243,0,-0.0,False,0.06416107232017702,0.2761354740933927,0.3402965464135697
2021-03-04,300750.SZ,0.11325611325611329,0,-0.0,False,0.06686986499989993,0.2768704894895547,0.34374035448945467
2021-03-05,300750.SZ,-0.025096525096525102,0,-0.0,False,0.0650897210685932,0.27586966338847324,0.3409593844570664
2021-03-08,300750.SZ,-0.20913770913770913,0,-0.0,False,0.06353476079270269,0.27584755850198694,0.33938231929468965
2021-03-09,300750.SZ,-0.3082368082368082,0,-0.0,False,0.06119978462051722,0.27696695476510325,0.3381667393856205
2021-03-10,300750.SZ,0.42342342342342343,1,-1.0,True,0.06034303085678672,0.27795590006776055,0.33829893092454727
2021-03-11,300750.SZ,0.3127413127413128,0,-0.0,False,0.06652013819668474,0.2777174754689888,0.3442376136656735
2021-03-12,300750.SZ,0.3005148005148005,0,-0.0,False,0.06652618660389595,0.27772287489203723,0.34424906149593315
2021-03-15,300750.SZ,0.0619354838709677,0,-0.0,False,0.06818530003626519,0.27852661754046276,0.3467119175767279
2021-03-16,300750.SZ,-0.06967741935483873,0,-0.0,False,0.06904595964561197,0.27834483331338816,0.3473907929590001
2021-03-17,300750.SZ,-0.15161290322580645,0,-0.0,False,0.06543452206399435,0.27729919935327046,0.3427337214172648
2021-03-18,300750.SZ,-0.4406451612903226,0,-0.0,False,0.060941107043572584,0.2764022273623809,0.3373433344059535
2021-03-19,300750.SZ,0.20451612903225802,0,-0.0,False,0.054921949476403005,0.2794038047647205,0.3343257542411235
2021-03-22,300750.SZ,-0.044516129032258045,0,-0.0,False,0.056082538234703695,0.27973610095745116,0.3358186391921549
2021-03-23,300750.SZ,-0.24,0,-0.0,False,0.052491140385241324,0.2782214015447183,0.33071254192995964
2021-03-24,300750.SZ,-0.3703225806451613,0,-0.0,False,0.05177071027771444,0.2788705784427374,0.33064128872045184
2021-03-25,300750.SZ,0.4,1,-1.0,True,0.050829850062660685,0.280110199903681,0.3309400499663417
2021-03-26,300750.SZ,0.3367741935483871,1,-1.0,True,0.0503352264067467,0.2794343466384621,0.3297695730452088
2021-03-29,300750.SZ,-0.03354838709677421,0,-0.0,False,0.050163183395994015,0.2792499859509199,0.3294131693469139
2021-03-30,300750.SZ,0.32838709677419353,1,-1.0,True,0.047222323180940246,0.2782476927575696,0.3254700159385099
2021-03-31,300750.SZ,0.3825806451612903,1,-1.0,True,0.05142124791212304,0.27866023269807616,0.3300814806101992
2021-04-01,300750.SZ,0.34451612903225803,1,-1.0,True,0.05834060275083273,0.27646156867198673,0.3348021714228195
2021-04-02,300750.SZ,0.3232258064516129,0,-0.0,False,0.0582330758691123,0.2763467530070146,0.3345798288761269
2021-04-06,300750.SZ,0.0903225806451613,0,-0.0,False,0.05767931242825208,0.2757429203364312,0.3334222327646833
2021-04-07,300750.SZ,-0.11354838709677417,0,-0.0,False,0.05724920490137035,0.2756506298276233,0.33289983472899365
2021-04-08,300750.SZ,-0.2670967741935484,0,-0.0,False,0.05597501135298326,0.2760870931577402,0.3320621045107235
2021-04-09,300750.SZ,-0.41096774193548385,0,-0.0,False,0.05108253823470369,0.27657052995615516,0.3276530681908589
2021-04-12,300750.SZ,0.4232258064516129,1,-1.0,True,0.044281462965886496,0.2778220797339349,0.3221035426998214
2021-04-13,300750.SZ,0.41419354838709677,1,-1.0,True,0.04423307586911229,0.2777550037475358,0.3219880796166481
2021-04-14,300750.SZ,0.33741935483870966,1,-1.0,True,0.045034151137929496,0.2786884543755992,0.3237226055135287
2021-04-15,300750.SZ,0.07354838709677425,0,-0.0,False,0.04771694683685423,0.279948307035342,0.32766525387219625
2021-04-16,300750.SZ,-0.21943371943371942,0,-0.0,False,0.04562017264330585,0.2787927127158792,0.32441288535918505
2021-04-19,300750.SZ,0.18404118404118408,0,-0.0,False,0.0424636013254442,0.27963725213926327,0.32210085346470746
2021-04-20,300750.SZ,-0.008365508365508367,0,-0.0,False,0.04359405205266912,0.2799354354607212,0.32352948751339033
2021-04-21,300750.SZ,-0.11840411840411841,0,-0.0,False,0.044793156687257626,0.27939711681540935,0.324190273502667
2021-04-22,300750.SZ,-0.18597168597168595,0,-0.0,False,0.04620968150700825,0.2781217102757711,0.32433139178277937
2021-04-23,300750.SZ,0.38223938223938225,1,-1.0,True,0.04161153036047002,0.27735363365578264,0.31896516401625263
2021-04-26,300750.SZ,0.13835263835263834,0,-0.0,False,0.04209255747052938,0.27789793315886313,0.3199904906293925
2021-04-27,300750.SZ,-0.010939510939510955,0,-0.0,False,0.04284227031701642,0.27803637726517383,0.32087864758219026
2021-04-28,300750.SZ,-0.17052767052767054,0,-0.0,False,0.03910057009144523,0.27568424943178715,0.3147848195232324
2021-04-29,300750.SZ,0.28893178893178895,0,-0.0,False,0.034706387890811416,0.2747791358840752,0.30948552377488664
2021-04-30,300750.SZ,0.37580437580437576,1,-1.0,True,0.03694748613190966,0.27575315996844246,0.31270064610035214
2021-05-06,300750.SZ,0.15508365508365507,0,-0.0,False,0.041810372059311714,0.27654607685373556,0.31835644891304726
2021-05-07,300750.SZ,0.014800514800514808,0,-0.0,False,0.04189843477640669,0.27658073745924594,0.31847917223565264
2021-05-10,300750.SZ,-0.13963963963963966,0,-0.0,False,0.042586288528776564,0.2764083589231578,0.31899464745193434
2021-05-11,300750.SZ,-0.41184041184041187,0,-0.0,False,0.044019399058661285,0.27499871489067074,0.319018113949332
2021-05-12,300750.SZ,-0.19498069498069498,0,-0.0,False,0.04380782573418474,0.27534223766515,0.3191500633993347
2021-05-13,300750.SZ,-0.30952380952380953,0,-0.0,False,0.04574212639429186,0.2728099690500657,0.3185520954443576
2021-05-14,300750.SZ,-0.42084942084942084,0,-0.0,False,0.044947707551485916,0.27371057253235276,0.3186582800838387
2021-05-17,300750.SZ,0.3082368082368082,0,-0.0,False,0.043650306463762244,0.2755556221774227,0.3192059286411849
2021-05-18,300750.SZ,0.07400257400257404,0,-0.0,False,0.04427808631734855,0.2760757304648478,0.3203538167821963
2021-05-19,300750.SZ,0.38931788931788935,1,-1.0,True,0.044792623896402255,0.27607308980394546,0.3208657137003477
2021-05-20,300750.SZ,0.407979407979408,1,-1.0,True,0.049284251468674996,0.2772646076102043,0.32654885907887926
2021-05-21,300750.SZ,0.24710424710424705,0,-0.0,False,0.05503891857818081,0.2774850713801036,0.3325239899582844
2021-05-24,300750.SZ,0.36036036036036034,1,-1.0,True,0.060415324938458144,0.274870106744955,0.3352854316834131
2021-05-25,300750.SZ,0.1988416988416989,0,-0.0,False,0.06146671503823534,0.27578019192993075,0.33724690696816606
2021-05-26,300750.SZ,-0.10038610038610041,0,-0.0,False,0.06009684747481939,0.2746747373539612,0.33477158482878056
2021-05-27,300750.SZ,-0.25997425997425994,0,-0.0,False,0.056840941799558876,0.2742381031215961,0.331079044921155
2021-05-28,300750.SZ,0.38159588159588165,1,-1.0,True,0.05321750038579488,0.27553539641717123,0.3287528968029661
2021-05-31,300750.SZ,0.3481338481338482,1,-1.0,True,0.05684370262490034,0.27697808505015575,0.3338217876750561
2021-06-01,300750.SZ,0.0785070785070785,0,-0.0,False,0.06283621587547811,0.2754190753836181,0.3382552912590962
2021-06-02,300750.SZ,-0.05276705276705279,0,-0.0,False,0.06186140927163925,0.27515252498882276,0.337013934260462
2021-06-03,300750.SZ,-0.24903474903474904,0,-0.0,False,0.06188404942331165,0.27514290002895625,0.3370269494522679
2021-06-04,300750.SZ,-0.3893178893178893,0,-0.0,False,0.061389405009312406,0.2756518356141133,0.3370412406234257
2021-06-07,300750.SZ,0.084942084942085,0,-0.0,False,0.05499455163058806,0.2771407864169826,0.33213533804757067
2021-06-08,300750.SZ,-0.11840411840411841,0,-0.0,False,0.05221853137069683,0.27513460639982407,0.3273531377705209
2021-06-09,300750.SZ,-0.2503217503217503,0,-0.0,False,0.047946884147436704,0.27375635804700993,0.3217032421944466
2021-06-10,300750.SZ,0.3513513513513513,1,-1.0,True,0.043489901819486636,0.2742258483528271,0.31771575017231374
2021-06-11,300750.SZ,0.3912483912483913,1,-1.0,True,0.04591782974741456,0.2756592830788458,0.32157711282626034
2021-06-15,300750.SZ,0.24424898511502025,0,-0.0,False,0.04585027601857051,0.27557292086751944,0.32142319688608995
2021-06-16,300750.SZ,0.1102841677943166,0,-0.0,False,0.046890058076849456,0.2760879688847103,0.32297802696155975
2021-06-17,300750.SZ,-0.06901217861975645,0,-0.0,False,0.04496609096684813,0.27482160917406606,0.3197877001409142
2021-06-18,300750.SZ,-0.37415426251691475,0,-0.0,False,0.041007011577797674,0.27299170265032213,0.3139987142281198
2021-06-21,300750.SZ,0.3112313937753721,0,-0.0,False,0.03781424355221934,0.2755974665339178,0.31341171008613716
2021-06-22,300750.SZ,0.03378378378378377,0,-0.0,False,0.03742344915232173,0.27517237060127553,0.31259581975359724
2021-06-23,300750.SZ,0.31174089068825916,1,-1.0,True,0.035300251574578695,0.27419950952351435,0.3094997610980931
2021-06-24,300750.SZ,0.09176788124156543,0,-0.0,False,0.03627740267514177,0.27497937171249864,0.31125677438764043
2021-06-25,300750.SZ,0.2777027027027027,0,-0.0,False,0.03625944625270731,0.2749756461176143,0.31123509237032165
2021-06-28,300750.SZ,0.347972972972973,1,-1.0,True,0.039799464171178266,0.27532946900667876,0.315128933177857
2021-06-29,300750.SZ,0.42828146143437074,1,-1.0,True,0.0450210780264128,0.2751815191745518,0.3202025972009646
2021-06-30,300750.SZ,0.39377537212449254,1,-1.0,True,0.05126825112457279,0.27530297087921496,0.32657122200378774
2021-07-01,300750.SZ,0.23684210526315785,0,-0.0,False,0.05782434423481833,0.2739998405775727,0.33182418481239107
2021-07-02,300750.SZ,0.023680649526387043,0,-0.0,False,0.0569704422384481,0.2732739428975688,0.3302443851360169
2021-07-05,300750.SZ,-0.2029769959404601,0,-0.0,False,0.055095894537614876,0.2727191684954941,0.327815063033109
2021-07-06,300750.SZ,-0.32949932341001353,0,-0.0,False,0.05140419031880797,0.27319276464083847,0.32459695495964647
2021-07-07,300750.SZ,0.34100135317997293,1,-1.0,True,0.049236430389292284,0.2751839376082404,0.32442036799753265
2021-07-08,300750.SZ,0.3721244925575101,1,-1.0,True,0.049097824059189596,0.2750314432267803,0.3241292672859699
2021-07-09,300750.SZ,0.15384615384615385,0,-0.0,False,0.049252965119360496,0.275209792040648,0.3244627571600085
2021-07-12,300750.SZ,0.2995951417004049,0,-0.0,False,0.0497383634899033,0.27534355459322823,0.3250819180831315
2021-07-13,300750.SZ,-0.03293010752688175,0,-0.0,False,0.052526885275135604,0.2761710703832725,0.3286979556584081
2021-07-14,300750.SZ,-0.18917112299465239,0,-0.0,False,0.05446744023988412,0.27472990332644864,0.3291973435663328
2021-07-15,300750.SZ,0.368421052631579,1,-1.0,True,0.0563850862623523,0.2721865939717621,0.32857168023411437
2021-07-16,300750.SZ,0.17455242966751916,0,-0.0,False,0.06002344351913061,0.273422757347378,0.33344620086650856
2021-07-19,300750.SZ,-0.022378516624040945,0,-0.0,False,0.06394479956644573,0.27164225307482687,0.3355870526412726
2021-07-20,300750.SZ,-0.25255754475703324,0,-0.0,False,0.06678276495236508,0.2689102117315847,0.33569297668394976
2021-07-21,300750.SZ,-0.3906649616368286,0,-0.0,False,0.06443144349938124,0.2704671315606378,0.334898575060019
2021-07-22,300750.SZ,0.2960358056265985,0,-0.0,False,0.058017386493892,0.27206574560522306,0.33008313209911505
2021-07-23,300750.SZ,0.06905370843989767,0,-0.0,False,0.05959417565060444,0.2728980053093786,0.332492180959983
2021-07-26,300750.SZ,-0.02941176470588236,0,-0.0,False,0.05711299516430886,0.27143105652405247,0.3285440516883613
2021-07-27,300750.SZ,-0.14578005115089515,0,-0.0,False,0.05533958309677914,0.27129420149157,0.32663378458834913
2021-07-28,300750.SZ,-0.3382352941176471,0,-0.0,False,0.054065761778200785,0.27188093614301345,0.3259466979212142
2021-07-29,300750.SZ,0.3081841432225064,0,-0.0,False,0.052094410174496245,0.2738700106723117,0.32596442084680793
2021-07-30,300750.SZ,-0.02429667519181583,0,-0.0,False,0.05809997730538307,0.27148811911781706,0.32958809642320014
2021-08-02,300750.SZ,-0.2710997442455243,0,-0.0,False,0.05737734199195491,0.27159191373504005,0.328969255726995
2021-08-03,300750.SZ,-0.36572890025575444,0,-0.0,False,0.05657141640981451,0.27242764382143836,0.32899906023125286
2021-08-04,300750.SZ,0.3740409207161125,1,-1.0,True,0.05649986605054036,0.2725383198102471,0.3290381858607875
2021-08-05,300750.SZ,0.22122762148337594,0,-0.0,False,0.05630284540914631,0.27229804199308366,0.32860088740223
2021-08-06,300750.SZ,0.11956521739130432,0,-0.0,False,0.05465005542515428,0.2706716742684057,0.32532172969356
2021-08-09,300750.SZ,-0.20076726342711,0,-0.0,False,0.05364085523117148,0.2701976260504196,0.32383848128159104
2021-08-10,300750.SZ,-0.4219948849104859,0,-0.0,False,0.049259729494547023,0.2700234342845665,0.31928316377911353
2021-08-11,300750.SZ,0.3101023017902813,0,-0.0,False,0.044177253887774735,0.2731140886643256,0.31729134255210034
2021-08-12,300750.SZ,0.12979539641943738,0,-0.0,False,0.044793400267987615,0.2736337601289397,0.3184271603969273
2021-08-13,300750.SZ,0.0210997442455243,0,-0.0,False,0.04812728082373518,0.2721962215314447,0.32032350235517987
2021-08-16,300750.SZ,-0.1579283887468031,0,-0.0,False,0.05130611502878422,0.2696006837885065,0.32090679881729073
2021-08-17,300750.SZ,-0.4047314578005115,0,-0.0,False,0.05311638574890149,0.26743365861473695,0.32055004436363843
2021-08-18,300750.SZ,-0.22570332480818417,0,-0.0,False,0.05335258970953,0.2670128192454788,0.3203654089550088
2021-08-19,300750.SZ,0.38746803069053704,1,-1.0,True,0.04923020142793456,0.26747405363358717,0.3167042550615217
2021-08-20,300750.SZ,0.2078005115089514,0,-0.0,False,0.05164936337395072,0.26921838957114397,0.3208677529450947
2021-08-23,300750.SZ,0.29731457800511507,0,-0.0,False,0.054517885440043115,0.26903142946062186,0.32354931490066496
2021-08-24,300750.SZ,0.32033248081841437,0,-0.0,False,0.06032562275353491,0.2666574656222453,0.3269830883757802
2021-08-25,300750.SZ,0.28005115089514065,0,-0.0,False,0.05977219437082264,0.26604252206242096,0.3258147164332436
2021-08-26,300750.SZ,0.10613810741687979,0,-0.0,False,0.05958557644123796,0.265878670187963,0.325464246629201
2021-08-27,300750.SZ,-0.009590792838874707,0,-0.0,False,0.05952625972591101,0.2658673895996442,0.3253936493255552
2021-08-30,300750.SZ,-0.19309462915601022,0,-0.0,False,0.059655474161391435,0.2658296817012103,0.32548515586260174
2021-08-31,300750.SZ,-0.4040920716112532,0,-0.0,False,0.059789166494572256,0.2656973642606661,0.32548653075523837
2021-09-01,300750.SZ,-0.38235294117647056,0,-0.0,False,0.05899037263311855,0.26695421431031363,0.3259445869434322
2021-09-02,300750.SZ,0.28260869565217395,0,-0.0,False,0.052275569594786096,0.26784298038092813,0.3201185499757142
2021-09-03,300750.SZ,0.0006393861892582953,0,-0.0,False,0.052024464452376615,0.26761076358709734,0.319635228039474
2021-09-06,300750.SZ,0.23657289002557547,0,-0.0,False,0.04952550266633042,0.26666931928153764,0.3161948219478681
2021-09-07,300750.SZ,-0.15920716112531969,0,-0.0,False,0.05098081438428549,0.26721358877827767,0.31819440316256314
2021-09-08,300750.SZ,-0.3081841432225064,0,-0.0,False,0.05023473320286482,0.26767789059555275,0.31791262379841756
2021-09-09,300750.SZ,-0.40345268542199486,0,-0.0,False,0.04892997286955899,0.2690481237643259,0.3179780966338849
2021-09-10,300750.SZ,-0.4475703324808184,0,-0.0,False,0.049239910168461715,0.2685002697122589,0.31774017988072056
2021-09-13,300750.SZ,-0.08503836317135549,0,-0.0,False,0.043805856322519404,0.2719083079748485,0.31571416429736787
2021-09-14,300750.SZ,0.44245524296675187,1,-1.0,True,0.04346817103802693,0.27204404613683386,0.3155122171748608
2021-09-15,300750.SZ,0.30179028132992325,0,-0.0,False,0.04915529806274987,0.2731992665735177,0.32235456463626755
2021-09-16,300750.SZ,0.15601023017902815,0,-0.0,False,0.0547562385792089,0.2714108973894137,0.3261671359686226
2021-09-17,300750.SZ,-0.09271099744245526,0,-0.0,False,0.05272299049736747,0.26971139532902055,0.322434385826388
2021-09-22,300750.SZ,-0.4398976982097187,0,-0.0,False,0.04914394723911045,0.2687583180418427,0.3179022652809531
2021-09-23,300750.SZ,-0.11125319693094632,0,-0.0,False,0.04575770297983592,0.2723449477817695,0.3181026507616054
2021-09-24,300750.SZ,-0.3343989769820972,0,-0.0,False,0.042094033865626414,0.2714666522562261,0.31356068612185256
2021-09-27,300750.SZ,0.38746803069053704,1,-1.0,True,0.03611920368109819,0.2717997142366316,0.30791891791772974
2021-09-28,300750.SZ,0.23529411764705888,0,-0.0,False,0.03647713619491718,0.27223718395847707,0.30871432015339423
2021-09-29,300750.SZ,0.11125319693094626,0,-0.0,False,0.035744372121545895,0.27157641254527887,0.3073207846668248
2021-09-30,300750.SZ,0.3702046035805626,1,-1.0,True,0.03591879392392743,0.27161847849429727,0.3075372724182247
2021-10-08,300750.SZ,0.28324808184143224,0,-0.0,False,0.03995006884623857,0.2729679940656523,0.3129180629118909
2021-10-11,300750.SZ,0.006393861892583175,0,-0.0,False,0.04453627597986341,0.2723884974577085,0.3169247734375719
2021-10-12,300750.SZ,-0.12531969309462915,0,-0.0,False,0.04801428934509731,0.2691690149783285,0.31718330432342584
2021-10-13,300750.SZ,-0.19309462915601022,0,-0.0,False,0.04344307684887862,0.2673954133903415,0.3108384902392201
2021-10-14,300750.SZ,-0.36764705882352944,0,-0.0,False,0.038382342036019396,0.2660630713586586,0.304445413394678
2021-10-15,300750.SZ,0.3804347826086957,1,-1.0,True,0.03250678858883407,0.26718657879817037,0.2996933673870044
2021-10-18,300750.SZ,0.32480818414322254,1,-1.0,True,0.03506417521810008,0.2690449359228925,0.3041091111409926
2021-10-19,300750.SZ,0.059462915601023014,0,-0.0,False,0.039599524414574594,0.2693058336605736,0.3089053580751482
2021-10-20,300750.SZ,-0.14514066496163686,0,-0.0,False,0.03856137217757326,0.26898427124763663,0.3075456434252099
2021-10-21,300750.SZ,0.38363171355498726,1,-1.0,True,0.03742157920593885,0.2694741292555353,0.3068957084614742
2021-10-22,300750.SZ,0.38299232736572886,1,-1.0,True,0.041605211138931404,0.2709277544895569,0.3125329656284883
2021-10-25,300750.SZ,0.370843989769821,1,-1.0,True,0.04634657791674319,0.27188845003352413,0.3182350279502673
2021-10-26,300750.SZ,0.14130434782608692,0,-0.0,False,0.046251616312830174,0.2717721131109959,0.31802372942382606
2021-10-27,300750.SZ,0.42583120204603575,1,-1.0,True,0.04627621389177558,0.27178065249211214,0.31805686638388775
2021-10-28,300750.SZ,0.30051150895140666,0,-0.0,False,0.049915969833321805,0.2739241853077108,0.3238401551410326
2021-10-29,300750.SZ,0.31969309462915596,0,-0.0,False,0.053841296328980784,0.2741136119632513,0.32795490829223206
2021-11-01,300750.SZ,0.26342710997442453,0,-0.0,False,0.054097640543125505,0.2743495922417989,0.3284472327849244
2021-11-02,300750.SZ,0.3797953964194374,1,-1.0,True,0.05316116332787591,0.2734325000406126,0.3265936633684885
2021-11-03,300750.SZ,0.16048593350383633,0,-0.0,False,0.05503376117234076,0.2749018992404664,0.32993566041280714
2021-11-04,300750.SZ,-0.005115089514066473,0,-0.0,False,0.05624780632820178,0.2750443818789063,0.33129218820710804
2021-11-05,300750.SZ,-0.21264367816091956,0,-0.0,False,0.057368844245914895,0.27451290298540726,0.33188174723132213
2021-11-08,300750.SZ,0.3646232439335888,1,-1.0,True,0.05902881702657732,0.27224466118732416,0.33127347821390146
2021-11-09,300750.SZ,0.35504469987228604,1,-1.0,True,0.06369218318419635,0.2726496041933978,0.3363417873775941
2021-11-10,300750.SZ,0.11877394636015326,0,-0.0,False,0.06923025409583049,0.2717530187008195,0.34098327279665
2021-11-11,300750.SZ,-0.20753512132822477,0,-0.0,False,0.07372711548924361,0.26801424387943706,0.34174135936868066
2021-11-12,300750.SZ,-0.3282247765006386,0,-0.0,False,0.06942901607620167,0.2683573023713755,0.33778631844757717
2021-11-15,300750.SZ,-0.4386973180076628,0,-0.0,False,0.06607712148867488,0.2708005679435679,0.3368776894322428
2021-11-16,300750.SZ,-0.3103448275862069,0,-0.0,False,0.05917699476096195,0.27303491935302626,0.3322119141139882
2021-11-17,300750.SZ,-0.3601532567049809,0,-0.0,False,0.053190959464581834,0.27319773573755235,0.3263886952021342
2021-11-18,300750.SZ,0.4029374201787995,1,-1.0,True,0.048130480266171595,0.27519254372646496,0.32332302399263657
2021-11-19,300750.SZ,0.2924648786717752,0,-0.0,False,0.04848528909799192,0.2756255948901008,0.32411088398809274
2021-11-22,300750.SZ,0.3109833971902938,0,-0.0,False,0.04926548226324256,0.2761867092329876,0.32545219149623017
2021-11-23,300750.SZ,0.022349936143039595,0,-0.0,False,0.05269356140971251,0.2768657589361697,0.3295593203458822
2021-11-24,300750.SZ,-0.13282247765006383,0,-0.0,False,0.05504626304402334,0.2753820648083109,0.3304283278523342
2021-11-25,300750.SZ,-0.2049808429118774,0,-0.0,False,0.05075944338364046,0.27425764284134657,0.32501708622498704
2021-11-26,300750.SZ,-0.40357598978288634,0,-0.0,False,0.04615015429159275,0.273865503948332,0.3200156582399247
2021-11-29,300750.SZ,0.4144316730523627,1,-1.0,True,0.04213279538917637,0.2769058531494918,0.31903864853866815
2021-11-30,300750.SZ,0.37037037037037035,1,-1.0,True,0.046026118104338175,0.278838027849469,0.32486414595380714
2021-12-01,300750.SZ,-0.022988505747126464,0,-0.0,False,0.05118782743271417,0.27906307736558084,0.330250904798295
2021-12-02,300750.SZ,0.3575989782886334,1,-1.0,True,0.054240572295803854,0.2761926995741871,0.33043327186999094
2021-12-03,300750.SZ,0.005108556832694733,0,-0.0,False,0.05651271307369176,0.27756550734467295,0.3340782204183647
2021-12-06,300750.SZ,-0.10919540229885055,0,-0.0,False,0.05754198536733187,0.2771401073692373,0.3346820927365691
2021-12-07,300750.SZ,-0.26053639846743293,0,-0.0,False,0.058718038267522706,0.2761202599867922,0.3348382982543149
2021-12-08,300750.SZ,-0.4648786717752235,0,-0.0,False,0.05361897368569949,0.27632057930795617,0.3299395529936557
2021-12-09,300750.SZ,-0.11238825031928479,0,-0.0,False,0.04648458149383604,0.27857308504779044,0.3250576665416265
2021-12-10,300750.SZ,0.3786717752234994,1,-1.0,True,0.0435126045318835,0.27834780524610286,0.32186040977798636
2021-12-13,300750.SZ,0.3674863387978142,1,-1.0,True,0.04574916792712669,0.27996241560016766,0.32571158352729435
2021-12-14,300750.SZ,0.21721311475409832,0,-0.0,False,0.049386655572273105,0.2812913263932893,0.3306779819655624
2021-12-15,300750.SZ,0.10109289617486339,0,-0.0,False,0.05431471704953155,0.2789794869496224,0.33329420399915394
2021-12-16,300750.SZ,-0.26229508196721313,0,-0.0,False,0.05256356290286065,0.27801110818843505,0.3305746710912957
2021-12-17,300750.SZ,-0.3997271487039563,0,-0.0,False,0.05009623902160234,0.2794890857981306,0.3295853248197329
2021-12-20,300750.SZ,-0.02251023192360163,0,-0.0,False,0.044167338693333884,0.2814316442203461,0.32559898291368
2021-12-21,300750.SZ,-0.24316939890710382,0,-0.0,False,0.043215021083624156,0.2814625657091308,0.32467758679275494
2021-12-22,300750.SZ,-0.34084699453551914,0,-0.0,False,0.03887442023687577,0.28183210027745675,0.3207065205143325
2021-12-23,300750.SZ,0.3545081967213115,1,-1.0,True,0.03313425384097166,0.28249761050781463,0.3156318643487863
2021-12-24,300750.SZ,0.1584699453551912,0,-0.0,False,0.0325194766350295,0.281709631103865,0.3142291077388945
2021-12-27,300750.SZ,0.03478854024556621,0,-0.0,False,0.03055859807861866,0.2799876036830314,0.31054620176165004
2021-12-28,300750.SZ,-0.24455040871934602,0,-0.0,False,0.02887481837013873,0.2793434487548078,0.30821826712494654
2021-12-29,300750.SZ,-0.38760217983651224,0,-0.0,False,0.026639559551424285,0.2804563138090207,0.30709587336044497
2021-12-30,300750.SZ,0.3331062670299727,1,-1.0,True,0.02510101635229052,0.2822273642844093,0.3073283806366998
2021-12-31,300750.SZ,-0.005449591280653976,0,-0.0,False,0.03062272960595707,0.2817127843096333,0.3123355139155904
2022-01-04,300750.SZ,-0.26707650273224043,0,-0.0,False,0.027735638402118512,0.28027680098480684,0.30801243938692535
2022-01-05,300750.SZ,-0.39344262295081966,0,-0.0,False,0.022408963441370593,0.2797502012228117,0.3021591646641823
2022-01-06,300750.SZ,-0.4426229508196721,0,-0.0,False,0.017848223634729148,0.28204120326250387,0.299889426897233
2022-01-07,300750.SZ,-0.4098360655737705,0,-0.0,False,0.011663072863728504,0.28394257979787246,0.295605652661601
2022-01-10,300750.SZ,-0.3640710382513661,0,-0.0,False,0.008522189880004432,0.28651297359433614,0.29503516347434056
2022-01-11,300750.SZ,-0.44193989071038253,0,-0.0,False,0.007064690586198483,0.287968260268084,0.29503295085428244
2022-01-12,300750.SZ,0.3473541383989145,1,-1.0,True,0.0003116827250154705,0.2889231654937316,0.28923484821874706
2022-01-13,300750.SZ,0.2232620320855615,0,-0.0,False,0.001751696964443765,0.29022658002684243,0.2919782769912862
2022-01-14,300750.SZ,0.4330357142857143,1,-1.0,True,0.0037987015370237855,0.29092039392775315,0.2947190954647769
2022-01-17,300750.SZ,0.3494897959183674,1,-1.0,True,0.009511978695713349,0.29257097538024507,0.3020829540759584
2022-01-18,300750.SZ,0.09056122448979587,0,-0.0,False,0.015679935008673315,0.2918646715154382,0.30754460652411153
2022-01-19,300750.SZ,-0.17283163265306123,0,-0.0,False,0.013967646832533293,0.29080689472898075,0.30477454156151407
2022-01-20,300750.SZ,-0.30038265306122447,0,-0.0,False,0.011951935656758636,0.29125981468304807,0.3032117503398067
2022-01-21,300750.SZ,-0.3788265306122449,0,-0.0,False,0.00969384492046412,0.2926303680026178,0.3023242129230819
2022-01-24,300750.SZ,0.40306122448979587,1,-1.0,True,0.00775179092495287,0.2944385727551153,0.3021903636800682
2022-01-25,300750.SZ,0.26466836734693877,0,-0.0,False,0.013929261913348227,0.2948946236735163,0.3088238855868645
2022-01-26,300750.SZ,0.3934948979591837,1,-1.0,True,0.013566630447718497,0.29455629975251924,0.30812293020023773
2022-01-27,300750.SZ,0.24808673469387754,0,-0.0,False,0.017048226890643493,0.29656724420673614,0.31361547109737964
2022-01-28,300750.SZ,0.4317602040816326,1,-1.0,True,0.021374780881805173,0.2961149952712473,0.31748977615305246
2022-02-07,300750.SZ,-0.01594387755102039,0,-0.0,False,0.02802052341795007,0.2963031860405548,0.32432370945850486
2022-02-08,300750.SZ,-0.2072704081632653,0,-0.0,False,0.024770650099057292,0.2946099706347527,0.31938062073380996
2022-02-09,300750.SZ,-0.45663265306122447,0,-0.0,False,0.021199833185335283,0.29480554428491695,0.31600537747025226
2022-02-10,300750.SZ,-0.47130102040816324,0,-0.0,False,0.01639818426489754,0.2978664779011903,0.31426466216608784
2022-02-11,300750.SZ,-0.19132653061224492,0,-0.0,False,0.014143736290055435,0.3005357677856246,0.31467950407568
2022-02-14,300750.SZ,-0.2710459183673469,0,-0.0,False,0.016065972575874107,0.29845323540467183,0.31451920798054595
2022-02-15,300750.SZ,-0.35714285714285715,0,-0.0,False,0.011223070741227208,0.2983569452168985,0.3095800159581257
2022-02-16,300750.SZ,0.37818877551020413,1,-1.0,True,0.007165251961541419,0.3000373267753219,0.30720257873686335
2022-02-17,300750.SZ,0.38137755102040816,1,-1.0,True,0.010140993888747084,0.30194143482598884,0.3120824287147359
2022-02-18,300750.SZ,-0.005102040816326536,0,-0.0,False,0.014635210053473844,0.303428760127206,0.31806397018067983
2022-02-21,300750.SZ,-0.18877551020408162,0,-0.0,False,0.017965455195008716,0.3009704580445263,0.318935913239535
2022-02-22,300750.SZ,-0.2914540816326531,0,-0.0,False,0.018273186983376242,0.30073801052279414,0.3190111975061704
2022-02-23,300750.SZ,-0.4700255102040816,0,-0.0,False,0.012615502714016322,0.30011963702957867,0.312735139743595
2022-02-24,300750.SZ,0.2633928571428571,0,-0.0,False,0.00696695253307438,0.30278206118609463,0.309749013719169
2022-02-25,300750.SZ,0.3966836734693877,1,-1.0,True,0.006684271525888897,0.3025244364665268,0.30920870799241573
2022-02-28,300750.SZ,0.35076530612244894,1,-1.0,True,0.007320531464647008,0.30326900834917697,0.310589539813824
2022-03-01,300750.SZ,0.3533163265306123,1,-1.0,True,0.007909816091541243,0.30387151103861876,0.31178132713016
2022-03-02,300750.SZ,0.020408163265306145,0,-0.0,False,0.00996963458415568,0.30537698494636023,0.3153466195305159
2022-03-03,300750.SZ,-0.10267857142857145,0,-0.0,False,0.010219625885023858,0.305373116622578,0.31559274250760183
2022-03-04,300750.SZ,-0.211734693877551,0,-0.0,False,0.010973093032752512,0.3049785402763659,0.3159516333091184
2022-03-07,300750.SZ,-0.35841836734693877,0,-0.0,False,0.012576071180533362,0.3032793954971336,0.315855466677667
2022-03-08,300750.SZ,0.4387755102040817,1,-1.0,True,0.012775525962446129,0.30302524773463146,0.3158007736970776
2022-03-09,300750.SZ,0.40625,1,-1.0,True,0.014076916083712027,0.3045254553827279,0.31860237146643994
2022-03-10,300750.SZ,0.2276785714285714,0,-0.0,False,0.017457004532134873,0.30661889909985074,0.32407590363198563
2022-03-11,300750.SZ,0.19451530612244894,0,-0.0,False,0.017382885210493176,0.30656655742462724,0.32394944263512043
2022-03-14,300750.SZ,0.125,0,-0.0,False,0.02033057243755791,0.3065548962927488,0.3268854687303067
2022-03-15,300750.SZ,0.09056122448979587,0,-0.0,False,0.023940440297745464,0.30520144417467787,0.3291418844724233
2022-03-16,300750.SZ,0.420280612244898,1,-1.0,True,0.02805722288034372,0.3027096448167485,0.33076686769709224
2022-03-17,300750.SZ,0.3380102040816326,1,-1.0,True,0.035289314086391355,0.30161586674077706,0.3369051808271684
2022-03-18,300750.SZ,-0.25637755102040816,0,-0.0,False,0.0388147188134996,0.30266815407170333,0.34148287288520296
2022-03-21,300750.SZ,-0.34119897959183676,0,-0.0,False,0.032991112196939926,0.30155753166217086,0.33454864385911076
2022-03-22,300750.SZ,-0.35331632653061223,0,-0.0,False,0.02763286835592526,0.3024523906083319,0.33008525896425717
2022-03-23,300750.SZ,-0.44642857142857145,0,-0.0,False,0.02338848038334492,0.3042043782264299,0.3275928586097748
2022-03-24,300750.SZ,-0.1715561224489796,0,-0.0,False,0.02044083393346062,0.307039297339727,0.32748013127318765
2022-03-25,300750.SZ,-0.3934948979591837,0,-0.0,False,0.02267701373146678,0.3046261476534503,0.3273031613849171
2022-03-28,300750.SZ,-0.055484693877551006,0,-0.0,False,0.02032499955623147,0.30675109133976297,0.32707609089599443
2022-03-29,300750.SZ,-0.3010204081632653,0,-0.0,False,0.02264928524876935,0.30509292352402334,0.3277422087727927
2022-03-30,300750.SZ,0.15816326530612246,0,-0.0,False,0.016911881591654333,0.3046480344645235,0.32155991605617784
2022-03-31,300750.SZ,-0.04910714285714285,0,-0.0,False,0.016269124488813194,0.30426453742558895,0.32053366191440213
2022-04-01,300750.SZ,-0.18112244897959184,0,-0.0,False,0.014932788323912453,0.3041960050129531,0.3191287933368655
2022-04-06,300750.SZ,-0.29336734693877553,0,-0.0,False,0.010338396219244499,0.3029459905151583,0.3132843867344028
2022-04-07,300750.SZ,-0.32589285714285715,0,-0.0,False,0.005533267646076102,0.30315377684989336,0.30868704449596945
2022-04-08,300750.SZ,-0.2455357142857143,0,-0.0,False,0.002764211654114099,0.304659690196215,0.30742390185032914
2022-04-11,300750.SZ,-0.34119897959183676,0,-0.0,False,0.0017624114775217229,0.305281418963486,0.3070438304410077
2022-04-12,300750.SZ,0.3335459183673469,1,-1.0,True,0.0005282085572231685,0.3063732425403341,0.3069014510975573
2022-04-13,300750.SZ,0.14604591836734693,0,-0.0,False,0.006371483367147139,0.3059787106052225,0.3123501939723697
2022-04-14,300750.SZ,-0.018494897959183687,0,-0.0,False,0.004418242831802565,0.3043143742689139,0.3087326171007165
2022-04-15,300750.SZ,-0.2544642857142857,0,-0.0,False,0.0015573838142825132,0.30288742845791783,0.3044448122722003
2022-04-18,300750.SZ,-0.3086734693877551,0,-0.0,False,-0.0010586761966783927,0.30373760397409755,0.30267892777741917
2022-04-19,300750.SZ,0.19770408163265307,0,-0.0,False,-0.0024214495668960444,0.30475464300356836,0.3023331934366723
2022-04-20,300750.SZ,0.1339285714285714,0,-0.0,False,-0.003970846499582163,0.30324431738618446,0.2992734708866023
2022-04-21,300750.SZ,-0.18112244897959184,0,-0.0,False,-0.006046377799058475,0.3014203856746531,0.29537400787559465
2022-04-22,300750.SZ,-0.3635204081632653,0,-0.0,False,-0.01064609812197025,0.29982799003521754,0.2891818919132473
2022-04-25,300750.SZ,0.22066326530612246,0,-0.0,False,-0.014852971088548184,0.3012164359971325,0.28636346490858433
2022-04-26,300750.SZ,-0.09438775510204084,0,-0.0,False,-0.01656270389471413,0.2992700389767024,0.28270733508198825
2022-04-27,300750.SZ,-0.27040816326530615,0,-0.0,False,-0.019853531095159523,0.29792229160193945,0.2780687605067799
2022-04-28,300750.SZ,-0.3118622448979592,0,-0.0,False,-0.024771041577613378,0.297139714919471,0.2723686733418576
2022-04-29,300750.SZ,0.09566326530612246,0,-0.0,False,-0.02956511953488324,0.29709170717461286,0.26752658763972964
2022-05-05,300750.SZ,-0.21364795918367346,0,-0.0,False,-0.03193288729416086,0.29492610912809863,0.26299322183393775
2022-05-06,300750.SZ,-0.22959183673469385,0,-0.0,False,-0.03505066973322345,0.2948524295230432,0.25980175978981973
2022-05-09,300750.SZ,-0.29655612244897955,0,-0.0,False,-0.03692130929339534,0.29537253048278783,0.2584512211893925
2022-05-10,300750.SZ,-0.360969387755102,0,-0.0,False,-0.03762057966246251,0.295890907782429,0.2582703281199665
2022-05-11,300750.SZ,0.28316326530612246,1,-1.0,True,-0.04366718492653494,0.2950144145963596,0.25134722966982465
2022-05-12,300750.SZ,-0.024234693877551006,0,-0.0,False,-0.04426619688125296,0.2942700839096246,0.2500038870283717
2022-05-13,300750.SZ,0.2857142857142857,1,-1.0,True,-0.0454579355499005,0.2938935915550064,0.2484356560051059
2022-05-16,300750.SZ,0.07908163265306123,0,-0.0,False,-0.041347523824546234,0.29505473503804314,0.25370721121349693
2022-05-17,300750.SZ,0.35012755102040816,1,-1.0,True,-0.03795330374826541,0.294067968470616,0.2561146647223506
2022-05-18,300750.SZ,0.15752551020408168,0,-0.0,False,-0.03137976317303149,0.29385107489993373,0.26247131172690225
2022-05-19,300750.SZ,0.004464285714285698,0,-0.0,False,-0.027480843691445746,0.29322182440433076,0.265740980712885
2022-05-20,300750.SZ,0.17155612244897955,0,-0.0,False,-0.024442364171285192,0.291630410059579,0.2671880458882938
2022-05-23,300750.SZ,-0.16517857142857145,0,-0.0,False,-0.026370541652367022,0.2895383606896212,0.26316781903725417
2022-05-24,300750.SZ,-0.21045918367346939,0,-0.0,False,-0.03018423706986991,0.28831485686699015,0.25813061979712026
2022-05-25,300750.SZ,-0.25701530612244894,0,-0.0,False,-0.034529591910401274,0.2870564491495168,0.2525268572391155
2022-05-26,300750.SZ,-0.36543367346938777,0,-0.0,False,-0.036857635595947014,0.2877233357259347,0.2508657001299877
2022-05-27,300750.SZ,0.38647959183673475,1,-1.0,True,-0.038796062227774715,0.2891552968031253,0.2503592345753506
2022-05-30,300750.SZ,0.29336734693877553,1,-1.0,True,-0.03386722527153627,0.2913314881596861,0.25746426288814983
2022-05-31,300750.SZ,0.18622448979591832,0,-0.0,False,-0.028059364132189093,0.2908457737340876,0.26278640960189853
2022-06-01,300750.SZ,0.3303571428571429,1,-1.0,True,-0.02996109065932613,0.2886660961395044,0.2587050054801783
2022-06-02,300750.SZ,0.27933673469387754,1,-1.0,True,-0.03029453422193636,0.28822254912036194,0.2579280148984256
2022-06-06,300750.SZ,0.19323979591836737,0,-0.0,False,-0.027775157218261327,0.28960495802970737,0.261829800811446
2022-06-07,300750.SZ,-0.02869897959183676,0,-0.0,False,-0.029144817071346876,0.28815206715896186,0.259007250087615
2022-06-08,300750.SZ,-0.19834183673469385,0,-0.0,False,-0.0294265465415513,0.28813482231337817,0.25870827577182687
2022-06-09,300750.SZ,-0.2799744897959184,0,-0.0,False,-0.03016943349518333,0.2884569569117981,0.2582875234166148
2022-06-10,300750.SZ,-0.37691326530612246,0,-0.0,False,-0.030331417589587375,0.28859283320428464,0.2582614156146973
2022-06-13,300750.SZ,-0.25778078484438427,0,-0.0,False,-0.0295983725356782,0.28758975449966967,0.25799138196399146
2022-06-14,300750.SZ,-0.41136671177266576,0,-0.0,False,-0.030809976990054035,0.2882469915950728,0.2574370146050187
2022-06-15,300750.SZ,0.29499323410013534,1,-1.0,True,-0.03739363104835541,0.2878377786939261,0.2504441476455707
2022-06-16,300750.SZ,0.08119079837618404,0,-0.0,False,-0.037997740254169396,0.2870558941672018,0.24905815391303238
2022-06-17,300750.SZ,0.3240866035182679,1,-1.0,True,-0.03913125955731868,0.2863072396561768,0.24717598009885816
2022-06-20,300750.SZ,0.2948717948717948,1,-1.0,True,-0.037272978662790314,0.2879440077358299,0.25067102907303956
2022-06-21,300750.SZ,0.3849797023004059,1,-1.0,True,-0.03262992135579858,0.2887759837368301,0.25614606238103155
2022-06-22,300750.SZ,0.28243243243243243,1,-1.0,True,-0.026090697597428894,0.2892776098972766,0.2631869122998477
2022-06-23,300750.SZ,0.344804318488529,1,-1.0,True,-0.02354950872779528,0.2906454931523402,0.2670959844245449
2022-06-24,300750.SZ,0.30987821380243574,1,-1.0,True,-0.01864972774949834,0.2918655184666733,0.27321579071717494
2022-06-27,300750.SZ,-0.02976995940460081,0,-0.0,False,-0.013227017680015381,0.2918740239797955,0.2786470062997801
2022-06-28,300750.SZ,-0.31873315363881405,0,-0.0,False,-0.016429335647731316,0.28990692448982847,0.27347758884209716
2022-06-29,300750.SZ,-0.3535762483130904,0,-0.0,False,-0.02040602813934803,0.290759323341443,0.27035329520209495
2022-06-30,300750.SZ,-0.4466216216216216,0,-0.0,False,-0.023642401377336832,0.29229713457643913,0.2686547331991023
2022-07-01,300750.SZ,0.19282814614343713,0,-0.0,False,-0.025326328151522463,0.29415663481440635,0.2688303066628839
2022-07-04,300750.SZ,0.012178619756427644,0,-0.0,False,-0.020489408768356216,0.2929190535227288,0.2724296447543726
2022-07-05,300750.SZ,-0.2882273342354533,0,-0.0,False,-0.023163805828969094,0.2911230943018385,0.26795928847286943
2022-07-06,300750.SZ,-0.34324324324324323,0,-0.0,False,-0.02552028702025909,0.29212125645877024,0.26660096943851114
2022-07-07,300750.SZ,0.4027027027027027,1,-1.0,True,-0.02615500985785078,0.292732629827531,0.2665776199696802
2022-07-08,300750.SZ,0.25033738191632926,0,-0.0,False,-0.01952046547740476,0.293359724122326,0.27383925864492126
2022-07-11,300750.SZ,-0.004723346828609976,0,-0.0,False,-0.01374579603793808,0.29177718747487574,0.27803139143693767
2022-07-12,300750.SZ,-0.2349799732977303,0,-0.0,False,-0.010369856715061743,0.28949047669522876,0.279120619980167
2022-07-13,300750.SZ,-0.36636245110821386,0,-0.0,False,-0.00929409784044811,0.2884028739026671,0.279108776062219
2022-07-14,300750.SZ,0.3646759847522236,1,-1.0,True,-0.00866428584376337,0.28753133158616645,0.27886704574240306
2022-07-15,300750.SZ,0.21283354510800512,0,-0.0,False,-0.008519937124152463,0.2877158534881899,0.27919591636403746
2022-07-18,300750.SZ,0.0025412960609910717,0,-0.0,False,-0.008606841182298765,0.28764682251759516,0.2790399813352964
2022-07-19,300750.SZ,-0.18614993646759848,0,-0.0,False,-0.012194294667504792,0.2847625341453728,0.272568239477868
2022-07-20,300750.SZ,-0.4269377382465057,0,-0.0,False,-0.016657959104054508,0.2832394934807614,0.2665815343767069
2022-07-21,300750.SZ,-0.37738246505717915,0,-0.0,False,-0.020970450460190356,0.28552370434553515,0.2645532538853448
2022-07-22,300750.SZ,-0.4104193138500635,0,-0.0,False,-0.02267504073022467,0.2870444806917184,0.2643694399614937
2022-07-25,300750.SZ,0.33227445997458704,1,-1.0,True,-0.023592012903465,0.2881128504452169,0.2645208375417519
2022-07-26,300750.SZ,0.1016518424396442,0,-0.0,False,-0.017666171315241397,0.28805794597574286,0.27039177466050146
2022-07-27,300750.SZ,-0.2674714104193139,0,-0.0,False,-0.020177916165659327,0.2856626739586896,0.26548475779303027
2022-07-28,300750.SZ,-0.4364675984752224,0,-0.0,False,-0.02461241431371143,0.2853338502556575,0.2607214359419461
2022-07-29,300750.SZ,-0.272554002541296,0,-0.0,False,-0.03152876845066482,0.28517286486384014,0.2536440964131753
2022-08-01,300750.SZ,0.39263024142312575,1,-1.0,True,-0.03586744126095793,0.2848433658290593,0.24897592456810136
2022-08-02,300750.SZ,0.28081321473951715,1,-1.0,True,-0.03619352428311215,0.2843254631952636,0.24813193891215143
2022-08-03,300750.SZ,0.15946632782719183,0,-0.0,False,-0.03372054851402433,0.2857898485241802,0.2520693000101559
2022-08-04,300750.SZ,-0.19186785260482847,0,-0.0,False,-0.0306644090474372,0.28587923467831583,0.2552148256308786
2022-08-05,300750.SZ,-0.3392630241423126,0,-0.0,False,-0.028458035710300564,0.283576482012521,0.2551184463022204
2022-08-08,300750.SZ,-0.187420584498094,0,-0.0,False,-0.02735771907475181,0.2820960481442747,0.2547383290695229
2022-08-09,300750.SZ,0.355146124523507,1,-1.0,True,-0.02732516952380055,0.2820771943877956,0.25475202486399506
2022-08-10,300750.SZ,0.22109275730622613,0,-0.0,False,-0.0221069024997101,0.28331997140914744,0.26121306890943735
2022-08-11,300750.SZ,-0.17407878017789075,0,-0.0,False,-0.017288272379301074,0.282489907870479,0.2652016354911779
2022-08-12,300750.SZ,-0.3678526048284625,0,-0.0,False,-0.021890502010035198,0.2804843458477531,0.25859384383771794
2022-08-15,300750.SZ,0.3780177890724269,1,-1.0,True,-0.028134086642109122,0.2797701862365921,0.25163609959448296
2022-08-16,300750.SZ,0.3881829733163914,1,-1.0,True,-0.024941421393036175,0.2822106191440193,0.2572691977509831
2022-08-17,300750.SZ,0.3354510800508259,1,-1.0,True,-0.020133434030365566,0.2843029710310146,0.26416953700064905
2022-08-18,300750.SZ,0.14930114358322744,0,-0.0,False,-0.014909224349669906,0.28503432949567536,0.27012510514600546
2022-08-19,300750.SZ,-0.015883100381194393,0,-0.0,False,-0.009748168901442334,0.28231845571472985,0.27257028681328754
2022-08-22,300750.SZ,0.35133418043202036,1,-1.0,True,-0.012075468547476095,0.28119677013307404,0.26912130158559794
2022-08-23,300750.SZ,0.4002541296060991,1,-1.0,True,-0.012453380989454154,0.2806727901286098,0.26821940913915565
2022-08-24,300750.SZ,0.31067344345616266,1,-1.0,True,-0.012040974127090405,0.28124674211693124,0.2692057679898408
2022-08-25,300750.SZ,0.12452350698856418,0,-0.0,False,-0.012396331486044151,0.28080782849769076,0.2684114970116466
2022-08-26,300750.SZ,0.021601016518424387,0,-0.0,False,-0.011528703621683668,0.28107076059396807,0.2695420569722844
2022-08-29,300750.SZ,-0.39453621346886913,0,-0.0,False,-0.010493040388792037,0.2809610232096596,0.27046798282086754
2022-08-30,300750.SZ,-0.13024142312579418,0,-0.0,False,-0.012016386385386353,0.28255236707654874,0.27053598069116236
2022-08-31,300750.SZ,-0.20584498094027953,0,-0.0,False,-0.01011491185021015,0.28096493293223107,0.27085002108202094
2022-09-01,300750.SZ,-0.4186785260482846,0,-0.0,False,-0.015486749276413159,0.2784615415328586,0.2629747922564455
2022-09-02,300750.SZ,-0.1372299872935197,0,-0.0,False,-0.022361153660148864,0.278144959702192,0.25578380604204315
2022-09-05,300750.SZ,0.3259212198221093,1,-1.0,True,-0.025402058316166286,0.2773820431714613,0.25197998485529505
2022-09-06,300750.SZ,-0.10546378653113087,0,-0.0,False,-0.024307009035335787,0.2785145991320374,0.25420759009670163
2022-09-07,300750.SZ,0.3468869123252859,1,-1.0,True,-0.02622754058976188,0.278270871547187,0.2520433309574251
2022-09-08,300750.SZ,0.17852604828462515,0,-0.0,False,-0.024091493191132792,0.28015232848857197,0.25606083529743917
2022-09-09,300750.SZ,-0.0864040660736976,0,-0.0,False,-0.0261061145574684,0.277789204100573,0.2516830895431046
2022-09-13,300750.SZ,-0.19186785260482847,0,-0.0,False,-0.02964290014209615,0.2758090966112769,0.24616619646918075
2022-09-14,300750.SZ,-0.4085133418043202,0,-0.0,False,-0.02910531932196632,0.2754260554301244,0.24632073610815808
2022-09-15,300750.SZ,0.12579415501905977,0,-0.0,False,-0.029666272340403685,0.27613466699588723,0.24646839465548354
2022-09-16,300750.SZ,0.06797966963151203,0,-0.0,False,-0.025673684994156416,0.27487656297935703,0.2492028779852006
2022-09-19,300750.SZ,-0.3227445997458704,0,-0.0,False,-0.021386949651989055,0.27225835796837916,0.2508714083163901
2022-09-20,300750.SZ,0.2681067344345617,1,-1.0,True,-0.022646853629463146,0.2733069222219937,0.25066006859253054
2022-09-21,300750.SZ,-0.024142312579415515,0,-0.0,False,-0.0171335066928486,0.27243480311820134,0.25530129642535276
2022-09-22,300750.SZ,-0.1880559085133418,0,-0.0,False,-0.016872320182030807,0.27241274966847223,0.2555404294864414
2022-09-23,300750.SZ,-0.25095298602287164,0,-0.0,False,-0.015930949351614775,0.27161659488132756,0.2556856455297128
2022-09-26,300750.SZ,0.44409148665819564,1,-1.0,True,-0.01934025144602306,0.2719803678720125,0.25264011642598944
2022-09-27,300750.SZ,0.32147395171537485,1,-1.0,True,-0.015230262866728572,0.2752337586741026,0.26000349580737403
2022-09-28,300750.SZ,0.14675984752223636,0,-0.0,False,-0.011041959527603848,0.27650923506804315,0.2654672755404393
2022-09-29,300750.SZ,0.009529860228716602,0,-0.0,False,-0.0073742329070954175,0.27565056755746564,0.2682763346503702
2022-09-30,300750.SZ,-0.11372299872935199,0,-0.0,False,-0.004579043595665635,0.27408977055402933,0.2695107269583637
2022-10-10,300750.SZ,-0.15501905972045743,0,-0.0,False,-0.0034806042993626163,0.2733792049453026,0.26989860064593996
2022-10-11,300750.SZ,-0.3074968233799238,0,-0.0,False,-0.001929104967101122,0.271971141547547,0.27004203658044584
2022-10-12,300750.SZ,0.17979669631512074,0,-0.0,False,-0.007271127814995045,0.2716218267087673,0.2643506988937722
2022-10-13,300750.SZ,-0.12325285895806859,0,-0.0,False,-0.006989871332096929,0.2717993320920724,0.26480946075997547
2022-10-14,300750.SZ,-0.3786531130876747,0,-0.0,False,-0.00786285434042097,0.27200475185684864,0.2641418975164277
2022-10-17,300750.SZ,-0.4275730622617535,0,-0.0,False,-0.008897761235199213,0.27318458445755667,0.26428682322235747
2022-10-18,300750.SZ,-0.45044472681067343,0,-0.0,False,-0.009888591175815866,0.2744934826224089,0.26460489144659305
2022-10-19,300750.SZ,-0.36721728081321475,0,-0.0,False,-0.01528983124617692,0.27674197174004084,0.2614521404938639
2022-10-20,300750.SZ,-0.3900889453621347,0,-0.0,False,-0.019466046681525136,0.2782484540083104,0.25878240732678526
2022-10-21,300750.SZ,0.1639135959339263,0,-0.0,False,-0.02120743415137966,0.2799175554761849,0.25871012132480525
2022-10-24,300750.SZ,-0.14040660736975857,0,-0.0,False,-0.016812150783903065,0.2786353315034904,0.2618231807195873
2022-10-25,300750.SZ,-0.4263024142312579,0,-0.0,False,-0.019821066389535406,0.2779981665975778,0.2581771002080424
2022-10-26,300750.SZ,-0.0406607369758577,0,-0.0,False,-0.022587021882278884,0.28038724016247013,0.25780021828019123
2022-10-27,300750.SZ,0.2858958068614994,1,-1.0,True,-0.020672459996533478,0.2794636971427166,0.25879123714618313
2022-10-28,300750.SZ,0.46378653113087676,1,-1.0,True,-0.015691142898537992,0.27955712264057403,0.263865979742036
2022-10-31,300750.SZ,0.42376111817026685,1,-1.0,True,-0.012623449016665038,0.28279041352248363,0.2701669645058186
2022-11-01,300750.SZ,0.29097839898348155,1,-1.0,True,-0.007311706705382202,0.2849607760664544,0.2776490693610722
2022-11-02,300750.SZ,0.2554002541296061,0,-0.0,False,-0.00297362140773074,0.28551037710219074,0.28253675569446
2022-11-03,300750.SZ,-0.005082592121982199,0,-0.0,False,0.0016260150637574739,0.2851868391322255,0.28681285419598296
2022-11-04,300750.SZ,0.11944091486658193,0,-0.0,False,0.004591738360700139,0.2832281879872958,0.28781992634799597
2022-11-07,300750.SZ,0.2452350698856417,0,-0.0,False,0.0032273854403706346,0.2822676992783296,0.2854950847187003
2022-11-08,300750.SZ,0.08703939008894535,0,-0.0,False,0.005472966805063908,0.2831179917031972,0.2885909585082611
2022-11-09,300750.SZ,0.0025412960609910717,0,-0.0,False,0.0038173426748527375,0.28204429033461187,0.2858616330094646
2022-11-10,300750.SZ,-0.06797966963151209,0,-0.0,False,0.003179506536585486,0.2819591858880048,0.2851386924245903
2022-11-11,300750.SZ,-0.41740787801778906,0,-0.0,False,-0.00030472030218051577,0.28021376624918276,0.2799090459470022
2022-11-14,300750.SZ,-0.08703939008894535,0,-0.0,False,-0.005095831870696105,0.28239909945189745,0.27730326758120133
2022-11-15,300750.SZ,-0.3163913595933926,0,-0.0,False,-0.0058583625023896965,0.28249659014387996,0.27663822764149026
2022-11-16,300750.SZ,-0.39326556543837354,0,-0.0,False,-0.009924591519409465,0.28343163072725913,0.2735070392078497
2022-11-17,300750.SZ,-0.4263024142312579,0,-0.0,False,-0.01182531646949115,0.2852405471618249,0.27341523069233375
2022-11-18,300750.SZ,-0.24142312579415504,0,-0.0,False,-0.01362401005747272,0.28717759877305526,0.27355358871558255
2022-11-21,300750.SZ,-0.3062261753494282,0,-0.0,False,-0.013494075221403605,0.2870700570860727,0.2735759818646691
2022-11-22,300750.SZ,0.21728081321473947,0,-0.0,False,-0.013000679403737276,0.28651042030518775,0.27350974090145047
2022-11-23,300750.SZ,0.06543837357052096,0,-0.0,False,-0.014410669225587236,0.28493998782063623,0.270529318595049
2022-11-24,300750.SZ,-0.18614993646759848,0,-0.0,False,-0.016310077336989356,0.28362776580469573,0.26731768846770637
2022-11-25,300750.SZ,-0.3900889453621347,0,-0.0,False,-0.019413197555852,0.2834302226011225,0.26401702504527047
2022-11-28,300750.SZ,-0.26937738246505716,0,-0.0,False,-0.025416914957679313,0.2835893306005412,0.25817241564286186
2022-11-29,300750.SZ,-0.4428208386277001,0,-0.0,False,-0.029989532600670433,0.2830574215893795,0.2530678889887091
2022-11-30,300750.SZ,0.34116899618805596,1,-1.0,True,-0.03529003788855433,0.28479221199386395,0.24950217410530962
2022-12-01,300750.SZ,0.28144853875476494,1,-1.0,True,-0.032207804757055224,0.2868581446109943,0.2546503398539391
2022-12-02,300750.SZ,0.12770012706480305,0,-0.0,False,-0.0282095516279764,0.2878650080793115,0.2596554564513351
2022-12-05,300750.SZ,-0.22490470139771285,0,-0.0,False,-0.02481226315413705,0.28727380634828764,0.2624615431941506
2022-12-06,300750.SZ,0.3348157560355781,1,-1.0,True,-0.023545525121566973,0.2860406601370169,0.2624951350154499
2022-12-07,300750.SZ,0.3875476493011436,1,-1.0,True,-0.018607220614233956,0.2870762800821258,0.26846905946789185
2022-12-08,300750.SZ,0.40343074968233794,1,-1.0,True,-0.011949600938618877,0.28715505389332135,0.2752054529547025
2022-12-09,300750.SZ,0.37357052096569254,1,-1.0,True,-0.011045954975433852,0.2882974350363755,0.27725148006094164
2022-12-12,300750.SZ,0.13292847503373817,0,-0.0,False,-0.00860945728718795,0.290311969942799,0.2817025126556111
2022-12-13,300750.SZ,-0.027665317139001333,0,-0.0,False,-0.010202441691225698,0.2889925350530324,0.2787900933618067
2022-12-14,300750.SZ,-0.1734143049932524,0,-0.0,False,-0.012890250957982331,0.2876279882685602,0.2747377373105778
2022-12-15,300750.SZ,-0.33468286099865047,0,-0.0,False,-0.01754353435209615,0.2856471703165358,0.26810363596443965
2022-12-16,300750.SZ,0.2327935222672065,0,-0.0,False,-0.022686161797355175,0.28575626596545795,0.2630701041681028
2022-12-19,300750.SZ,0.10526315789473684,0,-0.0,False,-0.02361958509919953,0.28472685781031626,0.2611072727111167
2022-12-20,300750.SZ,-0.06342780026990552,0,-0.0,False,-0.02532471056509702,0.2833220949463919,0.2579973843812949
2022-12-21,300750.SZ,-0.3389487870619946,0,-0.0,False,-0.02560519257230789,0.28334319205345226,0.2577379994811444
2022-12-22,300750.SZ,0.0695006747638327,0,-0.0,False,-0.02577365618416773,0.28352488922701574,0.257751233042848
2022-12-23,300750.SZ,-0.4385964912280702,0,-0.0,False,-0.022248015158526705,0.28204100387134456,0.25979298871281786
2022-12-26,300750.SZ,0.3346828609986505,1,-1.0,True,-0.022181139071913776,0.2819404665521787,0.2597593274802649
2022-12-27,300750.SZ,-0.12735849056603776,0,-0.0,False,-0.020999016448120335,0.28314434966664287,0.2621453332185225
2022-12-28,300750.SZ,-0.2631224764468372,0,-0.0,False,-0.022161825700807544,0.28329343599073453,0.261131610289927
2022-12-29,300750.SZ,-0.33580080753701214,0,-0.0,False,-0.021952618552569074,0.28310450697440626,0.2611518884218372
2022-12-30,300750.SZ,-0.4280913978494624,0,-0.0,False,-0.02189059825501715,0.28303433620530283,0.26114373795028567
2023-01-03,300750.SZ,-0.15431266846361186,0,-0.0,False,-0.028813882426285194,0.2827219380423022,0.25390805561601704
2023-01-04,300750.SZ,-0.46288798920377866,0,-0.0,False,-0.03218596617945137,0.28177605415686374,0.2495900879774124
2023-01-05,300750.SZ,0.24595687331536387,0,-0.0,False,-0.03600400486591111,0.28449176806769194,0.24848776320178084
2023-01-06,300750.SZ,0.3445040214477212,1,-1.0,True,-0.03199619781080199,0.28505218989074993,0.25305599207994794
2023-01-09,300750.SZ,0.050802139037433136,0,-0.0,False,-0.02607231053950253,0.28543135417109033,0.2593590436315878
2023-01-10,300750.SZ,0.3628495339547271,1,-1.0,True,-0.028687925920459115,0.2832503476348298,0.2545624217143707
2023-01-11,300750.SZ,0.21585051546391754,0,-0.0,False,-0.02743779268006977,0.28465284465332685,0.25721505197325706
2023-01-12,300750.SZ,0.4037227214377407,1,-1.0,True,-0.02566021585171205,0.28550637715185107,0.259846161300139
2023-01-13,300750.SZ,0.27721518987341776,1,-1.0,True,-0.020744610369167558,0.28778882096285124,0.26704421059368366
2023-01-16,300750.SZ,0.1651898734177215,0,-0.0,False,-0.014876669301501525,0.286613397398257,0.2717367280967555
2023-01-17,300750.SZ,-0.08670886075949369,0,-0.0,False,-0.010355233147544019,0.28512243883701105,0.27476720568946705
2023-01-18,300750.SZ,0.32215189873417727,1,-1.0,True,-0.007657646038455938,0.2828276664600207,0.2751700204215648
2023-01-19,300750.SZ,-0.07405063291139241,0,-0.0,False,-0.007742000715459354,0.2827269197372657,0.2749849190218064
2023-01-20,300750.SZ,0.2164556962025317,0,-0.0,False,-0.009206188010051325,0.2826105701158274,0.2734043821057761
2023-01-30,300750.SZ,0.26202531645569616,0,-0.0,False,-0.005173462121535946,0.2823468604351271,0.2771733983135911
2023-01-31,300750.SZ,0.031012658227848156,0,-0.0,False,0.000647312169555043,0.2805751144611193,0.28122242663067437
2023-02-01,300750.SZ,0.23164556962025318,0,-0.0,False,0.0031770343426312446,0.2794574597337242,0.28263449407635544
2023-02-02,300750.SZ,-0.013924050632911411,0,-0.0,False,0.0018354954109406397,0.2779545372444789,0.2797900326554195
2023-02-03,300750.SZ,-0.13291139240506328,0,-0.0,False,-0.0006206484671629315,0.2767683272074505,0.27614767874028756
2023-02-06,300750.SZ,-0.22025316455696203,0,-0.0,False,-0.003057129469098391,0.276634102217799,0.27357697274870063
2023-02-07,300750.SZ,-0.310126582278481,0,-0.0,False,-0.0032936737353661703,0.27680898775870605,0.2735153140233399
2023-02-08,300750.SZ,-0.03417721518987343,0,-0.0,False,-0.003050870053167574,0.2765244472863072,0.27347357723313964
2023-02-09,300750.SZ,0.23987341772151893,0,-0.0,False,-0.0017738419755990692,0.27601923549710705,0.274245393521508
2023-02-10,300750.SZ,0.013924050632911356,0,-0.0,False,-0.0027344478656156366,0.27496521383281225,0.2722307659671966
2023-02-13,300750.SZ,0.2930379746835443,1,-1.0,True,-0.0044608537545599266,0.274197371406759,0.2697365176521991
2023-02-14,300750.SZ,0.02658227848101269,0,-0.0,False,-0.0005682141307146343,0.2750834344729057,0.27451522034219106
2023-02-15,300750.SZ,-0.07468354430379748,0,-0.0,False,0.002718743230197659,0.27300659409039163,0.2757253373205893
2023-02-16,300750.SZ,-0.2708860759493671,0,-0.0,False,-0.0010537678812708774,0.2708966339675443,0.26984286608627345
2023-02-17,300750.SZ,-0.3658227848101266,0,-0.0,False,-0.006546009958485532,0.26961687470743484,0.2630708647489493
2023-02-20,300750.SZ,0.2784810126582279,1,-1.0,True,-0.012389958832326802,0.2697418220795036,0.2573518632471768
2023-02-21,300750.SZ,-0.12848101265822787,0,-0.0,False,-0.011313459923368465,0.2706487733958559,0.25933531347248745
2023-02-22,300750.SZ,-0.2917721518987342,0,-0.0,False,-0.012251775859010411,0.2708598503881966,0.2586080745291862
2023-02-23,300750.SZ,-0.339873417721519,0,-0.0,False,-0.017610995295100032,0.2699662648202589,0.2523552695251589
2023-02-24,300750.SZ,-0.37658227848101267,0,-0.0,False,-0.023778724856163516,0.26879140036836,0.24501267551219652
2023-02-27,300750.SZ,0.14936708860759496,0,-0.0,False,-0.02950585587230664,0.2689269886785599,0.23942113280625327
2023-02-28,300750.SZ,-0.1943037974683544,0,-0.0,False,-0.029298826025481388,0.26905609433264877,0.23975726830716737
2023-03-01,300750.SZ,-0.38164556962025314,0,-0.0,False,-0.031098032808704545,0.2694344845613683,0.23833645175266377
2023-03-02,300750.SZ,-0.04810126582278479,0,-0.0,False,-0.030990610776632743,0.2692908975781509,0.23830028680151816
2023-03-03,300750.SZ,-0.16392405063291138,0,-0.0,False,-0.03030610946577433,0.2691408481407677,0.23883473867499339
2023-03-06,300750.SZ,-0.2436708860759494,0,-0.0,False,-0.029956768379879595,0.26893821655474165,0.23898144817486205
2023-03-07,300750.SZ,-0.3632911392405063,0,-0.0,False,-0.02849837138011014,0.26728195924988635,0.23878358786977621
2023-03-08,300750.SZ,0.13101265822784813,0,-0.0,False,-0.03038221431300169,0.26884683110022756,0.23846461678722586
2023-03-09,300750.SZ,-0.0006329113924050667,0,-0.0,False,-0.0320064523262872,0.267260223210217,0.23525377088392976
2023-03-10,300750.SZ,-0.3322784810126582,0,-0.0,False,-0.031132861700131152,0.26718941668435564,0.23605655498422448
2023-03-13,300750.SZ,0.12848101265822787,0,-0.0,False,-0.03679257331128069,0.2663064797300844,0.22951390641880373
2023-03-14,300750.SZ,0.024050632911392422,0,-0.0,False,-0.037209615274834004,0.26600546805106207,0.22879585277622805
2023-03-15,300750.SZ,-0.29810126582278484,0,-0.0,False,-0.03628915944995825,0.26602491243487647,0.22973575298491822
2023-03-16,300750.SZ,-0.47341772151898737,0,-0.0,False,-0.03717443789344122,0.26672284474903246,0.22954840685559125
2023-03-17,300750.SZ,0.013924050632911356,0,-0.0,False,-0.03771530772439678,0.26754672174307875,0.22983141401868196
2023-03-20,300750.SZ,-0.22784810126582278,0,-0.0,False,-0.03864755859428135,0.26716682758193916,0.22851926898765781
2023-03-21,300750.SZ,0.319620253164557,1,-1.0,True,-0.041112790018425806,0.26753926489638785,0.22642647487796205
2023-03-22,300750.SZ,0.29240506329113924,1,-1.0,True,-0.03575974957750558,0.2682822259771125,0.2325224763996069
2023-03-23,300750.SZ,-0.008227848101265811,0,-0.0,False,-0.03555726350370077,0.2685225584702077,0.23296529496650692
2023-03-24,300750.SZ,-0.17151898734177218,0,-0.0,False,-0.03542464296638285,0.26853217339648505,0.2331075304301022
2023-03-27,300750.SZ,-0.24873417721518987,0,-0.0,False,-0.035286835289953106,0.2684574194076938,0.2331705841177407
2023-03-28,300750.SZ,-0.4253164556962025,0,-0.0,False,-0.03526834521655576,0.26844251651923867,0.23317417130268292
2023-03-29,300750.SZ,0.41075949367088604,1,-1.0,True,-0.042513411402842406,0.26712533706164093,0.22461192565879853
2023-03-30,300750.SZ,0.08481012658227849,0,-0.0,False,-0.04176936521987982,0.2682695971168731,0.22650023189699328
2023-03-31,300750.SZ,0.3120253164556962,1,-1.0,True,-0.04228561289437946,0.26796318187488544,0.22567756898050598
2023-04-03,300750.SZ,-0.09367088607594937,0,-0.0,False,-0.039764817425821296,0.2698707536320799,0.2301059362062586
2023-04-04,300750.SZ,-0.23734177215189872,0,-0.0,False,-0.03959771648704294,0.2698307797938765,0.23023306330683355
2023-04-06,300750.SZ,-0.2987341772151899,0,-0.0,False,-0.04028373909063829,0.2702310475325141,0.2299473084418758
2023-04-07,300750.SZ,-0.44240506329113927,0,-0.0,False,-0.04021071703926551,0.2701594086488311,0.22994869160956558
2023-04-10,300750.SZ,0.38037974683544307,1,-1.0,True,-0.045395731702651,0.2718668348129744,0.22647110311032342
2023-04-11,300750.SZ,0.1468354430379747,0,-0.0,False,-0.04119879332103841,0.274529189636314,0.2333303963152756
2023-04-12,300750.SZ,-0.04367088607594938,0,-0.0,False,-0.03681972201999133,0.2732894415364456,0.23646971951645424
2023-04-13,300750.SZ,-0.189873417721519,0,-0.0,False,-0.03362053721844296,0.2709134522611809,0.23729291504273795
2023-04-14,300750.SZ,-0.43291139240506327,0,-0.0,False,-0.03144910964270001,0.26857865037796036,0.23712954073526035
2023-04-17,300750.SZ,0.25316455696202533,1,-1.0,True,-0.03199656057263208,0.2693346956688037,0.2373381350961716
2023-04-18,300750.SZ,0.3462025316455696,1,-1.0,True,-0.026636114719930746,0.26854789720306643,0.2419117824831357
2023-04-19,300750.SZ,0.42215189873417724,1,-1.0,True,-0.025117040255667054,0.2701456400153411,0.24502859975967403
2023-04-20,300750.SZ,0.25822784810126587,1,-1.0,True,-0.020429052704800922,0.27299431926436374,0.2525652665595628
2023-04-21,300750.SZ,0.1632911392405063,0,-0.0,False,-0.01472463385202989,0.2715902985105252,0.2568656646584953
2023-04-24,300750.SZ,-0.1449367088607595,0,-0.0,False,-0.01302503488356019,0.2720643744383531,0.25903933955479286
2023-04-25,300750.SZ,-0.4291139240506329,0,-0.0,False,-0.016615305847912345,0.2709268878928851,0.2543115820449728
2023-04-26,300750.SZ,0.30316455696202527,1,-1.0,True,-0.02405614297442493,0.26988153812094795,0.24582539514652302
2023-04-27,300750.SZ,0.2689873417721519,1,-1.0,True,-0.02506111431782694,0.26842054675647814,0.2433594324386512
2023-04-28,300750.SZ,-0.10822784810126584,0,-0.0,False,-0.02524437312792135,0.26821038855783047,0.24296601542990912
2023-05-04,300750.SZ,-0.25443037974683547,0,-0.0,False,-0.02827460731317862,0.2670647116229358,0.2387901043097572
2023-05-05,300750.SZ,-0.31075949367088607,0,-0.0,False,-0.030352505543385734,0.26785161619704007,0.23749911065365434
2023-05-08,300750.SZ,-0.4341772151898734,0,-0.0,False,-0.033937508947864625,0.26870748595352206,0.23476997700565744
2023-05-09,300750.SZ,0.13670886075949362,0,-0.0,False,-0.039599277990160595,0.26993073599786516,0.23033145800770455
2023-05-10,300750.SZ,0.39556962025316456,1,-1.0,True,-0.03918536573457269,0.27016453615428027,0.23097917041970759
2023-05-11,300750.SZ,0.38227848101265827,1,-1.0,True,-0.03591012969963791,0.2730416879222123,0.23713155822257437
2023-05-12,300750.SZ,0.2879746835443038,1,-1.0,True,-0.032157978444269826,0.2756782874122981,0.2435203089680283
2023-05-15,300750.SZ,-0.10063291139240504,0,-0.0,False,-0.026279790431252382,0.2749139624730174,0.24863417204176502
2023-05-16,300750.SZ,-0.26582278481012656,0,-0.0,False,-0.026393069775447878,0.27494200828618115,0.24854893851073329
2023-05-17,300750.SZ,-0.4132911392405063,0,-0.0,False,-0.02597166498558733,0.2745322395088071,0.24856057452321978
2023-05-18,300750.SZ,0.19810126582278476,0,-0.0,False,-0.02613854476727177,0.2747633716399694,0.24862482687269763
2023-05-19,300750.SZ,0.07025316455696207,0,-0.0,False,-0.020935180766821413,0.27302842077566597,0.25209324000884453
2023-05-22,300750.SZ,-0.2911392405063291,0,-0.0,False,-0.018337878347228772,0.2723950506472448,0.254057172300016
2023-05-23,300750.SZ,-0.3930379746835443,0,-0.0,False,-0.01821215389020294,0.2722645090744567,0.2540523551842538
2023-05-24,300750.SZ,0.09367088607594942,0,-0.0,False,-0.02329814378935531,0.2735260110604762,0.2502278672711209
2023-05-25,300750.SZ,-0.10443037974683544,0,-0.0,False,-0.023062872851810075,0.27361510583232995,0.2505522329805199
2023-05-26,300750.SZ,-0.29810126582278484,0,-0.0,False,-0.022381876545803717,0.27330731219113646,0.25092543564533276
2023-05-29,300750.SZ,-0.4227848101265823,0,-0.0,False,-0.021615312549642465,0.2723947907219572,0.2507794781723148
2023-05-30,300750.SZ,0.31075949367088607,1,-1.0,True,-0.022893707780155172,0.27392304824248503,0.2510293404623299
2023-05-31,300750.SZ,0.16455696202531644,0,-0.0,False,-0.01661387167766696,0.2728511126199576,0.2562372409422906
2023-06-01,300750.SZ,-0.004430379746835467,0,-0.0,False,-0.01808563862902312,0.2713773488065479,0.2532917101775248
2023-06-02,300750.SZ,0.23417721518987344,0,-0.0,False,-0.02046796294986979,0.2699769500643693,0.24950898711449948
2023-06-05,300750.SZ,0.010759493670886022,0,-0.0,False,-0.019580653882160865,0.27064216786427175,0.2510615139821109
2023-06-06,300750.SZ,-0.08164556962025316,0,-0.0,False,-0.017616785589922544,0.2699940012833697,0.2523772156934472
2023-06-07,300750.SZ,-0.18291139240506327,0,-0.0,False,-0.021087296637054474,0.26809568375168763,0.24700838711463316
2023-06-08,300750.SZ,-0.30506329113924047,0,-0.0,False,-0.025841121984606197,0.26583707713820864,0.23999595515360245
2023-06-09,300750.SZ,0.3063291139240506,1,-1.0,True,-0.031745238991452686,0.26408491896288255,0.23233967997142987
2023-06-12,300750.SZ,-0.0475871313672922,0,-0.0,False,-0.032305584050133035,0.2632878127830796,0.23098222873294658
2023-06-13,300750.SZ,0.34316353887399464,1,-1.0,True,-0.03380988077014162,0.26285113998573273,0.2290412592155911
2023-06-14,300750.SZ,0.35589812332439674,1,-1.0,True,-0.030719640303366654,0.26509426175669604,0.23437462145332938
2023-06-15,300750.SZ,0.24530831099195716,1,-1.0,True,-0.026308703400719575,0.2670960849116632,0.24078738151094362
2023-06-16,300750.SZ,0.23930481283422456,0,-0.0,False,-0.02147544363413118,0.26671635145493205,0.24524090782080088
2023-06-19,300750.SZ,0.06425702811244982,0,-0.0,False,-0.02142118287940603,0.26676917170540093,0.2453479888259949
2023-06-20,300750.SZ,-0.010053619302949068,0,-0.0,False,-0.021762900627591755,0.26663175983280274,0.24486885920521098
2023-06-21,300750.SZ,-0.0616621983914209,0,-0.0,False,-0.021318115786200454,0.26660618913638484,0.24528807335018438
2023-06-26,300750.SZ,-0.28619302949061665,0,-0.0,False,-0.019007394213945667,0.26502706409725546,0.24601966988330978
2023-06-27,300750.SZ,-0.23659517426273458,0,-0.0,False,-0.021971508416066085,0.2660160826066459,0.2440445741905798
2023-06-28,300750.SZ,-0.39343163538873993,0,-0.0,False,-0.02028816410802162,0.26398893999483736,0.24370077588681574
2023-06-29,300750.SZ,-0.4457104557640751,0,-0.0,False,-0.02635578491124987,0.2641291826656752,0.23777339775442533
2023-06-30,300750.SZ,0.24732620320855614,1,-1.0,True,-0.02900871795456685,0.2667380772084347,0.23772935925386782
2023-07-03,300750.SZ,0.19092122830440583,0,-0.0,False,-0.024754978957438573,0.2670431847396842,0.2422882057822456
2023-07-04,300750.SZ,-0.0755347593582888,0,-0.0,False,-0.02036562865876009,0.2662151494652275,0.2458495208064674
2023-07-05,300750.SZ,-0.15729585006693442,0,-0.0,False,-0.017427656671333645,0.26361032036520604,0.2461826636938724
2023-07-06,300750.SZ,-0.21352074966532797,0,-0.0,False,-0.017452516518027997,0.2636234781607576,0.2461709616427296
2023-07-07,300750.SZ,-0.339142091152815,0,-0.0,False,-0.015374456188540908,0.26105305558539754,0.24567859939685663
2023-07-10,300750.SZ,0.3284182305630027,1,-1.0,True,-0.0202502808924424,0.2615945547757616,0.2413442738833192
2023-07-11,300750.SZ,0.23458445040214482,0,-0.0,False,-0.020384329149815052,0.2614101303394067,0.24102580118959163
2023-07-12,300750.SZ,0.09546061415220297,0,-0.0,False,-0.018852809888442457,0.2623673028695063,0.24351449298106387
2023-07-13,300750.SZ,0.26190476190476186,1,-1.0,True,-0.021081050886796824,0.2602250264877296,0.23914397560093278
2023-07-14,300750.SZ,0.09102564102564104,0,-0.0,False,-0.020697265499789785,0.2606110691299774,0.2399138036301876
2023-07-17,300750.SZ,-0.04408060453400503,0,-0.0,False,-0.02330307450322395,0.25788070081810927,0.23457762631488532
2023-07-18,300750.SZ,-0.24811083123425692,0,-0.0,False,-0.025980539456619142,0.2563980044721585,0.23041746501553934
2023-07-19,300750.SZ,-0.3136020151133501,0,-0.0,False,-0.029424711995385624,0.25658429787178966,0.22715958587640403
2023-07-20,300750.SZ,0.41246851385390426,1,-1.0,True,-0.03131548828166777,0.2578428775277127,0.2265273892460449
2023-07-21,300750.SZ,0.37279596977329976,1,-1.0,True,-0.030562849822336705,0.25901247594348176,0.22844962612114506
2023-07-24,300750.SZ,0.17380352644836272,0,-0.0,False,-0.026839128133297602,0.2615813461584804,0.23474221802518278
2023-07-25,300750.SZ,0.1555415617128464,0,-0.0,False,-0.027194562881249013,0.261276781370847,0.23408221848959795
2023-07-26,300750.SZ,0.2991183879093199,1,-1.0,True,-0.028081927504106093,0.2604658251788972,0.23238389767479112
2023-07-27,300750.SZ,0.38727959697732994,1,-1.0,True,-0.02584771309009383,0.26212159528261436,0.23627388219252055
2023-07-28,300750.SZ,0.22418136020151136,0,-0.0,False,-0.02455076286211819,0.2637860969603931,0.23923533409827494
2023-07-31,300750.SZ,0.22418136020151136,0,-0.0,False,-0.022566551105164666,0.2647604241205308,0.24219387301536613
2023-08-01,300750.SZ,-0.04408060453400503,0,-0.0,False,-0.019590778166776547,0.26551547613918136,0.24592469797240482
2023-08-02,300750.SZ,-0.12657430730478592,0,-0.0,False,-0.01812267349991857,0.26488293622989456,0.24676026272997598
2023-08-03,300750.SZ,0.353904282115869,1,-1.0,True,-0.01659307120847111,0.26370992675680194,0.24711685554833082
2023-08-04,300750.SZ,0.34823677581863977,1,-1.0,True,-0.013359058730923256,0.2658633021666461,0.25250424343572286
2023-08-07,300750.SZ,0.40491183879093195,1,-1.0,True,-0.012456030746780585,0.26691261847946224,0.25445658773268165
2023-08-08,300750.SZ,0.4187657430730478,1,-1.0,True,-0.009197799178797077,0.26961013345913987,0.26041233428034277
2023-08-09,300750.SZ,0.33501259445843834,1,-1.0,True,-0.008150067775551216,0.27103505099324104,0.2628849832176898
2023-08-10,300750.SZ,0.04785894206549124,0,-0.0,False,-0.005579815142406003,0.27282372488269574,0.2672439097402897
2023-08-11,300750.SZ,-0.22795969773299746,0,-0.0,False,-0.004558627755995263,0.27279223224407484,0.2682336044880796
2023-08-14,300750.SZ,-0.3986146095717884,0,-0.0,False,-0.004200907937525517,0.2724680076438762,0.26826709970635065
2023-08-15,300750.SZ,0.4332493702770781,1,-1.0,True,-0.004474173143872698,0.2728499115372541,0.26837573839338136
2023-08-16,300750.SZ,0.41939546599496225,1,-1.0,True,-0.0031844368303822796,0.2745590886457821,0.2713746518153998
2023-08-17,300750.SZ,0.29030226700251893,1,-1.0,True,0.0013812004917276382,0.27700246673750945,0.2783836672292371
2023-08-18,300750.SZ,0.44395465994962213,1,-1.0,True,0.006231820649238081,0.2769222609660541,0.2831540816152922
2023-08-21,300750.SZ,0.3734256926952141,1,-1.0,True,0.01276372129649759,0.27793233044519944,0.29069605174169705
2023-08-22,300750.SZ,0.21095717884130982,0,-0.0,False,0.019013787722966146,0.27753595280653437,0.2965497405295005
2023-08-23,300750.SZ,0.08249370277078083,0,-0.0,False,0.01952703847491377,0.2778358302227142,0.29736286869762796
2023-08-24,300750.SZ,-0.4269521410579345,0,-0.0,False,0.021833684310239895,0.2771939189966984,0.2990276033069383
2023-08-25,300750.SZ,0.2052896725440806,0,-0.0,False,0.02145612954825922,0.27777833919987605,0.29923446874813525
2023-08-28,300750.SZ,0.29596977329974816,0,-0.0,False,0.02356772070131643,0.2782079109472783,0.3017756316485947
2023-08-29,300750.SZ,0.16498740554156166,0,-0.0,False,0.027400169234088594,0.27877047814074046,0.3061706473748291
2023-08-30,300750.SZ,-0.06171284634760704,0,-0.0,False,0.030805654997567853,0.2779260467657368,0.30873170176330467
2023-08-31,300750.SZ,-0.128463476070529,0,-0.0,False,0.033318807438342014,0.2756869660490213,0.30900577348736336
2023-09-01,300750.SZ,-0.2027707808564232,0,-0.0,False,0.03115650631918887,0.27593175139479487,0.30708825771398374
2023-09-04,300750.SZ,-0.41183879093198994,0,-0.0,False,0.029472024073655387,0.276743250103481,0.3062152741771364
2023-09-05,300750.SZ,0.032745591939546626,0,-0.0,False,0.028809021490994288,0.2777108012969531,0.30651982278794737
2023-09-06,300750.SZ,-0.09508816120906799,0,-0.0,False,0.028011226318338613,0.27755953291594593,0.30557075923428456
2023-09-07,300750.SZ,-0.146095717884131,0,-0.0,False,0.02701840303400144,0.2777868040547949,0.3048052070887963
2023-09-08,300750.SZ,-0.2311083123425693,0,-0.0,False,0.028285115933490222,0.27663598422982405,0.30492110016331425
2023-09-11,300750.SZ,-0.11523929471032746,0,-0.0,False,0.030304361009960375,0.2738130779354407,0.30411743894540105
2023-09-12,300750.SZ,-0.241183879093199,0,-0.0,False,0.029227999798766717,0.2741316958074608,0.3033596956062275
2023-09-13,300750.SZ,-0.47670025188916876,0,-0.0,False,0.029116868316871915,0.27423947075976907,0.303356339076641
2023-09-14,300750.SZ,-0.4477329974811083,0,-0.0,False,0.022480864108090866,0.2767737532434532,0.29925461735154407
2023-09-15,300750.SZ,0.39483627204030225,1,-1.0,True,0.016313046934988806,0.2789463746804417,0.2952594216154305
2023-09-18,300750.SZ,0.34068010075566746,1,-1.0,True,0.019671914602835204,0.28106702826741065,0.30073894287024583
2023-09-19,300750.SZ,0.10579345088161207,0,-0.0,False,0.023940240336980535,0.28202670344323194,0.3059669437802125
2023-09-20,300750.SZ,0.046599496221662484,0,-0.0,False,0.02689463723778722,0.28100135332541565,0.3078959905632029
2023-09-21,300750.SZ,-0.08753148614609574,0,-0.0,False,0.030827270170436093,0.2779046303465183,0.30873190051695437
2023-09-22,300750.SZ,-0.3413098236775819,0,-0.0,False,0.026674845338627913,0.2758954592768562,0.3025703046154841
2023-09-25,300750.SZ,0.02581863979848864,0,-0.0,False,0.023123845753129077,0.27787606939942255,0.30099991515255164
2023-09-26,300750.SZ,-0.08564231738035266,0,-0.0,False,0.020738790114319013,0.2766008966416479,0.2973396867559669
2023-09-27,300750.SZ,-0.19269521410579343,0,-0.0,False,0.020805694853448985,0.2765739601359597,0.29737965498940866
2023-09-28,300750.SZ,-0.26259445843828716,0,-0.0,False,0.0211777495038332,0.2762536194379385,0.29743136894177175
2023-10-09,300750.SZ,-0.4332493702770781,0,-0.0,False,0.02147891382697405,0.27592142879316495,0.297400342620139
2023-10-10,300750.SZ,0.21914357682619645,0,-0.0,False,0.021555211268757892,0.27579331438361854,0.2973485256523764
2023-10-11,300750.SZ,0.396095717884131,1,-1.0,True,0.02021157651868084,0.2744198125846983,0.2946313891033791
2023-10-12,300750.SZ,0.2795969773299748,0,-0.0,False,0.02228874547573214,0.27632308637504893,0.29861183185078105
2023-10-13,300750.SZ,0.08942065491183881,0,-0.0,False,0.02498264433744818,0.27724886920914743,0.3022315135465956
2023-10-16,300750.SZ,-0.03463476070528965,0,-0.0,False,0.027310094942726158,0.2766015914768749,0.3039116864196011
2023-10-17,300750.SZ,-0.14168765743073047,0,-0.0,False,0.030629066873557605,0.2734039380446526,0.30403300491821017
2023-10-18,300750.SZ,-0.25818639798488663,0,-0.0,False,0.027338631753617972,0.27307904572989417,0.3004176774835121
2023-10-19,300750.SZ,0.32745591939546603,1,-1.0,True,0.022302057340030837,0.272721946726477,0.2950240040665078
2023-10-20,300750.SZ,0.19395465994962213,0,-0.0,False,0.021512924178874914,0.2716902930172197,0.2932032171960946
2023-10-23,300750.SZ,0.07493702770780852,0,-0.0,False,0.020977314277611216,0.2712827603998019,0.29226007467741316
2023-10-24,300750.SZ,-0.4376574307304786,0,-0.0,False,0.020241030014838735,0.2710130290347192,0.2912540590495579
2023-10-25,300750.SZ,-0.33879093198992444,0,-0.0,False,0.017801690665924408,0.27381513478803876,0.29161682545396317
2023-10-26,300750.SZ,0.26826196473551633,0,-0.0,False,0.018554382266430313,0.2726981491146734,0.2912525313811037
2023-10-27,300750.SZ,0.14987405541561716,0,-0.0,False,0.018263527331209402,0.2724104996302697,0.2906740269614791
2023-10-30,300750.SZ,0.23173803526448367,0,-0.0,False,0.017270916611571614,0.27170533383355333,0.2889762504451249
2023-10-31,300750.SZ,0.029596977329974794,0,-0.0,False,0.02010396563961953,0.272157793587231,0.29226175922685055
2023-11-01,300750.SZ,-0.039672544080604555,0,-0.0,False,0.02247086028192628,0.27098269094566907,0.29345355122759537
2023-11-02,300750.SZ,-0.11712846347607053,0,-0.0,False,0.024729918195178623,0.26930613564857325,0.29403605384375187
2023-11-03,300750.SZ,-0.3620906801007557,0,-0.0,False,0.027371991126126982,0.2663046203336071,0.29367661145973406
2023-11-06,300750.SZ,0.1656171284634761,0,-0.0,False,0.023215328285624906,0.2684676909064104,0.29168301919203526
2023-11-07,300750.SZ,-0.0371536523929471,0,-0.0,False,0.021299057520710832,0.2666017570866921,0.2879008146074029
2023-11-08,300750.SZ,-0.14294710327455917,0,-0.0,False,0.017803789742330788,0.2645711239605205,0.2823749137028513
2023-11-09,300750.SZ,-0.23677581863979846,0,-0.0,False,0.014212774852173598,0.2637965979802622,0.2780093728324358
2023-11-10,300750.SZ,-0.31297229219143574,0,-0.0,False,0.013078250625111986,0.2645862483103203,0.27766449893543227
2023-11-13,300750.SZ,-0.21095717884130982,0,-0.0,False,0.012685338063601078,0.2650385209970973,0.27772385906069835
2023-11-14,300750.SZ,-0.41183879093198994,0,-0.0,False,0.014371454400261049,0.26294108285691664,0.2773125372571777
2023-11-15,300750.SZ,0.25377833753148615,0,-0.0,False,0.009288620593971258,0.26524480303802056,0.27453342363199185
2023-11-16,300750.SZ,0.14924433249370272,0,-0.0,False,0.010817997035425625,0.2661269003878345,0.2769448974232601
2023-11-17,300750.SZ,0.04471032745591941,0,-0.0,False,0.014487860143759223,0.264961821503991,0.27944968164775025
2023-11-20,300750.SZ,-0.11649874055415615,0,-0.0,False,0.018135762661588086,0.26230405226073705,0.2804398149223251
2023-11-21,300750.SZ,-0.29219143576826195,0,-0.0,False,0.016384349106337206,0.2624970473577032,0.27888139646404037
2023-11-22,300750.SZ,0.2777078085642317,0,-0.0,False,0.014819673639491987,0.26377970685217145,0.27859938049166344
2023-11-23,300750.SZ,0.09382871536523929,0,-0.0,False,0.019618082592717127,0.26327631913103894,0.2828944017237561
2023-11-24,300750.SZ,-0.07745591939546598,0,-0.0,False,0.02392319530514897,0.2601870501153814,0.28411024542053037
2023-11-27,300750.SZ,-0.3721662468513854,0,-0.0,False,0.020688066862929375,0.2590014042464502,0.2796894711093796
2023-11-28,300750.SZ,-0.19962216624685136,0,-0.0,False,0.016215373455623523,0.2611217111372973,0.27733708459292084
2023-11-29,300750.SZ,-0.24937027707808562,0,-0.0,False,0.014588775234790057,0.2618583123369067,0.2764470875716968
2023-11-30,300750.SZ,-0.0654911838790932,0,-0.0,False,0.01055921279922373,0.2621711245401885,0.2727303373394122
2023-12-01,300750.SZ,-0.21977329974811083,0,-0.0,False,0.009923790486307238,0.2622630230509345,0.2721868135372418
2023-12-04,300750.SZ,-0.3148614609571788,0,-0.0,False,0.008772726068575092,0.2629704605188586,0.2717431865874337
2023-12-05,300750.SZ,-0.23740554156171284,0,-0.0,False,0.0076731421639741285,0.26405234560498403,0.27172548776895816
2023-12-06,300750.SZ,-0.3879093198992443,0,-0.0,False,0.008236956743786859,0.2634505142758924,0.27168747101967927
2023-12-07,300750.SZ,0.4130982367758187,1,-1.0,True,0.002451636461926067,0.2644701566908482,0.2669217931527743
2023-12-08,300750.SZ,0.10705289672544083,0,-0.0,False,0.006290681196451991,0.2670685769446307,0.2733592581410827
2023-12-11,300750.SZ,0.2222222222222222,0,-0.0,False,0.004323092511880709,0.26543059171823297,0.2697536842301137
2023-12-12,300750.SZ,-0.042168674698795205,0,-0.0,False,0.0032091266693625884,0.26422044210983003,0.2674295687791926
2023-12-13,300750.SZ,-0.16532797858099063,0,-0.0,False,0.0008134851219396522,0.26330860316228333,0.26412208828422296
2023-12-14,300750.SZ,-0.23427041499330659,0,-0.0,False,-0.0025584548065204745,0.2628192258951521,0.26026077108863166
2023-12-15,300750.SZ,-0.33400267737617134,0,-0.0,False,-0.005046183499068445,0.2635931896023688,0.2585470061033004
2023-12-18,300750.SZ,0.4491298527443106,1,-1.0,True,-0.007745758983011964,0.2652982428028713,0.25755248381985935
2023-12-19,300750.SZ,0.37349397590361444,1,-1.0,True,-0.0034891585568808674,0.26850425818526735,0.2650150996283865
2023-12-20,300750.SZ,0.25167336010709507,0,-0.0,False,0.002008233154737725,0.26941920274499176,0.2714274358997295
2023-12-21,300750.SZ,0.3132530120481928,1,-1.0,True,0.006077137607819638,0.2694724457265038,0.27554958333432344
2023-12-22,300750.SZ,0.3232931726907631,1,-1.0,True,0.011966176336460745,0.2683879755752494,0.28035415191171015
2023-12-25,300750.SZ,0.3157543391188251,1,-1.0,True,0.01837453990691773,0.2665425863591862,0.28491712626610394
2023-12-26,300750.SZ,0.18449197860962563,0,-0.0,False,0.018944774372836638,0.2671091104850785,0.28605388485791516
2023-12-27,300750.SZ,0.04685408299866134,0,-0.0,False,0.018891197292046802,0.2670749679673218,0.2859661652593686
2023-12-28,300750.SZ,0.14171122994652408,0,-0.0,False,0.019911104311688053,0.26694500141230787,0.28685610572399595
2023-12-29,300750.SZ,0.2273333333333334,0,-0.0,False,0.022402829978466876,0.2666723722745803,0.28907520225304717
2024-01-02,300750.SZ,0.013368983957219305,0,-0.0,False,0.02607661400345572,0.26643146461511363,0.29250807861856937
2024-01-03,300750.SZ,-0.07114361702127658,0,-0.0,False,0.02901420629603934,0.2643056952197471,0.29331990151578646
2024-01-04,300750.SZ,-0.0958721704394141,0,-0.0,False,0.02568452423283701,0.2630158152329068,0.2887003394657438
2024-01-05,300750.SZ,-0.3024032042723631,0,-0.0,False,0.02293071905915735,0.2625397577921701,0.2854704768513274
2024-01-08,300750.SZ,-0.403871829105474,0,-0.0,False,0.019615187238952635,0.2641235745288376,0.2837387617677902
2024-01-09,300750.SZ,-0.316,0,-0.0,False,0.014067048980534005,0.2659774023137896,0.2800444512943236
2024-01-10,300750.SZ,0.3546666666666667,1,-1.0,True,0.010675168638653662,0.26757822222547445,0.2782533908641281
2024-01-11,300750.SZ,0.20557029177718833,0,-0.0,False,0.013998062565325927,0.2693624819820824,0.28336054454740833
2024-01-12,300750.SZ,-0.027638190954773878,0,-0.0,False,0.0177787385904213,0.26883603891775615,0.28661477750817743
2024-01-15,300750.SZ,-0.12751256281407036,0,-0.0,False,0.020161770458409438,0.2671359631687862,0.28729773362719563
2024-01-16,300750.SZ,0.35050251256281406,1,-1.0,True,0.015661928152842983,0.2650115965982772,0.28067352475112023
2024-01-17,300750.SZ,0.32286432160804024,1,-1.0,True,0.015476149342755601,0.26476683519192945,0.28024298453468505
2024-01-18,300750.SZ,0.07349246231155782,0,-0.0,False,0.016718322635752916,0.2658632765425224,0.2825815991782753
2024-01-19,300750.SZ,-0.09233668341708545,0,-0.0,False,0.016034580140742178,0.2656086374555664,0.28164321759630856
2024-01-22,300750.SZ,-0.28517587939698497,0,-0.0,False,0.012772454546355467,0.2645042415120582,0.27727669605841365
2024-01-23,300750.SZ,0.14007537688442206,0,-0.0,False,0.007168658909902842,0.26362511685961154,0.27079377576951436
2024-01-24,300750.SZ,-0.016331658291457274,0,-0.0,False,0.006467775715593765,0.2631546945943854,0.26962247030997916
2024-01-25,300750.SZ,-0.41896984924623115,0,-0.0,False,0.004463500561485692,0.2623974046201385,0.2668609051816242
2024-01-26,300750.SZ,-0.49685929648241206,0,-0.0,False,0.0013394235222171415,0.26519698473707876,0.2665364082592959
2024-01-29,300750.SZ,-0.16896984924623115,0,-0.0,False,-0.001746284720929743,0.2688272210037567,0.267080936282827
2024-01-30,300750.SZ,-0.2085427135678392,0,-0.0,False,-0.006103569148947244,0.2672470763624743,0.2611435072135271
2024-01-31,300750.SZ,-0.24748743718592964,0,-0.0,False,-0.010743398227167904,0.26587322663865687,0.25512982841148896
2024-02-01,300750.SZ,0.10427135678391963,0,-0.0,False,-0.016180058860308415,0.2639657434963157,0.24778568463600728
2024-02-02,300750.SZ,-0.18969849246231157,0,-0.0,False,-0.01880084541271782,0.2611573820428384,0.24235653663012058
2024-02-05,300750.SZ,0.26633165829145733,1,-1.0,True,-0.023173437803724068,0.2595714942249772,0.23639805642125314
2024-02-06,300750.SZ,0.10741206030150752,0,-0.0,False,-0.02135283183517435,0.26083698122271937,0.23948414938754503
2024-02-07,300750.SZ,0.07788944723618085,0,-0.0,False,-0.018558067184886808,0.2604009913189827,0.2418429241340959
2024-02-08,300750.SZ,0.18844221105527637,0,-0.0,False,-0.014587200044820397,0.258180438021092,0.24359323797627158
2024-02-19,300750.SZ,-0.06469849246231157,0,-0.0,False,-0.01662725970500208,0.25556599597391744,0.23893873626891535
2024-02-20,300750.SZ,-0.13316582914572866,0,-0.0,False,-0.02066137602547936,0.2524269684255352,0.23176559240005584
2024-02-21,300750.SZ,-0.20665829145728642,0,-0.0,False,-0.024190276826714756,0.2509991804200868,0.22680890359337202
2024-02-22,300750.SZ,-0.3888190954773869,0,-0.0,False,-0.029612051421772326,0.24780850321778825,0.21819645179601593
2024-02-23,300750.SZ,-0.28015075376884424,0,-0.0,False,-0.03596409132321067,0.24715908403642037,0.21119499271320968
2024-02-26,300750.SZ,-0.3517587939698492,0,-0.0,False,-0.04005665742829529,0.24710207883802404,0.20704542140972876
2024-02-27,300750.SZ,-0.4629396984924623,0,-0.0,False,-0.04367542823446721,0.2484682692394794,0.2047928410050122
2024-02-28,300750.SZ,-0.2506281407035176,0,-0.0,False,-0.0439753245464216,0.24895600358213685,0.20498067903571526
2024-02-29,300750.SZ,0.2211055276381909,1,-1.0,True,-0.04777463965681825,0.24859862839669153,0.20082398873987328
2024-03-01,300750.SZ,0.26507537688442206,1,-1.0,True,-0.048398508370664554,0.24782146094882393,0.19942295257815937
2024-03-04,300750.SZ,0.047738693467336724,0,-0.0,False,-0.047564441942807394,0.24871249225727796,0.20114805031447056
2024-03-05,300750.SZ,0.39070351758793975,1,-1.0,True,-0.04665234577768286,0.2488608202147401,0.20220847443705725
2024-03-06,300750.SZ,0.2581658291457286,1,-1.0,True,-0.04232595416386229,0.2519205924504448,0.2095946382865825
2024-03-07,300750.SZ,0.08165829145728642,0,-0.0,False,-0.03848481574717769,0.2529655447238261,0.2144807289766484
2024-03-08,300750.SZ,-0.1972361809045226,0,-0.0,False,-0.03437234006060039,0.25084743985848085,0.21647509979788046
2024-03-11,300750.SZ,0.1991206030150754,0,-0.0,False,-0.036288854834300964,0.25120862772102304,0.21491977288672207
2024-03-12,300750.SZ,0.2751256281407035,1,-1.0,True,-0.0338371151324331,0.2520641860607704,0.21822707092833732
2024-03-13,300750.SZ,0.16143216080402012,0,-0.0,False,-0.030326937248892814,0.2534170431685927,0.22309010591969988
2024-03-14,300750.SZ,0.08417085427135673,0,-0.0,False,-0.0270557666393379,0.25333702033297967,0.22628125369364177
2024-03-15,300750.SZ,-0.103643216080402,0,-0.0,False,-0.02539401539782387,0.2534077246603281,0.22801370926250425
2024-03-18,300750.SZ,0.2217336683417085,0,-0.0,False,-0.02424784320605056,0.25273365164253814,0.22848580843648758
2024-03-19,300750.SZ,0.047738693467336724,0,-0.0,False,-0.01842756053745992,0.25025651010421074,0.23182894956675082
2024-03-20,300750.SZ,-0.05276381909547739,0,-0.0,False,-0.014298629779556208,0.24718242893567663,0.23288379915612042
2024-03-21,300750.SZ,-0.12374371859296485,0,-0.0,False,-0.01802863053902104,0.24431722528582614,0.2262885947468051
2024-03-22,300750.SZ,-0.2456030150753769,0,-0.0,False,-0.021898829033592974,0.24225696815192146,0.2203581391183285
2024-03-25,300750.SZ,-0.20414572864321606,0,-0.0,False,-0.024827132916567886,0.24282361140486003,0.21799647848829215
2024-03-26,300750.SZ,0.375,1,-1.0,True,-0.02691667645710854,0.24328222875939526,0.2163655523022867
2024-03-27,300750.SZ,0.1790201005025126,0,-0.0,False,-0.023062247405891072,0.24596308668957767,0.2229008392836866
2024-03-28,300750.SZ,-0.13253768844221103,0,-0.0,False,-0.01872616470439029,0.24488966000317414,0.22616349529878385
2024-03-29,300750.SZ,-0.2971105527638191,0,-0.0,False,-0.020045800773062783,0.2450742020064867,0.2250284012334239
2024-04-01,300750.SZ,0.14949748743718594,0,-0.0,False,-0.021808036067925005,0.24630703820452896,0.22449900213660395
2024-04-02,300750.SZ,0.3316582914572864,1,-1.0,True,-0.018956430221733506,0.24629283396226945,0.22733640374053593
2024-04-03,300750.SZ,0.13693467336683418,0,-0.0,False,-0.014004323972603731,0.24732497314818402,0.2333206491755803
2024-04-08,300750.SZ,0.06658291457286436,0,-0.0,False,-0.009252790275571127,0.24466568447779138,0.23541289420222025
2024-04-09,300750.SZ,-0.005653266331658302,0,-0.0,False,-0.010524129127682226,0.24386396813316424,0.23333983900548202
2024-04-10,300750.SZ,-0.43404522613065327,0,-0.0,False,-0.013872037329480473,0.24097535642484846,0.227103319095368
2024-04-11,300750.SZ,-0.01507537688442212,0,-0.0,False,-0.019819055691652373,0.24247330215714805,0.22265424646549567
2024-04-12,300750.SZ,-0.1777638190954774,0,-0.0,False,-0.020689855956621213,0.24226524046488845,0.22157538450826725
2024-04-15,300750.SZ,0.2933417085427136,1,-1.0,True,-0.021882598109872777,0.24268643903401235,0.22080384092413957
2024-04-16,300750.SZ,0.42525125628140703,1,-1.0,True,-0.018257353393427413,0.2441267104280372,0.2258693570346098
2024-04-17,300750.SZ,-0.023869346733668362,0,-0.0,False,-0.012562039607874964,0.24644336944915002,0.23388132984127505
2024-04-18,300750.SZ,-0.21231155778894473,0,-0.0,False,-0.015489750158951083,0.24444883727161185,0.22895908711266078
2024-04-19,300750.SZ,-0.3008793969849246,0,-0.0,False,-0.01887530197343914,0.2443370257971471,0.22546172382370797
2024-04-22,300750.SZ,-0.49309045226130654,0,-0.0,False,-0.02200710551254525,0.24553008770198193,0.22352298218943667
2024-04-23,300750.SZ,0.18404522613065322,0,-0.0,False,-0.02246904735863548,0.24636937787119548,0.22390033051256
2024-04-24,300750.SZ,-0.14321608040201006,0,-0.0,False,-0.018112079374297336,0.24534929999609495,0.2272372206217976
2024-04-25,300750.SZ,0.3410804020100503,1,-1.0,True,-0.021541063083776724,0.24418595972755575,0.222644896643779
2024-04-26,300750.SZ,0.16896984924623115,0,-0.0,False,-0.019947676862156448,0.24593149430395395,0.2259838174417975
2024-04-29,300750.SZ,0.15703517587939697,0,-0.0,False,-0.020470745078975217,0.24545798368684216,0.22498723860786693
2024-04-30,300750.SZ,0.007537688442211032,0,-0.0,False,-0.019408760091063366,0.24595161146374445,0.22654285137268107
2024-05-06,300750.SZ,0.24246231155778897,1,-1.0,True,-0.01901534148670657,0.24595668374830365,0.22694134226159707
2024-05-07,300750.SZ,0.009422110552763874,0,-0.0,False,-0.016018751694757742,0.2469398418841841,0.23092109018942636
2024-05-08,300750.SZ,-0.05778894472361806,0,-0.0,False,-0.012922811772645077,0.24488491984661373,0.23196210807396866
2024-05-09,300750.SZ,0.28831658291457285,1,-1.0,True,-0.014784529049204194,0.24436483939041206,0.22958031034120788
2024-05-10,300750.SZ,0.08291457286432158,0,-0.0,False,-0.012072277088308195,0.24591578017954682,0.23384350309123864
2024-05-13,300750.SZ,-0.14007537688442212,0,-0.0,False,-0.010190096453817524,0.24576998044181847,0.23557988398800095
2024-05-14,300750.SZ,-0.2562814070351759,0,-0.0,False,-0.009384259439189387,0.24517862263826726,0.23579436319907787
2024-05-15,300750.SZ,-0.2964824120603015,0,-0.0,False,-0.008911835396220555,0.24464276834952212,0.23573093295330155
2024-05-16,300750.SZ,0.3919597989949749,1,-1.0,True,-0.009624545673045486,0.2453598552499152,0.2357353095768697
2024-05-17,300750.SZ,0.26005025125628145,1,-1.0,True,-0.002926224090320778,0.24525896372097697,0.24233273963065619
2024-05-20,300750.SZ,0.29396984924623115,1,-1.0,True,-0.0028739581426141508,0.2453147904257474,0.24244083228313323
2024-05-21,300750.SZ,0.12248743718592969,0,-0.0,False,-0.0016679121696764137,0.24642219608034438,0.24475428391066797
2024-05-22,300750.SZ,0.3844221105527639,1,-1.0,True,-0.0010197695885929947,0.2466473879991962,0.2456276184106032
2024-05-23,300750.SZ,0.3410804020100503,1,-1.0,True,0.0031545708372980054,0.24890510126553916,0.2520596721028372
2024-05-24,300750.SZ,0.20603015075376885,0,-0.0,False,0.008431836152117273,0.2493035482820524,0.25773538443416966
2024-05-27,300750.SZ,-0.14195979899497485,0,-0.0,False,0.007834522337030084,0.24873818664058364,0.25657270897761375
2024-05-28,300750.SZ,-0.27638190954773867,0,-0.0,False,0.005869618050694966,0.24898435051396506,0.25485396856466
2024-05-29,300750.SZ,0.3668341708542714,1,-1.0,True,0.004211901466092694,0.25020302052382853,0.2544149219899212
2024-05-30,300750.SZ,0.4026381909547738,1,-1.0,True,0.0103702382803065,0.24995576099805164,0.26032599927835814
2024-05-31,300750.SZ,0.2694723618090452,1,-1.0,True,0.015389074590320044,0.25174387916361807,0.2671329537539381
2024-06-03,300750.SZ,0.39133165829145733,1,-1.0,True,0.019712763247712803,0.2516139531905418,0.2713267164382546
2024-06-04,300750.SZ,0.30025125628140703,1,-1.0,True,0.02351962026580072,0.25376065648336427,0.277280276749165
2024-06-05,300750.SZ,0.10929648241206025,0,-0.0,False,0.02785315823271337,0.2540111396679021,0.2818642979006155
2024-06-06,300750.SZ,0.003140703517587995,0,-0.0,False,0.031387807760790365,0.2521463808071561,0.2835341885679465
2024-06-07,300750.SZ,-0.15766331658291455,0,-0.0,False,0.03339235980311786,0.2509448319286952,0.28433719173181304
2024-06-11,300750.SZ,-0.2229899497487437,0,-0.0,False,0.035311076497420615,0.2485654491908721,0.2838765256882927
2024-06-12,300750.SZ,-0.3272613065326633,0,-0.0,False,0.030010341609715933,0.24722006778723665,0.2772304093969526
2024-06-13,300750.SZ,-0.44221105527638194,0,-0.0,False,0.026391056582565065,0.24925349447522246,0.2756445510577875
2024-06-14,300750.SZ,0.010678391959799027,0,-0.0,False,0.020854112603410028,0.2522288610031821,0.2730829736065921
2024-06-17,300750.SZ,0.37299465240641716,1,-1.0,True,0.02129450482556498,0.2521640255926319,0.2734585304181969
2024-06-18,300750.SZ,0.3302139037433155,1,-1.0,True,0.025780526750460046,0.2536004088340849,0.27938093558454496
2024-06-19,300750.SZ,0.2005347593582888,0,-0.0,False,0.030484562739931897,0.25397122761194707,0.28445579035187896
2024-06-20,300750.SZ,0.11697860962566842,0,-0.0,False,0.03493904137938573,0.25220622790143465,0.2871452692808204
2024-06-21,300750.SZ,-0.09425133689839571,0,-0.0,False,0.03217111435339705,0.24942971724956467,0.28160083160296173
2024-06-24,300750.SZ,-0.2553475935828877,0,-0.0,False,0.02827323674671363,0.2476997539411767,0.27597299068789033
2024-06-25,300750.SZ,0.2540106951871658,0,-0.0,False,0.02404806213263044,0.24818087590136192,0.27222893803399234
2024-06-26,300750.SZ,-0.0006684491978609652,0,-0.0,False,0.023554376158788543,0.24765912421221362,0.27121350037100217
2024-06-27,300750.SZ,-0.10962566844919786,0,-0.0,False,0.020854695976383345,0.24612524619980886,0.2669799421761922
2024-06-28,300750.SZ,-0.4786096256684492,0,-0.0,False,0.01730986257998315,0.24490248798505568,0.26221235056503883
2024-07-01,300750.SZ,0.30949197860962563,1,-1.0,True,0.011784015877665864,0.2485523174560891,0.26033633333375494
2024-07-02,300750.SZ,0.40374331550802134,1,-1.0,True,0.013972665007757235,0.2500157572561353,0.2639884222638925
2024-07-03,300750.SZ,0.40040106951871657,1,-1.0,True,0.01615626572076971,0.25227485064449573,0.26843111636526545
2024-07-04,300750.SZ,0.46657754010695185,1,-1.0,True,0.017598496855647905,0.253981209910744,0.2715797067663919
2024-07-05,300750.SZ,0.3201871657754011,1,-1.0,True,0.021375234823562343,0.2572661830840459,0.27864141790760827
2024-07-08,300750.SZ,-0.004010695187165791,0,-0.0,False,0.024636324680201323,0.2585605508031462,0.28319687548334754
2024-07-09,300750.SZ,-0.24331550802139035,0,-0.0,False,0.02540183697397006,0.25833665558473795,0.28373849255870803
2024-07-10,300750.SZ,-0.47192513368983957,0,-0.0,False,0.025894234442728162,0.2577622717278343,0.28365650617056243
2024-07-11,300750.SZ,0.2016021361815754,0,-0.0,False,0.025327123571191785,0.25878857920604115,0.2841157027772329
2024-07-12,300750.SZ,0.32333333333333336,1,-1.0,True,0.029640474706038245,0.25736133565286545,0.2870018103589037
2024-07-15,300750.SZ,0.182529335071708,0,-0.0,False,0.029379363594927137,0.2570445026024858,0.28642386619741295
2024-07-16,300750.SZ,0.0039011703511053764,0,-0.0,False,0.029187355622381464,0.25692036055410966,0.2861077161764911
2024-07-17,300750.SZ,0.36898734177215187,1,-1.0,True,0.02945018363326379,0.2568778686261117,0.2863280522593755
2024-07-18,300750.SZ,0.30363864491844417,1,-1.0,True,0.033587682838148974,0.25832291038301947,0.2919105932211684
2024-07-19,300750.SZ,0.28105395232120456,0,-0.0,False,0.03319715060777923,0.2578748085355443,0.2910719591433235
2024-07-22,300750.SZ,0.36323713927227097,1,-1.0,True,0.03284873086372227,0.25750812934926764,0.2903568602129899
2024-07-23,300750.SZ,0.28607277289836885,0,-0.0,False,0.035263269838394874,0.2592449760090116,0.2945082458474065
2024-07-24,300750.SZ,0.21141781681304894,0,-0.0,False,0.038416681974357,0.25998024053077196,0.29839692250512895
2024-07-25,300750.SZ,-0.020702634880802984,0,-0.0,False,0.04255496277610727,0.25873544343786165,0.3012904062139689
2024-07-26,300750.SZ,-0.36260978670012545,0,-0.0,False,0.041215146011397065,0.25864247106257676,0.29985761707397385
2024-07-29,300750.SZ,-0.01882057716436636,0,-0.0,False,0.03832949494132483,0.2612088754393671,0.2995383703806919
2024-07-30,300750.SZ,-0.1016311166875784,0,-0.0,False,0.04166407220867371,0.25785456503257775,0.29951863724125144
2024-07-31,300750.SZ,-0.411543287327478,0,-0.0,False,0.04495764037363066,0.2534039292183445,0.29836156959197513
2024-08-01,300750.SZ,-0.4611041405269762,0,-0.0,False,0.04293619505628694,0.2560782178808134,0.29901441293710035
2024-08-02,300750.SZ,-0.0915934755332497,0,-0.0,False,0.04083151649829412,0.2591815470413151,0.3000130635396092
2024-08-05,300750.SZ,-0.14993726474278546,0,-0.0,False,0.042130632845399786,0.25811273479839675,0.30024336764379655
2024-08-06,300750.SZ,-0.2176913425345044,0,-0.0,False,0.04001222766601058,0.25864108304492633,0.2986533107109369
2024-08-07,300750.SZ,0.05520702634880803,0,-0.0,False,0.03977895391540897,0.258862533779181,0.29864148769459
2024-08-08,300750.SZ,-0.20263488080301129,0,-0.0,False,0.038019581982553556,0.2580259254572745,0.29604550743982805
2024-08-09,300750.SZ,-0.2823086574654956,0,-0.0,False,0.03543585747334923,0.2588761454826168,0.294312002955966
2024-08-12,300750.SZ,-0.335633626097867,0,-0.0,False,0.032434206600835264,0.2604631341488635,0.29289734074969875
2024-08-13,300750.SZ,0.34002509410288584,1,-1.0,True,0.028066907957892403,0.26221312298737826,0.29028003094527066
2024-08-14,300750.SZ,0.21455457967377667,0,-0.0,False,0.03143960451260239,0.26360905581622407,0.2950486603288265
2024-08-15,300750.SZ,-0.0865746549560853,0,-0.0,False,0.03433727458609826,0.2636955678669174,0.29803284245301565
2024-08-16,300750.SZ,-0.17754077791718947,0,-0.0,False,0.03533797155694161,0.26300026541712357,0.2983382369740652
2024-08-19,300750.SZ,0.35257214554579674,1,-1.0,True,0.03709862420327658,0.2608351772021215,0.2979338014053981
2024-08-20,300750.SZ,0.2816813048933501,0,-0.0,False,0.042371315030898596,0.2607633266876227,0.3031346417185213
2024-08-21,300750.SZ,0.23149309912170635,0,-0.0,False,0.04764998252142526,0.25912410643330613,0.3067740889547314
2024-08-22,300750.SZ,0.42973651191969886,1,-1.0,True,0.05343692250154332,0.25535226664966854,0.30878918915121184
2024-08-23,300750.SZ,0.37954830614805524,1,-1.0,True,0.05910662794007013,0.25609637729309304,0.31520300523316314
2024-08-26,300750.SZ,0.27791718946047683,0,-0.0,False,0.06042698442765233,0.2573440166495532,0.3177710010772055
2024-08-27,300750.SZ,0.1461731493099122,0,-0.0,False,0.06053399953245278,0.257432488599804,0.3179664881322568
2024-08-28,300750.SZ,-0.0006273525721455231,0,-0.0,False,0.06135428666447425,0.2575481754039692,0.3189024620684434
2024-08-29,300750.SZ,-0.20075282308657466,0,-0.0,False,0.05809319607980687,0.25581458454247646,0.3139077806222833
2024-08-30,300750.SZ,0.1656210790464241,0,-0.0,False,0.054268873977871016,0.25622843419780766,0.31049730817567867
2024-09-02,300750.SZ,0.03450439146800499,0,-0.0,False,0.05496856387444716,0.2564184250179456,0.31138698889239275
2024-09-03,300750.SZ,0.3889585947302384,1,-1.0,True,0.05689973531088489,0.2553735548952823,0.3122732902061672
2024-09-04,300750.SZ,0.4215809284818067,1,-1.0,True,0.058481718575177914,0.256845744548451,0.3153274631236289
2024-09-05,300750.SZ,0.22835633626097862,0,-0.0,False,0.05970217941135377,0.25822806596758535,0.3179302453789391
2024-09-06,300750.SZ,-0.08531994981179425,0,-0.0,False,0.06025988087349509,0.25852172290027386,0.31878160377376896
2024-09-09,300750.SZ,-0.16122961104140526,0,-0.0,False,0.05884745750613551,0.2588527796736635,0.317700237179799
2024-09-10,300750.SZ,-0.43475533249686327,0,-0.0,False,0.058367570881460475,0.259209685827469,0.3175772567089295
2024-09-11,300750.SZ,0.38268506900878296,1,-1.0,True,0.05289682920780571,0.2626378776801542,0.31553470688795987
2024-09-12,300750.SZ,0.37515683814303635,1,-1.0,True,0.05568804900398443,0.26435681718199194,0.3200448661859764
2024-09-13,300750.SZ,0.25156838143036386,0,-0.0,False,0.059254054480972054,0.26576402024271506,0.3250180747236871
2024-09-18,300750.SZ,0.07653701380175659,0,-0.0,False,0.06238165531449978,0.2658007405756319,0.3281823958901317
2024-09-19,300750.SZ,-0.2578419071518193,0,-0.0,False,0.06506615555514256,0.2642864984957425,0.32935265405088504
2024-09-20,300750.SZ,-0.458594730238394,0,-0.0,False,0.0646186874009042,0.2647911114588715,0.3294097988597757
2024-09-23,300750.SZ,0.3437892095357591,1,-1.0,True,0.05767206464891759,0.26750057952148587,0.3251726441704035
2024-09-24,300750.SZ,0.04391468005018817,0,-0.0,False,0.05904514055752797,0.2685495131345857,0.32759465369211366
2024-09-25,300750.SZ,0.13237139272271015,0,-0.0,False,0.0605155769616313,0.2679741547812347,0.328489731742866
2024-09-26,300750.SZ,0.029485570890840695,0,-0.0,False,0.06409459317401904,0.26601853184333296,0.330113125017352
2024-09-27,300750.SZ,0.03450439146800499,0,-0.0,False,0.06309449386946617,0.2659203355945965,0.3290148294640627
2024-09-30,300750.SZ,0.004391468005018773,0,-0.0,False,0.06061821136955548,0.2647795405254701,0.32539775189502557
2024-10-08,300750.SZ,0.07026348808030114,0,-0.0,False,0.05951368465820703,0.26473495944313236,0.32424864410133936
2024-10-09,300750.SZ,0.03638644918444167,0,-0.0,False,0.05954435610410233,0.26473599855510077,0.32428035465920313
2024-10-10,300750.SZ,0.023839397741530766,0,-0.0,False,0.0598946870667365,0.2646768055104792,0.3245714925772157
2024-10-11,300750.SZ,0.020075282308657516,0,-0.0,False,0.06371039226567136,0.2607677698764104,0.3244781621420818
2024-10-14,300750.SZ,-0.11731493099121704,0,-0.0,False,0.0640033144256137,0.2606982588181185,0.32470157324373217
2024-10-15,300750.SZ,-0.267879548306148,0,-0.0,False,0.06450705515981586,0.26028524728655583,0.3247923024463717
2024-10-16,300750.SZ,-0.31806775407779175,0,-0.0,False,0.05983021135274202,0.2611794771697189,0.3210096885224609
2024-10-17,300750.SZ,-0.12421580928481807,0,-0.0,False,0.05363588626641536,0.2612545937623518,0.3148904800287672
2024-10-18,300750.SZ,0.2967377666248432,0,-0.0,False,0.05279966574515579,0.26166502772471095,0.3144646934698667
2024-10-21,300750.SZ,0.2377666248431619,0,-0.0,False,0.057041743448604014,0.2614572001029412,0.31849894355154523
2024-10-22,300750.SZ,-0.12045169385194482,0,-0.0,False,0.061530460297171394,0.25987974499703115,0.32141020529420256
2024-10-23,300750.SZ,-0.2478042659974906,0,-0.0,False,0.06463578328391609,0.25538430960315645,0.32002009288707256
2024-10-24,300750.SZ,-0.259723964868256,0,-0.0,False,0.061037037516181544,0.2567266862122317,0.31776372372841327
2024-10-25,300750.SZ,0.2992471769134254,0,-0.0,False,0.06006613847896283,0.25772399974473764,0.3177901382237005
2024-10-28,300750.SZ,-0.0790464240903388,0,-0.0,False,0.0597175282698243,0.2573687397300188,0.3170862679998431
2024-10-29,300750.SZ,-0.19510664993726473,0,-0.0,False,0.05765072599201955,0.25747983977331224,0.31513056576533177
2024-10-30,300750.SZ,-0.34065244667503136,0,-0.0,False,0.0547162107768807,0.2583428757970331,0.3130590865739138
2024-10-31,300750.SZ,-0.4065244667503137,0,-0.0,False,0.05181462631757035,0.2608206859284677,0.312635312246038
2024-11-01,300750.SZ,0.3914680050188206,1,-1.0,True,0.046406403165002816,0.26354854628784696,0.3099549494528498
2024-11-04,300750.SZ,0.23839397741530743,0,-0.0,False,0.04959011895221996,0.2653991105756992,0.3149892295279192
2024-11-05,300750.SZ,0.10100376411543288,0,-0.0,False,0.05205830997004434,0.2657690830805691,0.31782739305061347
2024-11-06,300750.SZ,-0.13613550815558345,0,-0.0,False,0.05049736981338484,0.2649185186116403,0.3154158884250251
2024-11-07,300750.SZ,0.1336260978670013,0,-0.0,False,0.0486719524715523,0.26544742404893573,0.31411937652048805
2024-11-08,300750.SZ,-0.02446675031367629,0,-0.0,False,0.050952798094480826,0.2649874777260465,0.31594027582052736
2024-11-11,300750.SZ,0.30050188205771644,0,-0.0,False,0.05288458690049332,0.26357007062468935,0.31645465752518265
2024-11-12,300750.SZ,0.41718946047678795,1,-1.0,True,0.057859456018143476,0.26255243221105473,0.3204118882291982
2024-11-13,300750.SZ,0.4284818067754078,1,-1.0,True,0.05806970319715858,0.2628321745904716,0.3209018777876302
2024-11-14,300750.SZ,0.2716436637390214,0,-0.0,False,0.059473299493151305,0.2643651355554087,0.32383843504856
2024-11-15,300750.SZ,0.21392722710163115,0,-0.0,False,0.05928724794725789,0.2642065263694186,0.3234937743166765
2024-11-18,300750.SZ,-0.10915934755332496,0,-0.0,False,0.0600492461965554,0.26452200624631284,0.3245712524428682
2024-11-19,300750.SZ,-0.29548306148055203,0,-0.0,False,0.05593606737900466,0.26327029799741847,0.3192063653764231
2024-11-20,300750.SZ,-0.14617314930991215,0,-0.0,False,0.050631371849916305,0.26388898328347205,0.31452035513338833
2024-11-21,300750.SZ,-0.22710163111668757,0,-0.0,False,0.04769634434938563,0.26410463257880107,0.3118009769281867
2024-11-22,300750.SZ,-0.27854454203262236,0,-0.0,False,0.04698682908170469,0.2647320453149953,0.3117188743967
2024-11-25,300750.SZ,-0.39021329987452946,0,-0.0,False,0.04696880714433067,0.26475431667654065,0.3117231238208713
2024-11-26,300750.SZ,0.09284818067754075,0,-0.0,False,0.04066007822159066,0.26608467206407727,0.30674475028566794
2024-11-27,300750.SZ,-0.34755332496863234,0,-0.0,False,0.03807849480261371,0.26403814607545184,0.30211664087806556
2024-11-28,300750.SZ,-0.4234629861982434,0,-0.0,False,0.032936614079466395,0.2654980585730312,0.2984346726524976
2024-11-29,300750.SZ,-0.45294855708908405,0,-0.0,False,0.026146658708718896,0.26667164591970355,0.29281830462842245
2024-12-02,300750.SZ,0.14742785445420326,0,-0.0,False,0.019869993597298134,0.26901953248514626,0.2888895260824444
2024-12-03,300750.SZ,-0.06022584692597238,0,-0.0,False,0.020187755030982656,0.2691485383598794,0.28933629339086203
2024-12-04,300750.SZ,-0.14429109159347553,0,-0.0,False,0.019659700443952988,0.2692444085523309,0.2889041089962839
2024-12-05,300750.SZ,-0.18381430363864493,0,-0.0,False,0.01977113565219831,0.2691731589839764,0.2889442946361747
2024-12-06,300750.SZ,0.28795483061480553,0,-0.0,False,0.02009759936978247,0.2688998728034439,0.28899747217322636
2024-12-09,300750.SZ,0.3638644918444166,1,-1.0,True,0.025224400512678043,0.2680851025935191,0.29330950310619713
2024-12-10,300750.SZ,0.3312421580928482,1,-1.0,True,0.0319416967386847,0.2663675921498071,0.2983092888884918
2024-12-11,300750.SZ,-0.02948557089084064,0,-0.0,False,0.034613061456460106,0.2677563783401263,0.30236943979658637
2024-12-12,300750.SZ,0.24215809284818068,0,-0.0,False,0.031259059595649626,0.26599710166225643,0.29725616125790605
2024-12-13,300750.SZ,0.15495608531994987,0,-0.0,False,0.0305252611715235,0.2652859611562681,0.2958112223277916
2024-12-16,300750.SZ,0.08776595744680848,0,-0.0,False,0.030145438887870676,0.26507304827880773,0.2952184871666784
2024-12-17,300750.SZ,0.46542553191489366,1,-1.0,True,0.02990200011971351,0.2650060377156019,0.2949080378353154
2024-12-18,300750.SZ,0.24401595744680848,0,-0.0,False,0.03456597402649093,0.26771382219008455,0.30227979621657547
2024-12-19,300750.SZ,-0.22140957446808512,0,-0.0,False,0.038727336951738384,0.2670497635038276,0.30577710045556594
2024-12-20,300750.SZ,-0.3160690571049137,0,-0.0,False,0.034765501371277964,0.26735546346831446,0.30212096483959244
2024-12-23,300750.SZ,-0.44687915006640105,0,-0.0,False,0.032137162972052526,0.2692503545990792,0.30138751757113175
2024-12-24,300750.SZ,0.3017241379310345,0,-0.0,False,0.02932671729190917,0.27248323911062144,0.3018099564025306
2024-12-25,300750.SZ,0.07978723404255317,0,-0.0,False,0.0358294986552382,0.26955508693739727,0.3053845855926355
2024-12-26,300750.SZ,-0.06316489361702127,0,-0.0,False,0.0339152924505126,0.268408550842573,0.3023238432930856
2024-12-27,300750.SZ,-0.2706117021276596,0,-0.0,False,0.030024390707803904,0.26637892344148517,0.29640331414928905
2024-12-30,300750.SZ,-0.30984042553191493,0,-0.0,False,0.024432617610750773,0.2655804012928173,0.29001301890356807
2024-12-31,300750.SZ,0.25930851063829785,0,-0.0,False,0.017962467897093548,0.26417214579337783,0.2821346136904714
2025-01-02,300750.SZ,0.19853917662682607,0,-0.0,False,0.017455145770951024,0.26364479940601465,0.2810999451769657
2025-01-03,300750.SZ,0.033200531208499307,0,-0.0,False,0.019143061369400954,0.26415410906574144,0.2832971704351424
2025-01-06,300750.SZ,-0.2699468085106383,0,-0.0,False,0.021447361696316704,0.263049117419299,0.2844964791156157
2025-01-07,300750.SZ,-0.38711819389110225,0,-0.0,False,0.02313051440614338,0.2604995189546239,0.2836300333607673
2025-01-08,300750.SZ,-0.48271276595744683,0,-0.0,False,0.018224511655537734,0.2626449746925215,0.28086948634805925
2025-01-09,300750.SZ,0.4162234042553191,1,-1.0,True,0.011507460828114565,0.2650723074878571,0.27657976831597164
2025-01-10,300750.SZ,0.3614058355437666,1,-1.0,True,0.013454911404644656,0.2671893462183814,0.2806442576230261
2025-01-13,300750.SZ,0.15053050397877987,0,-0.0,False,0.016434116947916834,0.26906843578160167,0.2855025527295185
2025-01-14,300750.SZ,0.11936339522546424,0,-0.0,False,0.014613643299638733,0.26739690265996924,0.28201054595960795
2025-01-15,300750.SZ,-0.080026455026455,0,-0.0,False,0.0130780162188639,0.2662497943126091,0.279327810531473
2025-01-16,300750.SZ,-0.18741808650065533,0,-0.0,False,0.010069012824300071,0.2652342590973867,0.27530327192168674
2025-01-17,300750.SZ,-0.2728983688833124,0,-0.0,False,0.005480219276192352,0.2638324977496198,0.26931271702581216
2025-01-20,300750.SZ,0.349435382685069,1,-1.0,True,0.0008221264280116746,0.2637713160784821,0.26459344250649375
2025-01-21,300750.SZ,0.08092848180677537,0,-0.0,False,0.0019722728102785085,0.264995377672268,0.2669676504825465
2025-01-22,300750.SZ,0.02823086574654954,0,-0.0,False,0.002819198782674995,0.26508469123609335,0.26790389001876835
2025-01-23,300750.SZ,-0.12358845671267255,0,-0.0,False,0.00607620421973062,0.26294952337058486,0.26902572759031546
2025-01-24,300750.SZ,-0.39084065244667504,0,-0.0,False,0.005203138556828068,0.26320668579779644,0.2684098243546245
2025-01-27,300750.SZ,-0.026348808030112914,0,-0.0,False,0.0027930590921689297,0.26550718046797195,0.2683002395601409
2025-02-05,300750.SZ,-0.19510664993726473,0,-0.0,False,0.006003013086313639,0.2627701757539214,0.26877318884023504
2025-02-06,300750.SZ,-0.3575909661229611,0,-0.0,False,0.008219658841227901,0.25990298849521104,0.2681226473364389
2025-02-07,300750.SZ,0.2176913425345044,0,-0.0,False,0.006003013086313639,0.2618881533245108,0.26789116641082444
2025-02-10,300750.SZ,-0.11041405269761606,0,-0.0,False,0.009066584813624387,0.26219871063728517,0.27126529545090955
2025-02-11,300750.SZ,-0.2685069008782936,0,-0.0,False,0.009960562228931791,0.2616012756145065,0.2715618378434383
2025-02-12,300750.SZ,-0.3318695106649937,0,-0.0,False,0.0072629461687059435,0.2627971018248659,0.2700600479935718
2025-02-13,300750.SZ,0.40966122961104146,1,-1.0,True,0.006185990919856091,0.26392687802240833,0.27011286894226444
2025-02-14,300750.SZ,0.3519447929736512,1,-1.0,True,0.0119524066454939,0.2651272590619628,0.2770796657074567
2025-02-17,300750.SZ,0.10727728983688833,0,-0.0,False,0.017682226804423218,0.2649820388418267,0.2826642656462499
2025-02-18,300750.SZ,0.4429109159347553,1,-1.0,True,0.015742661768873237,0.2634501714859649,0.2791928332548381
2025-02-19,300750.SZ,0.3663739021329987,1,-1.0,True,0.01764563123771473,0.26571332776041784,0.28335895899813257
2025-02-20,300750.SZ,0.17628607277289832,0,-0.0,False,0.02142020254679043,0.267431998513335,0.28885220106012544
2025-02-21,300750.SZ,0.2841907151819323,0,-0.0,False,0.024368759635874492,0.2671703524942502,0.2915391121301247
2025-02-24,300750.SZ,0.023839397741530766,0,-0.0,False,0.023798914382842287,0.2665366213538426,0.29033553573668486
2025-02-25,300750.SZ,-0.05144291091593478,0,-0.0,False,0.02165023182324379,0.2654774254293405,0.28712765725258427
2025-02-26,300750.SZ,-0.23651191969887075,0,-0.0,False,0.019292431739596782,0.2648537699937704,0.2841462017333672
2025-02-27,300750.SZ,-0.3851944792973651,0,-0.0,False,0.013740361476108706,0.26315518128890425,0.27689554276501294
2025-02-28,300750.SZ,0.2471769134253451,0,-0.0,False,0.0073675049307302025,0.26348165375508803,0.2708491586858182
2025-03-03,300750.SZ,0.39460476787954835,1,-1.0,True,0.0071113359637707705,0.2632312270416912,0.270342563005462
2025-03-04,300750.SZ,0.205771643663739,0,-0.0,False,0.00918159945185107,0.26530289397821327,0.27448449343006437
2025-03-05,300750.SZ,-0.1631116687578419,0,-0.0,False,0.010901591087150109,0.2659071340108994,0.2768087250980495
2025-03-06,300750.SZ,-0.3946047678795483,0,-0.0,False,0.01121526737322288,0.26567746103050305,0.2768927284037259
2025-03-07,300750.SZ,-0.44228356336260977,0,-0.0,False,0.006546718648839779,0.2678546951401357,0.2744014137889755
2025-03-10,300750.SZ,-0.11104140526976158,0,-0.0,False,0.00257348569191799,0.27095478534235384,0.27352827103427185
2025-03-11,300750.SZ,-0.2314930991217064,0,-0.0,False,-0.0015931809747486772,0.2687989868728243,0.2672058058980756
2025-03-12,300750.SZ,-0.3186951066499373,0,-0.0,False,-0.0070354645381112855,0.2667626959375814,0.2597272313994701
2025-03-13,300750.SZ,-0.3174404015056462,0,-0.0,False,-0.011594226562368918,0.26737985651325913,0.2557856299508902
2025-03-14,300750.SZ,0.21831869510664992,0,-0.0,False,-0.013528563659817685,0.2687537990175118,0.2552252353576941
2025-03-17,300750.SZ,-0.011292346298619804,0,-0.0,False,-0.01036566110858389,0.2692339117883992,0.25886825067981534
2025-03-18,300750.SZ,-0.18757841907151818,0,-0.0,False,-0.006836802890265196,0.2663847747228729,0.25954797183260775
2025-03-19,300750.SZ,0.3883312421580929,1,-1.0,True,-0.011588998624267707,0.26445712867142934,0.25286813004716163
2025-03-20,300750.SZ,0.2848180677540778,1,-1.0,True,-0.011479211924142235,0.26462171487570846,0.2531425029515662
2025-03-21,300750.SZ,0.13801756587202008,0,-0.0,False,-0.011202131204777952,0.26491670507639714,0.25371457387161916
2025-03-24,300750.SZ,-0.043914680050188226,0,-0.0,False,-0.010689793270859088,0.26514716504134217,0.2544573717704831
2025-03-25,300750.SZ,-0.3820577164366374,0,-0.0,False,-0.008907066378345495,0.2641889066350015,0.255281840256656
2025-03-26,300750.SZ,0.050188205771643624,0,-0.0,False,-0.008269257929997526,0.2631846210314344,0.2549153631014369
2025-03-27,300750.SZ,-0.13739021329987455,0,-0.0,False,-0.010715932961365155,0.26124178229608075,0.2505258493347156
2025-03-28,300750.SZ,-0.19949811794228356,0,-0.0,False,-0.012226807072615677,0.26144737616304525,0.24922056909042958
2025-03-31,300750.SZ,-0.3695106649937265,0,-0.0,False,-0.014992386328157293,0.261660133383318,0.2466677470551607
2025-04-01,300750.SZ,-0.1656210790464241,0,-0.0,False,-0.018317354960528682,0.26361793231170894,0.24530057735118024
2025-04-02,300750.SZ,-0.3707653701380176,0,-0.0,False,-0.019985067214815595,0.26391381634783273,0.24392874913301713
2025-04-03,300750.SZ,0.10978670012547054,0,-0.0,False,-0.0231113741993409,0.2658376572691589,0.24272628306981803
2025-04-07,300750.SZ,0.021929824561403466,0,-0.0,False,-0.022782014098964482,0.2659787626346209,0.2431967485356564
2025-04-08,300750.SZ,-0.03258145363408521,0,-0.0,False,-0.022902485970823137,0.2659550107022286,0.24305252473140546
2025-04-09,300750.SZ,-0.34461152882205515,0,-0.0,False,-0.0233726597322866,0.26592155299799847,0.24254889326571186
2025-04-10,300750.SZ,-0.16979949874686717,0,-0.0,False,-0.026411716491709206,0.2675000477961671,0.2410883313044579
2025-04-11,300750.SZ,0.2907268170426065,1,-1.0,True,-0.026849087889672957,0.26769276411820564,0.24084367622853267
2025-04-14,300750.SZ,-0.05513784461152882,0,-0.0,False,-0.022194034845100005,0.2683223467435108,0.24612831189841078
2025-04-15,300750.SZ,0.3784461152882206,1,-1.0,True,-0.020002952266214482,0.26695602611157326,0.24695307384535878
2025-04-16,300750.SZ,0.2036340852130326,0,-0.0,False,-0.015814102894772492,0.26924095968339296,0.2534268567886205
2025-04-17,300750.SZ,0.06578947368421051,0,-0.0,False,-0.016589966906537582,0.2684657502920467,0.25187578338550914
2025-04-18,300750.SZ,-0.09398496240601506,0,-0.0,False,-0.018023109832862174,0.26755399767782,0.24953088784495783
2025-04-21,300750.SZ,0.24749373433583954,0,-0.0,False,-0.017802553737479427,0.2674797504305419,0.24967719669306246
2025-04-22,300750.SZ,0.3621553884711779,1,-1.0,True,-0.013675070401368342,0.267722131262115,0.2540470608607467
2025-04-23,300750.SZ,0.34899749373433586,1,-1.0,True,-0.00849274245687306,0.26893545664611423,0.2604427141892412
2025-04-24,300750.SZ,0.3784461152882206,1,-1.0,True,-0.008078156483365472,0.2694517010764716,0.26137354459310613
2025-04-25,300750.SZ,0.1378446115288221,0,-0.0,False,-0.004265718655210812,0.2716665411821319,0.2674008225269211
2025-04-28,300750.SZ,-0.0407268170426065,0,-0.0,False,-0.0014911248096600878,0.27140118406194985,0.2699100592522898
2025-04-29,300750.SZ,-0.224937343358396,0,-0.0,False,0.0010082554372767862,0.2696267749031852,0.270635030340462
2025-04-30,300750.SZ,-0.4191729323308271,0,-0.0,False,0.002521481465542767,0.2678238923956751,0.2703453738612179
2025-05-06,300750.SZ,0.20676691729323304,0,-0.0,False,-0.00423385967903763,0.2681542492825109,0.2639203896034733
2025-05-07,300750.SZ,0.25689223057644106,0,-0.0,False,-0.004497418513388251,0.26792922357386645,0.2634318050604782
2025-05-08,300750.SZ,0.281328320802005,1,-1.0,True,-0.003198347959546516,0.26882148229016745,0.2656231343306209
2025-05-09,300750.SZ,0.40037593984962405,1,-1.0,True,0.0002805172817667211,0.2697861675477583,0.270066684829525
2025-05-12,300750.SZ,0.2800751879699248,1,-1.0,True,0.0025034326316219105,0.27198410279780594,0.27448753542942783
2025-05-13,300750.SZ,0.3508771929824561,1,-1.0,True,0.005041282117318587,0.2731486607855625,0.27818994290288107
2025-05-14,300750.SZ,0.2907268170426065,1,-1.0,True,0.0054610763750247504,0.273644821007533,0.27910589738255775
2025-05-15,300750.SZ,0.18984962406015038,0,-0.0,False,0.004407221013073239,0.27228599779504326,0.2766932188081165
2025-05-16,300750.SZ,0.12030075187969924,0,-0.0,False,0.002418619490446093,0.2700248225917702,0.27244344208221627
2025-05-19,300750.SZ,-0.12719298245614036,0,-0.0,False,0.0011574285582850753,0.26910868088899886,0.27026610944728396
2025-05-20,300750.SZ,0.3508771929824561,1,-1.0,True,-0.0016852398546963539,0.2686435194200247,0.2669582795653283
2025-05-21,300750.SZ,0.30952380952380953,1,-1.0,True,0.0021483979831018215,0.2703738074426432,0.27252220542574507
2025-05-22,300750.SZ,0.19110275689223055,0,-0.0,False,0.007190121908138168,0.27041801402369425,0.2776081359318324
2025-05-23,300750.SZ,0.11654135338345861,0,-0.0,False,0.010000754459822691,0.27056333980026503,0.2805640942600877
2025-05-26,300750.SZ,-0.03258145363408521,0,-0.0,False,0.012864445997323911,0.2698503670475387,0.28271481304486257
2025-05-27,300750.SZ,-0.3302005012531328,0,-0.0,False,0.01491413840064505,0.2685493121501536,0.28346345055079863
2025-05-28,300750.SZ,0.3878446115288221,1,-1.0,True,0.015414245055823358,0.2678434745176714,0.2832577195734947
2025-05-29,300750.SZ,-0.09085213032581452,0,-0.0,False,0.0178725486462507,0.2699059635008033,0.287778512147054
2025-05-30,300750.SZ,-0.1842105263157895,0,-0.0,False,0.02001172526827418,0.26799589430534837,0.28800761957362253
2025-06-03,300750.SZ,0.32330827067669177,1,-1.0,True,0.022005495767294634,0.2655476981353617,0.2875531939026564
2025-06-04,300750.SZ,0.029448621553884724,0,-0.0,False,0.028474302665342767,0.2633260842756715,0.2918003869410143
2025-06-05,300750.SZ,0.3270676691729323,1,-1.0,True,0.027491142391173444,0.2630983709350751,0.29058951332624855
2025-06-06,300750.SZ,0.06265664160401008,0,-0.0,False,0.030718588358664315,0.26438562741643,0.2951042157750943
2025-06-09,300750.SZ,-0.15100250626566414,0,-0.0,False,0.032443152801976696,0.26390898282397446,0.29635213562595114
2025-06-10,300750.SZ,-0.25877192982456143,0,-0.0,False,0.03271658444675154,0.26369995435333027,0.2964165388000818
2025-06-11,300750.SZ,-0.4298245614035088,0,-0.0,False,0.028160528109756812,0.2639759079742943,0.29213643608405115
2025-06-12,300750.SZ,0.11090225563909772,0,-0.0,False,0.0215464526660241,0.26543311665402725,0.28697956932005136
2025-06-13,300750.SZ,-0.013784461152882233,0,-0.0,False,0.019710286812242846,0.26403116762071505,0.2837414544329579
2025-06-16,300750.SZ,-0.25735294117647056,0,-0.0,False,0.019841129393392498,0.26401047297306945,0.28385160236646195
2025-06-17,300750.SZ,-0.3382352941176471,0,-0.0,False,0.015678537443187073,0.26441332729995687,0.28009186474314396
2025-06-18,300750.SZ,-0.3836898395721925,0,-0.0,False,0.011568609281207096,0.2660581268153424,0.27762673609654953
2025-06-19,300750.SZ,-0.26938502673796794,0,-0.0,False,0.007639810972715423,0.2683941546107775,0.2760339655834929
2025-06-20,300750.SZ,-0.3983957219251337,0,-0.0,False,0.0015163896506082428,0.26623567440919826,0.2677520640598065
2025-06-23,300750.SZ,-0.34090909090909094,0,-0.0,False,-0.003837041010824609,0.2677728755893973,0.26393583457857267
2025-06-24,300750.SZ,0.1657754010695187,0,-0.0,False,-0.004832870314499657,0.2688090133551561,0.2639761430406565
2025-06-25,300750.SZ,0.10026737967914434,0,-0.0,False,-0.0008174998297127205,0.26771740443632985,0.2668999046066171
2025-06-26,300750.SZ,-0.045999999999999985,0,-0.0,False,0.003742054584833491,0.26469885918830555,0.26844091377313906
2025-06-27,300750.SZ,-0.16555407209612816,0,-0.0,False,0.0008443534354082039,0.26330903641025066,0.2641533898456589
2025-06-30,300750.SZ,-0.2836218375499334,0,-0.0,False,-0.0012001574490808071,0.2636432056223732,0.2624430481732924
2025-07-01,300750.SZ,-0.3641810918774967,0,-0.0,False,-0.003037298648521742,0.26484399103601514,0.2618066923874934
2025-07-02,300750.SZ,-0.1842456608811749,0,-0.0,False,-0.0038170435631037173,0.26577450207911973,0.26195745851601604
2025-07-03,300750.SZ,0.3466666666666667,1,-1.0,True,-0.00277042052434755,0.2648047791140385,0.26203435858969093
2025-07-04,300750.SZ,0.3758344459279038,1,-1.0,True,-0.0020424358907778105,0.2656500552442977,0.2636076193535199
2025-07-07,300750.SZ,0.15066666666666662,0,-0.0,False,-0.0005649753132688289,0.2672631328272291,0.26669815751396025
2025-07-08,300750.SZ,-0.18181818181818182,0,-0.0,False,0.00041390914888256536,0.26760274383409527,0.26801665298297783
2025-07-09,300750.SZ,0.36648865153538046,1,-1.0,True,0.0011483143713197025,0.266974727151838,0.2681230415231577
2025-07-10,300750.SZ,0.2713333333333333,0,-0.0,False,0.007428371416540391,0.2666281058731653,0.2740564772897057
2025-07-11,300750.SZ,-0.05503978779840851,0,-0.0,False,0.013712088910630226,0.26385067644587396,0.2775627653565042
2025-07-14,300750.SZ,-0.1915455746367239,0,-0.0,False,0.009784895643515831,0.2613041801932276,0.2710890758367434
2025-07-15,300750.SZ,-0.34796854521625165,0,-0.0,False,0.005176967225345076,0.2599232884273275,0.26510025565267253
2025-07-16,300750.SZ,-0.41613316261203587,0,-0.0,False,0.0010228084820531461,0.2615591108261756,0.2625819193082288
2025-07-17,300750.SZ,0.3216520650813517,1,-1.0,True,-0.0034396628332593548,0.2640790564404234,0.26063939360716404
2025-07-18,300750.SZ,0.29349186483103884,1,-1.0,True,-9.234183236096575e-05,0.2656412341100123,0.2655488922776513
2025-07-21,300750.SZ,0.2008760951188986,0,-0.0,False,0.003915241095403152,0.2664178816385394,0.27033312273394255
2025-07-22,300750.SZ,0.20150187734668334,0,-0.0,False,0.007863361628754912,0.2657909919342539,0.27365435356300877
2025-07-23,300750.SZ,0.38485607008760947,1,-1.0,True,0.006630582417601697,0.2645335100639687,0.27116409248157036
2025-07-24,300750.SZ,-0.09386733416770965,0,-0.0,False,0.00916331231994198,0.2666969442853099,0.2758602566052519
2025-07-25,300750.SZ,-0.1921151439299124,0,-0.0,False,0.008145827320656487,0.26685645057301,0.2750022778936665
2025-07-28,300750.SZ,-0.26971214017521905,0,-0.0,False,0.007574771593846155,0.26721380453474297,0.27478857612858915
2025-07-29,300750.SZ,0.3554443053817271,1,-1.0,True,0.008584175862774957,0.26592179580201325,0.2745059716647882
2025-07-30,300750.SZ,0.19399249061326662,0,-0.0,False,0.011765785141206957,0.26777782550452234,0.2795436106457293
2025-07-31,300750.SZ,-0.052565707133917394,0,-0.0,False,0.01500827797912805,0.26760750470903816,0.28261578268816623
2025-08-01,300750.SZ,-0.18335419274092618,0,-0.0,False,0.01755015513737008,0.2654787988280551,0.28302895396542516
2025-08-04,300750.SZ,-0.3454317897371715,0,-0.0,False,0.014208109010074828,0.26546242944320714,0.279670538453282
2025-08-05,300750.SZ,-0.035669586983729684,0,-0.0,False,0.012249627868078532,0.26725048471137125,0.2795001125794498
2025-08-06,300750.SZ,-0.33729662077597,0,-0.0,False,0.014189938817199897,0.26603746519764626,0.28022740401484614
2025-08-07,300750.SZ,-0.3992490613266583,0,-0.0,False,0.014144712899608428,0.2660972436661278,0.28024195656573625
2025-08-08,300750.SZ,-0.46057571964956195,0,-0.0,False,0.007403793808460929,0.2662394468823927,0.27364324069085366
2025-08-11,300750.SZ,0.3191489361702128,1,-1.0,True,0.0006327895366008196,0.2677312786591251,0.26836406819572595
2025-08-12,300750.SZ,0.06132665832290363,0,-0.0,False,0.0023983865893785236,0.2691354018256909,0.2715337884150694
2025-08-13,300750.SZ,0.2897371714643304,1,-1.0,True,-0.0007814822240535733,0.2661243429318478,0.2653428607077942
2025-08-14,300750.SZ,0.42302878598247806,1,-1.0,True,-0.0014201216462924756,0.26532660721181117,0.2639064855655187
2025-08-15,300750.SZ,0.27784730913642053,1,-1.0,True,0.0006360676304540222,0.2676611561171201,0.26829722374757414
2025-08-18,300750.SZ,0.23153942428035046,0,-0.0,False,0.0005832059134080909,0.26760530549133765,0.26818851140474576
2025-08-19,300750.SZ,0.03254067584480602,0,-0.0,False,0.002314039467898255,0.26842741180975477,0.27074145127765303
2025-08-20,300750.SZ,-0.22715894868585734,0,-0.0,False,0.0030139026909044284,0.2683955571509131,0.2714094598418175
2025-08-21,300750.SZ,-0.31289111389236546,0,-0.0,False,0.003091844116012873,0.26832676413266726,0.27141860824868014
2025-08-22,300750.SZ,0.21839799749687105,0,-0.0,False,0.003694372161054537,0.26752752824089876,0.2712219004019533
2025-08-25,300750.SZ,0.14017521902377972,0,-0.0,False,0.003454547861650587,0.2673202438926452,0.2707747917542958
2025-08-26,300750.SZ,-0.107008760951189,0,-0.0,False,0.0013343016211858484,0.26519230404109817,0.26652660566228403
2025-08-27,300750.SZ,-0.14205256570713393,0,-0.0,False,-0.0012722017506052183,0.2647027244242908,0.2634305226736856
2025-08-28,300750.SZ,-0.2334167709637046,0,-0.0,False,-0.001096709225182652,0.26460148801767186,0.2635047787924892
2025-08-29,300750.SZ,0.3804755944931164,1,-1.0,True,0.0002465240824493786,0.2629913129800385,0.26323783706248793
2025-09-01,300750.SZ,0.0694618272841051,0,-0.0,False,0.0071028503979137635,0.26208067614264163,0.2691835265405554
2025-09-02,300750.SZ,-0.09887359198998746,0,-0.0,False,0.008607044002529318,0.26191483767495916,0.2705218816774885
2025-09-03,300750.SZ,0.4486858573216521,1,-1.0,True,0.00971220656196031,0.261171953456356,0.27088416001831633
2025-09-04,300750.SZ,0.2571964956195244,0,-0.0,False,0.01610704792839022,0.26245484840255373,0.27856189633094397
2025-09-05,300750.SZ,0.27346683354192736,0,-0.0,False,0.020895688737766645,0.2615587026615118,0.28245439139927847
2025-09-08,300750.SZ,0.21026282853566958,0,-0.0,False,0.021355256558060625,0.2619566426542709,0.2833118992123315
2025-09-09,300750.SZ,0.02941176470588236,0,-0.0,False,0.0232015496816797,0.26250480238961,0.2857063520712897
2025-09-10,300750.SZ,-0.030663329161451813,0,-0.0,False,0.025009801213158038,0.26178703546784826,0.2867968366810063
2025-09-11,300750.SZ,-0.25657071339173965,0,-0.0,False,0.021518179785495164,0.2596862334006208,0.28120441318611594
2025-09-12,300750.SZ,-0.37546933667083854,0,-0.0,False,0.01700660660928002,0.25977624380682784,0.27678285041610784
2025-09-15,300750.SZ,0.3873591989987485,1,-1.0,True,0.012727549088089532,0.2619858934960405,0.27471344258413005
2025-09-16,300750.SZ,0.18210262828535673,0,-0.0,False,0.016321498080164008,0.26415151867198866,0.2804730167521527
2025-09-17,300750.SZ,0.3410513141426783,1,-1.0,True,0.02102283428618062,0.2620134070324878,0.28303624131866845
2025-09-18,300750.SZ,0.12265331664580725,0,-0.0,False,0.02344669352260591,0.26362589083809784,0.28707258436070376
2025-09-19,300750.SZ,-0.0406758448060075,0,-0.0,False,0.025613722938819923,0.2633613447257981,0.288975067664618
2025-09-22,300750.SZ,-0.16770963704630787,0,-0.0,False,0.026937241881622227,0.26261857363893626,0.2895558155205585
2025-09-23,300750.SZ,-0.30350438047559447,0,-0.0,False,0.02861891711451738,0.26069768079761957,0.28931659791213693
2025-09-24,300750.SZ,0.27346683354192736,0,-0.0,False,0.02746988960260763,0.26186224951818854,0.2893321391207962
2025-09-25,300750.SZ,0.3623279098873592,1,-1.0,True,0.03283849129994051,0.26022797434591244,0.2930664656458529
2025-09-26,300750.SZ,0.1902377972465582,0,-0.0,False,0.03494300138128958,0.26187148063180177,0.29681448201309135
2025-09-29,300750.SZ,0.31539424280350437,1,-1.0,True,0.03634556782033253,0.262251644491239,0.29859721231157155
2025-09-30,300750.SZ,0.3241551939924906,1,-1.0,True,0.03924536529064578,0.26340439640231006,0.3026497616929558
2025-10-09,300750.SZ,0.204630788485607,0,-0.0,False,0.044818421314100326,0.2622870271729553,0.3071054484870557
2025-10-10,300750.SZ,-0.041301627033792254,0,-0.0,False,0.047938673707704285,0.2619393491646244,0.3098780228723287
2025-10-13,300750.SZ,-0.10137672090112643,0,-0.0,False,0.04517177000706762,0.2611054964397613,0.3062772664468289
2025-10-14,300750.SZ,-0.20650813516896122,0,-0.0,False,0.04478644603798764,0.2612888252958003,0.3060752713337879
2025-10-15,300750.SZ,-0.34625,0,-0.0,False,0.03991182728417779,0.26046691977595127,0.30037874706012907
2025-10-16,300750.SZ,0.083125,0,-0.0,False,0.03532945990740252,0.26239227717851216,0.29772173708591465
2025-10-17,300750.SZ,-0.016249999999999987,0,-0.0,False,0.035473922626700766,0.26241395940054574,0.2978878820272465
2025-10-20,300750.SZ,-0.179375,0,-0.0,False,0.03612171398008423,0.262187543527317,0.2983092575074012
2025-10-21,300750.SZ,0.35750000000000004,1,-1.0,True,0.032564474527285565,0.2621914253251459,0.29475589985243145
2025-10-22,300750.SZ,0.018124999999999947,0,-0.0,False,0.03252567962335908,0.2621425877750771,0.29466826739843616
2025-10-23,300750.SZ,0.291875,1,-1.0,True,0.029768408842239615,0.26052097591498646,0.2902893847572261
2025-10-24,300750.SZ,0.30500000000000005,1,-1.0,True,0.02904698288150444,0.2596657767081121,0.2887127595896165
2025-10-27,300750.SZ,0.22499999999999998,0,-0.0,False,0.030439944452097592,0.2607006051612709,0.2911405496133685
2025-10-28,300750.SZ,0.37124999999999997,1,-1.0,True,0.03265433459411931,0.26121906101504,0.2938733956091593
2025-10-29,300750.SZ,0.255,0,-0.0,False,0.037622562455439275,0.261947199442289,0.29956976189772827
2025-10-30,300750.SZ,0.08250000000000002,0,-0.0,False,0.04324067022486284,0.2592838739940591,0.30252454421892194
2025-10-31,300750.SZ,-0.044375,0,-0.0,False,0.04220511258075256,0.25887310616276626,0.3010782187435188
2025-11-03,300750.SZ,-0.23375,0,-0.0,False,0.03969455232594889,0.25823362710477293,0.2979281794307218
2025-11-04,300750.SZ,-0.30562500000000004,0,-0.0,False,0.035402232985932175,0.25846414991959715,0.29386638290552936
2025-11-05,300750.SZ,0.36687499999999995,1,-1.0,True,0.029518891820518645,0.25812156638592865,0.2876404582064473
2025-11-06,300750.SZ,0.25875000000000004,0,-0.0,False,0.030242223587435935,0.2589498884410788,0.28919211202851475
2025-11-07,300750.SZ,0.33187500000000003,1,-1.0,True,0.029474496979248806,0.25812655051966715,0.28760104749891596
2025-11-10,300750.SZ,-0.05375000000000002,0,-0.0,False,0.029817398503893748,0.2585035765825869,0.28832097508648064
2025-11-11,300750.SZ,-0.130625,0,-0.0,False,0.027787401636725828,0.2581925944562723,0.2859799960929981
2025-11-12,300750.SZ,-0.184375,0,-0.0,False,0.025696353704395002,0.2584530182629751,0.2841493719673701
2025-11-13,300750.SZ,0.29874999999999996,1,-1.0,True,0.025219836891529505,0.2587897678870768,0.2840096047786063
2025-11-14,300750.SZ,0.19937499999999997,0,-0.0,False,0.024785443616675708,0.2582817906836983,0.283067234300374
2025-11-17,300750.SZ,0.010624999999999996,0,-0.0,False,0.023867536870643958,0.2574557642398366,0.2813233011104806
2025-11-18,300750.SZ,-0.08875,0,-0.0,False,0.022363555563208702,0.25699735644411265,0.2793609120073213
2025-11-19,300750.SZ,-0.235,0,-0.0,False,0.020652794285013217,0.25704845152312167,0.2777012458081349
2025-11-20,300750.SZ,0.17374999999999996,0,-0.0,False,0.018965973065297258,0.25806288542769207,0.2770288584929893
2025-11-21,300750.SZ,0.03874999999999995,0,-0.0,False,0.023165560575740034,0.2564283176881383,0.2795938782638783
2025-11-24,300750.SZ,-0.213125,0,-0.0,False,0.020256438812999846,0.25422710149792577,0.2744835403109256
2025-11-25,300750.SZ,-0.381875,0,-0.0,False,0.019237498232381633,0.25492025561880205,0.2741577538511837
2025-11-26,300750.SZ,0.348125,1,-1.0,True,0.01759029428501321,0.25687702014728764,0.2744673144323008
2025-11-27,300750.SZ,0.140625,0,-0.0,False,0.017797100362707447,0.257135075388859,0.2749321757515664
2025-11-28,300750.SZ,0.298125,1,-1.0,True,0.01872357018309174,0.25737758166750774,0.27610115185059947
2025-12-01,300750.SZ,0.2025,0,-0.0,False,0.01848238127331731,0.25709961481799476,0.27558199609131206
2025-12-02,300750.SZ,0.040000000000000036,0,-0.0,False,0.01964774259328389,0.2576179402172742,0.2772656828105581
2025-12-03,300750.SZ,-0.044999999999999984,0,-0.0,False,0.02123943014549776,0.25714433807904974,0.2783837682245475
2025-12-04,300750.SZ,0.41374999999999995,1,-1.0,True,0.02302086289403577,0.2559257793899264,0.27894664228396215
2025-12-05,300750.SZ,0.30937499999999996,1,-1.0,True,0.030050650905731675,0.25496634597732143,0.2850169968830531
2025-12-08,300750.SZ,0.28,0,-0.0,False,0.03170459044207253,0.256136280693828,0.2878408711359005
2025-12-09,300750.SZ,0.166875,0,-0.0,False,0.03415279428501321,0.25710004645509393,0.29125284074010716
2025-12-10,300750.SZ,0.021874999999999978,0,-0.0,False,0.03768802712815047,0.2559722194437877,0.2936602465719381
2025-12-11,300750.SZ,-0.05375000000000002,0,-0.0,False,0.040688946245797525,0.2536281689915519,0.2943171152373494
2025-12-12,300750.SZ,-0.36875,0,-0.0,False,0.04343844490889913,0.25076113908555486,0.294199583994454
2025-12-15,300750.SZ,0.08455392809587214,0,-0.0,False,0.042610403465048866,0.25196397013955674,0.2945743736046056
2025-12-16,300750.SZ,0.003994673768308976,0,-0.0,False,0.04663498388189058,0.2486965079428467,0.2953314918247373
2025-12-17,300750.SZ,-0.27230359520639147,0,-0.0,False,0.049509181920868915,0.2461601050165603,0.2956692869374292
2025-12-18,300750.SZ,-0.3362183754993342,0,-0.0,False,0.04585852361856966,0.2476651852124601,0.29352370883102974
2025-12-19,300750.SZ,-0.2396804260985353,0,-0.0,False,0.04222114232541567,0.250053137211587,0.2922742795370027
2025-12-22,300750.SZ,-0.3881491344873502,0,-0.0,False,0.04060713877459454,0.2512495649651268,0.29185670373972133
2025-12-23,300750.SZ,-0.42154255319148937,0,-0.0,False,0.03875217992133436,0.2535951831951961,0.2923473631165304
2025-12-24,300750.SZ,0.020639147802929414,0,-0.0,False,0.0376028406243214,0.2553748148702099,0.2929776554945313
2025-12-25,300750.SZ,-0.16887417218543044,0,-0.0,False,0.04080967595499161,0.25268911073907163,0.29349878669406326
2025-12-26,300750.SZ,-0.37101063829787234,0,-0.0,False,0.04093777169412282,0.2525779363564616,0.2935157080505844
2025-12-29,300750.SZ,-0.4634308510638298,0,-0.0,False,0.034957127486084996,0.25377183593282343,0.2887289634189084
2025-12-30,300750.SZ,0.003994673768308976,0,-0.0,False,0.027963250011153882,0.25585481592634973,0.28381806593750364
