信号日,股票代码,因子值,分组,目标仓位,是否触发,滚动均值,滚动标准差,历史阈值
2018-06-19,300750.SZ,,0,-0.0,False,,,
2018-06-20,300750.SZ,,0,-0.0,False,,,
2018-06-21,300750.SZ,,0,-0.0,False,,,
2018-06-22,300750.SZ,,0,-0.0,False,,,
2018-06-25,300750.SZ,,0,-0.0,False,,,
2018-06-26,300750.SZ,,0,-0.0,False,,,
2018-06-27,300750.SZ,,0,-0.0,False,,,
2018-06-28,300750.SZ,,0,-0.0,False,,,
2018-06-29,300750.SZ,,0,-0.0,False,,,
2018-07-02,300750.SZ,,0,-0.0,False,,,
2018-07-03,300750.SZ,,0,-0.0,False,,,
2018-07-04,300750.SZ,,0,-0.0,False,,,
2018-07-05,300750.SZ,,0,-0.0,False,,,
2018-07-06,300750.SZ,,0,-0.0,False,,,
2018-07-09,300750.SZ,,0,-0.0,False,,,
2018-07-10,300750.SZ,,0,-0.0,False,,,
2018-07-11,300750.SZ,,0,-0.0,False,,,
2018-07-12,300750.SZ,,0,-0.0,False,,,
2018-07-13,300750.SZ,,0,-0.0,False,,,
2018-07-16,300750.SZ,,0,-0.0,False,,,
2018-07-17,300750.SZ,,0,-0.0,False,,,
2018-07-18,300750.SZ,,0,-0.0,False,,,
2018-07-19,300750.SZ,,0,-0.0,False,,,
2018-07-20,300750.SZ,,0,-0.0,False,,,
2018-07-23,300750.SZ,,0,-0.0,False,,,
2018-07-24,300750.SZ,,0,-0.0,False,,,
2018-07-25,300750.SZ,,0,-0.0,False,,,
2018-07-26,300750.SZ,,0,-0.0,False,,,
2018-07-27,300750.SZ,,0,-0.0,False,,,
2018-07-30,300750.SZ,,0,-0.0,False,,,
2018-07-31,300750.SZ,,0,-0.0,False,,,
2018-08-01,300750.SZ,,0,-0.0,False,,,
2018-08-02,300750.SZ,,0,-0.0,False,,,
2018-08-03,300750.SZ,,0,-0.0,False,,,
2018-08-06,300750.SZ,,0,-0.0,False,,,
2018-08-07,300750.SZ,,0,-0.0,False,,,
2018-08-08,300750.SZ,,0,-0.0,False,,,
2018-08-09,300750.SZ,,0,-0.0,False,,,
2018-08-10,300750.SZ,,0,-0.0,False,,,
2018-08-13,300750.SZ,,0,-0.0,False,,,
2018-08-14,300750.SZ,,0,-0.0,False,,,
2018-08-15,300750.SZ,,0,-0.0,False,,,
2018-08-16,300750.SZ,,0,-0.0,False,,,
2018-08-17,300750.SZ,,0,-0.0,False,,,
2018-08-20,300750.SZ,,0,-0.0,False,,,
2018-08-21,300750.SZ,,0,-0.0,False,,,
2018-08-22,300750.SZ,,0,-0.0,False,,,
2018-08-23,300750.SZ,,0,-0.0,False,,,
2018-08-24,300750.SZ,,0,-0.0,False,,,
2018-08-27,300750.SZ,,0,-0.0,False,,,
2018-08-28,300750.SZ,,0,-0.0,False,,,
2018-08-29,300750.SZ,,0,-0.0,False,,,
2018-08-30,300750.SZ,,0,-0.0,False,,,
2018-08-31,300750.SZ,,0,-0.0,False,,,
2018-09-03,300750.SZ,,0,-0.0,False,,,
2018-09-04,300750.SZ,,0,-0.0,False,,,
2018-09-05,300750.SZ,,0,-0.0,False,,,
2018-09-06,300750.SZ,,0,-0.0,False,,,
2018-09-07,300750.SZ,,0,-0.0,False,,,
2018-09-10,300750.SZ,,0,-0.0,False,,,
2018-09-11,300750.SZ,,0,-0.0,False,,,
2018-09-12,300750.SZ,,0,-0.0,False,,,
2018-09-13,300750.SZ,,0,-0.0,False,,,
2018-09-14,300750.SZ,,0,-0.0,False,,,
2018-09-17,300750.SZ,,0,-0.0,False,,,
2018-09-18,300750.SZ,,0,-0.0,False,,,
2018-09-19,300750.SZ,,0,-0.0,False,,,
2018-09-20,300750.SZ,,0,-0.0,False,,,
2018-09-21,300750.SZ,,0,-0.0,False,,,
2018-09-25,300750.SZ,,0,-0.0,False,,,
2018-09-26,300750.SZ,,0,-0.0,False,,,
2018-09-27,300750.SZ,,0,-0.0,False,,,
2018-09-28,300750.SZ,,0,-0.0,False,,,
2018-10-08,300750.SZ,,0,-0.0,False,,,
2018-10-09,300750.SZ,,0,-0.0,False,,,
2018-10-10,300750.SZ,,0,-0.0,False,,,
2018-10-11,300750.SZ,,0,-0.0,False,,,
2018-10-12,300750.SZ,,0,-0.0,False,,,
2018-10-15,300750.SZ,,0,-0.0,False,,,
2018-10-16,300750.SZ,,0,-0.0,False,,,
2018-10-17,300750.SZ,,0,-0.0,False,,,
2018-10-18,300750.SZ,,0,-0.0,False,,,
2018-10-19,300750.SZ,,0,-0.0,False,,,
2018-10-22,300750.SZ,,0,-0.0,False,,,
2018-10-23,300750.SZ,,0,-0.0,False,,,
2018-10-24,300750.SZ,,0,-0.0,False,,,
2018-10-25,300750.SZ,,0,-0.0,False,,,
2018-10-26,300750.SZ,,0,-0.0,False,,,
2018-10-29,300750.SZ,,0,-0.0,False,,,
2018-10-30,300750.SZ,,0,-0.0,False,,,
2018-10-31,300750.SZ,,0,-0.0,False,,,
2018-11-01,300750.SZ,,0,-0.0,False,,,
2018-11-02,300750.SZ,,0,-0.0,False,,,
2018-11-05,300750.SZ,,0,-0.0,False,,,
2018-11-06,300750.SZ,,0,-0.0,False,,,
2018-11-07,300750.SZ,,0,-0.0,False,,,
2018-11-08,300750.SZ,,0,-0.0,False,,,
2018-11-09,300750.SZ,,0,-0.0,False,,,
2018-11-12,300750.SZ,,0,-0.0,False,,,
2018-11-13,300750.SZ,,0,-0.0,False,,,
2018-11-14,300750.SZ,,0,-0.0,False,,,
2018-11-15,300750.SZ,,0,-0.0,False,,,
2018-11-16,300750.SZ,,0,-0.0,False,,,
2018-11-19,300750.SZ,,0,-0.0,False,,,
2018-11-20,300750.SZ,,0,-0.0,False,,,
2018-11-21,300750.SZ,,0,-0.0,False,,,
2018-11-22,300750.SZ,,0,-0.0,False,,,
2018-11-23,300750.SZ,,0,-0.0,False,,,
2018-11-26,300750.SZ,,0,-0.0,False,,,
2018-11-27,300750.SZ,,0,-0.0,False,,,
2018-11-28,300750.SZ,,0,-0.0,False,,,
2018-11-29,300750.SZ,,0,-0.0,False,,,
2018-11-30,300750.SZ,,0,-0.0,False,,,
2018-12-03,300750.SZ,,0,-0.0,False,,,
2018-12-04,300750.SZ,,0,-0.0,False,,,
2018-12-05,300750.SZ,,0,-0.0,False,,,
2018-12-06,300750.SZ,,0,-0.0,False,,,
2018-12-07,300750.SZ,,0,-0.0,False,,,
2018-12-10,300750.SZ,,0,-0.0,False,,,
2018-12-11,300750.SZ,,0,-0.0,False,,,
2018-12-12,300750.SZ,,0,-0.0,False,,,
2018-12-13,300750.SZ,,0,-0.0,False,,,
2018-12-14,300750.SZ,,0,-0.0,False,,,
2018-12-17,300750.SZ,,0,-0.0,False,,,
2018-12-18,300750.SZ,,0,-0.0,False,,,
2018-12-19,300750.SZ,,0,-0.0,False,,,
2018-12-20,300750.SZ,,0,-0.0,False,,,
2018-12-21,300750.SZ,,0,-0.0,False,,,
2018-12-24,300750.SZ,,0,-0.0,False,,,
2018-12-25,300750.SZ,,0,-0.0,False,,,
2018-12-26,300750.SZ,,0,-0.0,False,,,
2018-12-27,300750.SZ,,0,-0.0,False,,,
2018-12-28,300750.SZ,,0,-0.0,False,,,
2019-01-02,300750.SZ,,0,-0.0,False,,,
2019-01-03,300750.SZ,,0,-0.0,False,,,
2019-01-04,300750.SZ,,0,-0.0,False,,,
2019-01-07,300750.SZ,,0,-0.0,False,,,
2019-01-08,300750.SZ,,0,-0.0,False,,,
2019-01-09,300750.SZ,,0,-0.0,False,,,
2019-01-10,300750.SZ,,0,-0.0,False,,,
2019-01-11,300750.SZ,,0,-0.0,False,,,
2019-01-14,300750.SZ,,0,-0.0,False,,,
2019-01-15,300750.SZ,,0,-0.0,False,,,
2019-01-16,300750.SZ,,0,-0.0,False,,,
2019-01-17,300750.SZ,,0,-0.0,False,,,
2019-01-18,300750.SZ,,0,-0.0,False,,,
2019-01-21,300750.SZ,,0,-0.0,False,,,
2019-01-22,300750.SZ,,0,-0.0,False,,,
2019-01-23,300750.SZ,,0,-0.0,False,,,
2019-01-24,300750.SZ,,0,-0.0,False,,,
2019-01-25,300750.SZ,,0,-0.0,False,,,
2019-01-28,300750.SZ,,0,-0.0,False,,,
2019-01-29,300750.SZ,,0,-0.0,False,,,
2019-01-30,300750.SZ,,0,-0.0,False,,,
2019-01-31,300750.SZ,,0,-0.0,False,,,
2019-02-01,300750.SZ,,0,-0.0,False,,,
2019-02-11,300750.SZ,,0,-0.0,False,,,
2019-02-12,300750.SZ,,0,-0.0,False,,,
2019-02-13,300750.SZ,,0,-0.0,False,,,
2019-02-14,300750.SZ,,0,-0.0,False,,,
2019-02-15,300750.SZ,,0,-0.0,False,,,
2019-02-18,300750.SZ,,0,-0.0,False,,,
2019-02-19,300750.SZ,,0,-0.0,False,,,
2019-02-20,300750.SZ,,0,-0.0,False,,,
2019-02-21,300750.SZ,,0,-0.0,False,,,
2019-02-22,300750.SZ,,0,-0.0,False,,,
2019-02-25,300750.SZ,,0,-0.0,False,,,
2019-02-26,300750.SZ,,0,-0.0,False,,,
2019-02-27,300750.SZ,,0,-0.0,False,,,
2019-02-28,300750.SZ,,0,-0.0,False,,,
2019-03-01,300750.SZ,,0,-0.0,False,,,
2019-03-04,300750.SZ,,0,-0.0,False,,,
2019-03-05,300750.SZ,,0,-0.0,False,,,
2019-03-06,300750.SZ,,0,-0.0,False,,,
2019-03-07,300750.SZ,,0,-0.0,False,,,
2019-03-08,300750.SZ,,0,-0.0,False,,,
2019-03-11,300750.SZ,,0,-0.0,False,,,
2019-03-12,300750.SZ,,0,-0.0,False,,,
2019-03-13,300750.SZ,,0,-0.0,False,,,
2019-03-14,300750.SZ,,0,-0.0,False,,,
2019-03-15,300750.SZ,,0,-0.0,False,,,
2019-03-18,300750.SZ,,0,-0.0,False,,,
2019-03-19,300750.SZ,,0,-0.0,False,,,
2019-03-20,300750.SZ,,0,-0.0,False,,,
2019-03-21,300750.SZ,,0,-0.0,False,,,
2019-03-22,300750.SZ,,0,-0.0,False,,,
2019-03-25,300750.SZ,,0,-0.0,False,,,
2019-03-26,300750.SZ,,0,-0.0,False,,,
2019-03-27,300750.SZ,,0,-0.0,False,,,
2019-03-28,300750.SZ,,0,-0.0,False,,,
2019-03-29,300750.SZ,,0,-0.0,False,,,
2019-04-01,300750.SZ,,0,-0.0,False,,,
2019-04-02,300750.SZ,,0,-0.0,False,,,
2019-04-03,300750.SZ,,0,-0.0,False,,,
2019-04-04,300750.SZ,,0,-0.0,False,,,
2019-04-08,300750.SZ,,0,-0.0,False,,,
2019-04-09,300750.SZ,,0,-0.0,False,,,
2019-04-10,300750.SZ,,0,-0.0,False,,,
2019-04-11,300750.SZ,,0,-0.0,False,,,
2019-04-12,300750.SZ,,0,-0.0,False,,,
2019-04-15,300750.SZ,,0,-0.0,False,,,
2019-04-16,300750.SZ,,0,-0.0,False,,,
2019-04-17,300750.SZ,,0,-0.0,False,,,
2019-04-18,300750.SZ,,0,-0.0,False,,,
2019-04-19,300750.SZ,,0,-0.0,False,,,
2019-04-22,300750.SZ,,0,-0.0,False,,,
2019-04-23,300750.SZ,,0,-0.0,False,,,
2019-04-24,300750.SZ,,0,-0.0,False,,,
2019-04-25,300750.SZ,,0,-0.0,False,,,
2019-04-26,300750.SZ,,0,-0.0,False,,,
2019-04-29,300750.SZ,,0,-0.0,False,,,
2019-04-30,300750.SZ,,0,-0.0,False,,,
2019-05-06,300750.SZ,,0,-0.0,False,,,
2019-05-07,300750.SZ,,0,-0.0,False,,,
2019-05-08,300750.SZ,,0,-0.0,False,,,
2019-05-09,300750.SZ,,0,-0.0,False,,,
2019-05-10,300750.SZ,,0,-0.0,False,,,
2019-05-13,300750.SZ,,0,-0.0,False,,,
2019-05-14,300750.SZ,,0,-0.0,False,,,
2019-05-15,300750.SZ,,0,-0.0,False,,,
2019-05-16,300750.SZ,,0,-0.0,False,,,
2019-05-17,300750.SZ,,0,-0.0,False,,,
2019-05-20,300750.SZ,,0,-0.0,False,,,
2019-05-21,300750.SZ,,0,-0.0,False,,,
2019-05-22,300750.SZ,,0,-0.0,False,,,
2019-05-23,300750.SZ,,0,-0.0,False,,,
2019-05-24,300750.SZ,,0,-0.0,False,,,
2019-05-27,300750.SZ,,0,-0.0,False,,,
2019-05-28,300750.SZ,,0,-0.0,False,,,
2019-05-29,300750.SZ,,0,-0.0,False,,,
2019-05-30,300750.SZ,,0,-0.0,False,,,
2019-05-31,300750.SZ,,0,-0.0,False,,,
2019-06-03,300750.SZ,,0,-0.0,False,,,
2019-06-04,300750.SZ,,0,-0.0,False,,,
2019-06-05,300750.SZ,,0,-0.0,False,,,
2019-06-06,300750.SZ,,0,-0.0,False,,,
2019-06-10,300750.SZ,,0,-0.0,False,,,
2019-06-11,300750.SZ,,0,-0.0,False,,,
2019-06-12,300750.SZ,,0,-0.0,False,,,
2019-06-13,300750.SZ,,0,-0.0,False,,,
2019-06-14,300750.SZ,,0,-0.0,False,,,
2019-06-17,300750.SZ,,0,-0.0,False,,,
2019-06-18,300750.SZ,,0,-0.0,False,,,
2019-06-19,300750.SZ,,0,-0.0,False,,,
2019-06-20,300750.SZ,,0,-0.0,False,,,
2019-06-21,300750.SZ,,0,-0.0,False,,,
2019-06-24,300750.SZ,,0,-0.0,False,,,
2019-06-25,300750.SZ,,0,-0.0,False,,,
2019-06-26,300750.SZ,,0,-0.0,False,,,
2019-06-27,300750.SZ,,0,-0.0,False,,,
2019-06-28,300750.SZ,,0,-0.0,False,,,
2019-07-01,300750.SZ,,0,-0.0,False,,,
2019-07-02,300750.SZ,,0,-0.0,False,,,
2019-07-03,300750.SZ,,0,-0.0,False,,,
2019-07-04,300750.SZ,,0,-0.0,False,,,
2019-07-05,300750.SZ,,0,-0.0,False,,,
2019-07-08,300750.SZ,,0,-0.0,False,,,
2019-07-09,300750.SZ,,0,-0.0,False,,,
2019-07-10,300750.SZ,,0,-0.0,False,,,
2019-07-11,300750.SZ,,0,-0.0,False,,,
2019-07-12,300750.SZ,,0,-0.0,False,,,
2019-07-15,300750.SZ,,0,-0.0,False,,,
2019-07-16,300750.SZ,,0,-0.0,False,,,
2019-07-17,300750.SZ,,0,-0.0,False,,,
2019-07-18,300750.SZ,,0,-0.0,False,,,
2019-07-19,300750.SZ,,0,-0.0,False,,,
2019-07-22,300750.SZ,,0,-0.0,False,,,
2019-07-23,300750.SZ,,0,-0.0,False,,,
2019-07-24,300750.SZ,,0,-0.0,False,,,
2019-07-25,300750.SZ,,0,-0.0,False,,,
2019-07-26,300750.SZ,,0,-0.0,False,,,
2019-07-29,300750.SZ,,0,-0.0,False,,,
2019-07-30,300750.SZ,,0,-0.0,False,,,
2019-07-31,300750.SZ,,0,-0.0,False,,,
2019-08-01,300750.SZ,,0,-0.0,False,,,
2019-08-02,300750.SZ,,0,-0.0,False,,,
2019-08-05,300750.SZ,,0,-0.0,False,,,
2019-08-06,300750.SZ,,0,-0.0,False,,,
2019-08-07,300750.SZ,,0,-0.0,False,,,
2019-08-08,300750.SZ,,0,-0.0,False,,,
2019-08-09,300750.SZ,,0,-0.0,False,,,
2019-08-12,300750.SZ,,0,-0.0,False,,,
2019-08-13,300750.SZ,,0,-0.0,False,,,
2019-08-14,300750.SZ,,0,-0.0,False,,,
2019-08-15,300750.SZ,,0,-0.0,False,,,
2019-08-16,300750.SZ,,0,-0.0,False,,,
2019-08-19,300750.SZ,,0,-0.0,False,,,
2019-08-20,300750.SZ,,0,-0.0,False,,,
2019-08-21,300750.SZ,,0,-0.0,False,,,
2019-08-22,300750.SZ,,0,-0.0,False,,,
2019-08-23,300750.SZ,,0,-0.0,False,,,
2019-08-26,300750.SZ,,0,-0.0,False,,,
2019-08-27,300750.SZ,,0,-0.0,False,,,
2019-08-28,300750.SZ,,0,-0.0,False,,,
2019-08-29,300750.SZ,,0,-0.0,False,,,
2019-08-30,300750.SZ,,0,-0.0,False,,,
2019-09-02,300750.SZ,,0,-0.0,False,,,
2019-09-03,300750.SZ,,0,-0.0,False,,,
2019-09-04,300750.SZ,,0,-0.0,False,,,
2019-09-05,300750.SZ,,0,-0.0,False,,,
2019-09-06,300750.SZ,,0,-0.0,False,,,
2019-09-09,300750.SZ,,0,-0.0,False,,,
2019-09-10,300750.SZ,,0,-0.0,False,,,
2019-09-11,300750.SZ,,0,-0.0,False,,,
2019-09-12,300750.SZ,,0,-0.0,False,,,
2019-09-16,300750.SZ,,0,-0.0,False,,,
2019-09-17,300750.SZ,,0,-0.0,False,,,
2019-09-18,300750.SZ,,0,-0.0,False,,,
2019-09-19,300750.SZ,,0,-0.0,False,,,
2019-09-20,300750.SZ,,0,-0.0,False,,,
2019-09-23,300750.SZ,,0,-0.0,False,,,
2019-09-24,300750.SZ,,0,-0.0,False,,,
2019-09-25,300750.SZ,,0,-0.0,False,,,
2019-09-26,300750.SZ,,0,-0.0,False,,,
2019-09-27,300750.SZ,,0,-0.0,False,,,
2019-09-30,300750.SZ,,0,-0.0,False,,,
2019-10-08,300750.SZ,,0,-0.0,False,,,
2019-10-09,300750.SZ,,0,-0.0,False,,,
2019-10-10,300750.SZ,,0,-0.0,False,,,
2019-10-11,300750.SZ,,0,-0.0,False,,,
2019-10-14,300750.SZ,,0,-0.0,False,,,
2019-10-15,300750.SZ,,0,-0.0,False,,,
2019-10-16,300750.SZ,,0,-0.0,False,,,
2019-10-17,300750.SZ,,0,-0.0,False,,,
2019-10-18,300750.SZ,,0,-0.0,False,,,
2019-10-21,300750.SZ,,0,-0.0,False,,,
2019-10-22,300750.SZ,,0,-0.0,False,,,
2019-10-23,300750.SZ,,0,-0.0,False,,,
2019-10-24,300750.SZ,,0,-0.0,False,,,
2019-10-25,300750.SZ,,0,-0.0,False,,,
2019-10-28,300750.SZ,,0,-0.0,False,,,
2019-10-29,300750.SZ,,0,-0.0,False,,,
2019-10-30,300750.SZ,,0,-0.0,False,,,
2019-10-31,300750.SZ,,0,-0.0,False,,,
2019-11-01,300750.SZ,,0,-0.0,False,,,
2019-11-04,300750.SZ,,0,-0.0,False,,,
2019-11-05,300750.SZ,,0,-0.0,False,,,
2019-11-06,300750.SZ,,0,-0.0,False,,,
2019-11-07,300750.SZ,,0,-0.0,False,,,
2019-11-08,300750.SZ,,0,-0.0,False,,,
2019-11-11,300750.SZ,,0,-0.0,False,,,
2019-11-12,300750.SZ,,0,-0.0,False,,,
2019-11-13,300750.SZ,,0,-0.0,False,,,
2019-11-14,300750.SZ,,0,-0.0,False,,,
2019-11-15,300750.SZ,,0,-0.0,False,,,
2019-11-18,300750.SZ,,0,-0.0,False,,,
2019-11-19,300750.SZ,,0,-0.0,False,,,
2019-11-20,300750.SZ,,0,-0.0,False,,,
2019-11-21,300750.SZ,,0,-0.0,False,,,
2019-11-22,300750.SZ,,0,-0.0,False,,,
2019-11-25,300750.SZ,,0,-0.0,False,,,
2019-11-26,300750.SZ,,0,-0.0,False,,,
2019-11-27,300750.SZ,,0,-0.0,False,,,
2019-11-28,300750.SZ,,0,-0.0,False,,,
2019-11-29,300750.SZ,,0,-0.0,False,,,
2019-12-02,300750.SZ,,0,-0.0,False,,,
2019-12-03,300750.SZ,,0,-0.0,False,,,
2019-12-04,300750.SZ,,0,-0.0,False,,,
2019-12-05,300750.SZ,,0,-0.0,False,,,
2019-12-06,300750.SZ,,0,-0.0,False,,,
2019-12-09,300750.SZ,,0,-0.0,False,,,
2019-12-10,300750.SZ,,0,-0.0,False,,,
2019-12-11,300750.SZ,,0,-0.0,False,,,
2019-12-12,300750.SZ,,0,-0.0,False,,,
2019-12-13,300750.SZ,,0,-0.0,False,,,
2019-12-16,300750.SZ,,0,-0.0,False,,,
2019-12-17,300750.SZ,,0,-0.0,False,,,
2019-12-18,300750.SZ,,0,-0.0,False,,,
2019-12-19,300750.SZ,,0,-0.0,False,,,
2019-12-20,300750.SZ,,0,-0.0,False,,,
2019-12-23,300750.SZ,,0,-0.0,False,,,
2019-12-24,300750.SZ,,0,-0.0,False,,,
2019-12-25,300750.SZ,,0,-0.0,False,,,
2019-12-26,300750.SZ,,0,-0.0,False,,,
2019-12-27,300750.SZ,,0,-0.0,False,,,
2019-12-30,300750.SZ,,0,-0.0,False,,,
2019-12-31,300750.SZ,,0,-0.0,False,,,
2020-01-02,300750.SZ,,0,-0.0,False,,,
2020-01-03,300750.SZ,,0,-0.0,False,,,
2020-01-06,300750.SZ,,0,-0.0,False,,,
2020-01-07,300750.SZ,,0,-0.0,False,,,
2020-01-08,300750.SZ,,0,-0.0,False,,,
2020-01-09,300750.SZ,,0,-0.0,False,,,
2020-01-10,300750.SZ,,0,-0.0,False,,,
2020-01-13,300750.SZ,,0,-0.0,False,,,
2020-01-14,300750.SZ,,0,-0.0,False,,,
2020-01-15,300750.SZ,,0,-0.0,False,,,
2020-01-16,300750.SZ,,0,-0.0,False,,,
2020-01-17,300750.SZ,,0,-0.0,False,,,
2020-01-20,300750.SZ,,0,-0.0,False,,,
2020-01-21,300750.SZ,,0,-0.0,False,,,
2020-01-22,300750.SZ,,0,-0.0,False,,,
2020-01-23,300750.SZ,,0,-0.0,False,,,
2020-02-03,300750.SZ,,0,-0.0,False,,,
2020-02-04,300750.SZ,,0,-0.0,False,,,
2020-02-05,300750.SZ,,0,-0.0,False,,,
2020-02-06,300750.SZ,,0,-0.0,False,,,
2020-02-07,300750.SZ,,0,-0.0,False,,,
2020-02-10,300750.SZ,,0,-0.0,False,,,
2020-02-11,300750.SZ,,0,-0.0,False,,,
2020-02-12,300750.SZ,,0,-0.0,False,,,
2020-02-13,300750.SZ,,0,-0.0,False,,,
2020-02-14,300750.SZ,,0,-0.0,False,,,
2020-02-17,300750.SZ,,0,-0.0,False,,,
2020-02-18,300750.SZ,,0,-0.0,False,,,
2020-02-19,300750.SZ,,0,-0.0,False,,,
2020-02-20,300750.SZ,,0,-0.0,False,,,
2020-02-21,300750.SZ,,0,-0.0,False,,,
2020-02-24,300750.SZ,,0,-0.0,False,,,
2020-02-25,300750.SZ,,0,-0.0,False,,,
2020-02-26,300750.SZ,,0,-0.0,False,,,
2020-02-27,300750.SZ,,0,-0.0,False,,,
2020-02-28,300750.SZ,,0,-0.0,False,,,
2020-03-02,300750.SZ,,0,-0.0,False,,,
2020-03-03,300750.SZ,,0,-0.0,False,,,
2020-03-04,300750.SZ,,0,-0.0,False,,,
2020-03-05,300750.SZ,,0,-0.0,False,,,
2020-03-06,300750.SZ,,0,-0.0,False,,,
2020-03-09,300750.SZ,,0,-0.0,False,,,
2020-03-10,300750.SZ,,0,-0.0,False,,,
2020-03-11,300750.SZ,,0,-0.0,False,,,
2020-03-12,300750.SZ,,0,-0.0,False,,,
2020-03-13,300750.SZ,,0,-0.0,False,,,
2020-03-16,300750.SZ,,0,-0.0,False,,,
2020-03-17,300750.SZ,,0,-0.0,False,,,
2020-03-18,300750.SZ,,0,-0.0,False,,,
2020-03-19,300750.SZ,,0,-0.0,False,,,
2020-03-20,300750.SZ,,0,-0.0,False,,,
2020-03-23,300750.SZ,,0,-0.0,False,,,
2020-03-24,300750.SZ,,0,-0.0,False,,,
2020-03-25,300750.SZ,,0,-0.0,False,,,
2020-03-26,300750.SZ,,0,-0.0,False,,,
2020-03-27,300750.SZ,,0,-0.0,False,,,
2020-03-30,300750.SZ,,0,-0.0,False,,,
2020-03-31,300750.SZ,,0,-0.0,False,,,
2020-04-01,300750.SZ,,0,-0.0,False,,,
2020-04-02,300750.SZ,,0,-0.0,False,,,
2020-04-03,300750.SZ,,0,-0.0,False,,,
2020-04-07,300750.SZ,,0,-0.0,False,,,
2020-04-08,300750.SZ,,0,-0.0,False,,,
2020-04-09,300750.SZ,,0,-0.0,False,,,
2020-04-10,300750.SZ,,0,-0.0,False,,,
2020-04-13,300750.SZ,,0,-0.0,False,,,
2020-04-14,300750.SZ,,0,-0.0,False,,,
2020-04-15,300750.SZ,,0,-0.0,False,,,
2020-04-16,300750.SZ,,0,-0.0,False,,,
2020-04-17,300750.SZ,,0,-0.0,False,,,
2020-04-20,300750.SZ,,0,-0.0,False,,,
2020-04-21,300750.SZ,,0,-0.0,False,,,
2020-04-22,300750.SZ,,0,-0.0,False,,,
2020-04-23,300750.SZ,,0,-0.0,False,,,
2020-04-24,300750.SZ,,0,-0.0,False,,,
2020-04-27,300750.SZ,,0,-0.0,False,,,
2020-04-28,300750.SZ,,0,-0.0,False,,,
2020-04-29,300750.SZ,,0,-0.0,False,,,
2020-04-30,300750.SZ,,0,-0.0,False,,,
2020-05-06,300750.SZ,,0,-0.0,False,,,
2020-05-07,300750.SZ,,0,-0.0,False,,,
2020-05-08,300750.SZ,,0,-0.0,False,,,
2020-05-11,300750.SZ,,0,-0.0,False,,,
2020-05-12,300750.SZ,,0,-0.0,False,,,
2020-05-13,300750.SZ,,0,-0.0,False,,,
2020-05-14,300750.SZ,,0,-0.0,False,,,
2020-05-15,300750.SZ,,0,-0.0,False,,,
2020-05-18,300750.SZ,,0,-0.0,False,,,
2020-05-19,300750.SZ,,0,-0.0,False,,,
2020-05-20,300750.SZ,,0,-0.0,False,,,
2020-05-21,300750.SZ,,0,-0.0,False,,,
2020-05-22,300750.SZ,,0,-0.0,False,,,
2020-05-25,300750.SZ,,0,-0.0,False,,,
2020-05-26,300750.SZ,,0,-0.0,False,,,
2020-05-27,300750.SZ,,0,-0.0,False,,,
2020-05-28,300750.SZ,,0,-0.0,False,,,
2020-05-29,300750.SZ,,0,-0.0,False,,,
2020-06-01,300750.SZ,,0,-0.0,False,,,
2020-06-02,300750.SZ,,0,-0.0,False,,,
2020-06-03,300750.SZ,,0,-0.0,False,,,
2020-06-04,300750.SZ,,0,-0.0,False,,,
2020-06-05,300750.SZ,,0,-0.0,False,,,
2020-06-08,300750.SZ,,0,-0.0,False,,,
2020-06-09,300750.SZ,,0,-0.0,False,,,
2020-06-10,300750.SZ,,0,-0.0,False,,,
2020-06-11,300750.SZ,,0,-0.0,False,,,
2020-06-12,300750.SZ,,0,-0.0,False,,,
2020-06-15,300750.SZ,,0,-0.0,False,,,
2020-06-16,300750.SZ,,0,-0.0,False,,,
2020-06-17,300750.SZ,,0,-0.0,False,,,
2020-06-18,300750.SZ,,0,-0.0,False,,,
2020-06-19,300750.SZ,,0,-0.0,False,,,
2020-06-22,300750.SZ,,0,-0.0,False,,,
2020-06-23,300750.SZ,,0,-0.0,False,,,
2020-06-24,300750.SZ,,0,-0.0,False,,,
2020-06-29,300750.SZ,,0,-0.0,False,,,
2020-06-30,300750.SZ,,0,-0.0,False,,,
2020-07-01,300750.SZ,,0,-0.0,False,,,
2020-07-02,300750.SZ,,0,-0.0,False,,,
2020-07-03,300750.SZ,,0,-0.0,False,,,
2020-07-06,300750.SZ,,0,-0.0,False,,,
2020-07-07,300750.SZ,,0,-0.0,False,,,
2020-07-08,300750.SZ,,0,-0.0,False,,,
2020-07-09,300750.SZ,,0,-0.0,False,,,
2020-07-10,300750.SZ,,0,-0.0,False,,,
2020-07-13,300750.SZ,,0,-0.0,False,,,
2020-07-14,300750.SZ,,0,-0.0,False,,,
2020-07-15,300750.SZ,,0,-0.0,False,,,
2020-07-16,300750.SZ,,0,-0.0,False,,,
2020-07-17,300750.SZ,,0,-0.0,False,,,
2020-07-20,300750.SZ,,0,-0.0,False,,,
2020-07-21,300750.SZ,,0,-0.0,False,,,
2020-07-22,300750.SZ,,0,-0.0,False,,,
2020-07-23,300750.SZ,,0,-0.0,False,,,
2020-07-24,300750.SZ,,0,-0.0,False,,,
2020-07-27,300750.SZ,,0,-0.0,False,,,
2020-07-28,300750.SZ,,0,-0.0,False,,,
2020-07-29,300750.SZ,,0,-0.0,False,,,
2020-07-30,300750.SZ,,0,-0.0,False,,,
2020-07-31,300750.SZ,,0,-0.0,False,,,
2020-08-03,300750.SZ,,0,-0.0,False,,,
2020-08-04,300750.SZ,,0,-0.0,False,,,
2020-08-05,300750.SZ,,0,-0.0,False,,,
2020-08-06,300750.SZ,,0,-0.0,False,,,
2020-08-07,300750.SZ,,0,-0.0,False,,,
2020-08-10,300750.SZ,,0,-0.0,False,,,
2020-08-11,300750.SZ,,0,-0.0,False,,,
2020-08-12,300750.SZ,,0,-0.0,False,,,
2020-08-13,300750.SZ,,0,-0.0,False,,,
2020-08-14,300750.SZ,,0,-0.0,False,,,
2020-08-17,300750.SZ,,0,-0.0,False,,,
2020-08-18,300750.SZ,,0,-0.0,False,,,
2020-08-19,300750.SZ,,0,-0.0,False,,,
2020-08-20,300750.SZ,,0,-0.0,False,,,
2020-08-21,300750.SZ,,0,-0.0,False,,,
2020-08-24,300750.SZ,,0,-0.0,False,,,
2020-08-25,300750.SZ,,0,-0.0,False,,,
2020-08-26,300750.SZ,,0,-0.0,False,,,
2020-08-27,300750.SZ,,0,-0.0,False,,,
2020-08-28,300750.SZ,,0,-0.0,False,,,
2020-08-31,300750.SZ,,0,-0.0,False,,,
2020-09-01,300750.SZ,,0,-0.0,False,,,
2020-09-02,300750.SZ,,0,-0.0,False,,,
2020-09-03,300750.SZ,,0,-0.0,False,,,
2020-09-04,300750.SZ,,0,-0.0,False,,,
2020-09-07,300750.SZ,,0,-0.0,False,,,
2020-09-08,300750.SZ,,0,-0.0,False,,,
2020-09-09,300750.SZ,,0,-0.0,False,,,
2020-09-10,300750.SZ,,0,-0.0,False,,,
2020-09-11,300750.SZ,,0,-0.0,False,,,
2020-09-14,300750.SZ,,0,-0.0,False,,,
2020-09-15,300750.SZ,,0,-0.0,False,,,
2020-09-16,300750.SZ,,0,-0.0,False,,,
2020-09-17,300750.SZ,,0,-0.0,False,,,
2020-09-18,300750.SZ,,0,-0.0,False,,,
2020-09-21,300750.SZ,,0,-0.0,False,,,
2020-09-22,300750.SZ,,0,-0.0,False,,,
2020-09-23,300750.SZ,,0,-0.0,False,,,
2020-09-24,300750.SZ,,0,-0.0,False,,,
2020-09-25,300750.SZ,,0,-0.0,False,,,
2020-09-28,300750.SZ,,0,-0.0,False,,,
2020-09-29,300750.SZ,,0,-0.0,False,,,
2020-09-30,300750.SZ,,0,-0.0,False,,,
2020-10-09,300750.SZ,,0,-0.0,False,,,
2020-10-12,300750.SZ,,0,-0.0,False,,,
2020-10-13,300750.SZ,,0,-0.0,False,,,
2020-10-14,300750.SZ,,0,-0.0,False,,,
2020-10-15,300750.SZ,,0,-0.0,False,,,
2020-10-16,300750.SZ,,0,-0.0,False,,,
2020-10-19,300750.SZ,,0,-0.0,False,,,
2020-10-20,300750.SZ,,0,-0.0,False,,,
2020-10-21,300750.SZ,,0,-0.0,False,,,
2020-10-22,300750.SZ,,0,-0.0,False,,,
2020-10-23,300750.SZ,,0,-0.0,False,,,
2020-10-26,300750.SZ,,0,-0.0,False,,,
2020-10-27,300750.SZ,,0,-0.0,False,,,
2020-10-28,300750.SZ,,0,-0.0,False,,,
2020-10-29,300750.SZ,,0,-0.0,False,,,
2020-10-30,300750.SZ,,0,-0.0,False,,,
2020-11-02,300750.SZ,,0,-0.0,False,,,
2020-11-03,300750.SZ,,0,-0.0,False,,,
2020-11-04,300750.SZ,,0,-0.0,False,,,
2020-11-05,300750.SZ,,0,-0.0,False,,,
2020-11-06,300750.SZ,,0,-0.0,False,,,
2020-11-09,300750.SZ,,0,-0.0,False,,,
2020-11-10,300750.SZ,,0,-0.0,False,,,
2020-11-11,300750.SZ,,0,-0.0,False,,,
2020-11-12,300750.SZ,,0,-0.0,False,,,
2020-11-13,300750.SZ,,0,-0.0,False,,,
2020-11-16,300750.SZ,,0,-0.0,False,,,
2020-11-17,300750.SZ,,0,-0.0,False,,,
2020-11-18,300750.SZ,,0,-0.0,False,,,
2020-11-19,300750.SZ,,0,-0.0,False,,,
2020-11-20,300750.SZ,,0,-0.0,False,,,
2020-11-23,300750.SZ,,0,-0.0,False,,,
2020-11-24,300750.SZ,,0,-0.0,False,,,
2020-11-25,300750.SZ,,0,-0.0,False,,,
2020-11-26,300750.SZ,,0,-0.0,False,,,
2020-11-27,300750.SZ,,0,-0.0,False,,,
2020-11-30,300750.SZ,,0,-0.0,False,,,
2020-12-01,300750.SZ,,0,-0.0,False,,,
2020-12-02,300750.SZ,,0,-0.0,False,,,
2020-12-03,300750.SZ,,0,-0.0,False,,,
2020-12-04,300750.SZ,,0,-0.0,False,,,
2020-12-07,300750.SZ,,0,-0.0,False,,,
2020-12-08,300750.SZ,,0,-0.0,False,,,
2020-12-09,300750.SZ,,0,-0.0,False,,,
2020-12-10,300750.SZ,,0,-0.0,False,,,
2020-12-11,300750.SZ,,0,-0.0,False,,,
2020-12-14,300750.SZ,,0,-0.0,False,,,
2020-12-15,300750.SZ,,0,-0.0,False,,,
2020-12-16,300750.SZ,,0,-0.0,False,,,
2020-12-17,300750.SZ,,0,-0.0,False,,,
2020-12-18,300750.SZ,,0,-0.0,False,,,
2020-12-21,300750.SZ,,0,-0.0,False,,,
2020-12-22,300750.SZ,,0,-0.0,False,,,
2020-12-23,300750.SZ,,0,-0.0,False,,,
2020-12-24,300750.SZ,,0,-0.0,False,,,
2020-12-25,300750.SZ,,0,-0.0,False,,,
2020-12-28,300750.SZ,,0,-0.0,False,,,
2020-12-29,300750.SZ,,0,-0.0,False,,,
2020-12-30,300750.SZ,,0,-0.0,False,,,
2020-12-31,300750.SZ,,0,-0.0,False,,,
2021-01-04,300750.SZ,,0,-0.0,False,,,
2021-01-05,300750.SZ,,0,-0.0,False,,,
2021-01-06,300750.SZ,,0,-0.0,False,,,
2021-01-07,300750.SZ,,0,-0.0,False,,,
2021-01-08,300750.SZ,,0,-0.0,False,,,
2021-01-11,300750.SZ,,0,-0.0,False,,,
2021-01-12,300750.SZ,,0,-0.0,False,,,
2021-01-13,300750.SZ,,0,-0.0,False,,,
2021-01-14,300750.SZ,,0,-0.0,False,,,
2021-01-15,300750.SZ,,0,-0.0,False,,,
2021-01-18,300750.SZ,,0,-0.0,False,,,
2021-01-19,300750.SZ,,0,-0.0,False,,,
2021-01-20,300750.SZ,,0,-0.0,False,,,
2021-01-21,300750.SZ,,0,-0.0,False,,,
2021-01-22,300750.SZ,,0,-0.0,False,,,
2021-01-25,300750.SZ,,0,-0.0,False,,,
2021-01-26,300750.SZ,,0,-0.0,False,,,
2021-01-27,300750.SZ,,0,-0.0,False,,,
2021-01-28,300750.SZ,,0,-0.0,False,,,
2021-01-29,300750.SZ,,0,-0.0,False,,,
2021-02-01,300750.SZ,,0,-0.0,False,,,
2021-02-02,300750.SZ,,0,-0.0,False,,,
2021-02-03,300750.SZ,,0,-0.0,False,,,
2021-02-04,300750.SZ,,0,-0.0,False,,,
2021-02-05,300750.SZ,,0,-0.0,False,,,
2021-02-08,300750.SZ,,0,-0.0,False,,,
2021-02-09,300750.SZ,,0,-0.0,False,,,
2021-02-10,300750.SZ,,0,-0.0,False,,,
2021-02-18,300750.SZ,,0,-0.0,False,,,
2021-02-19,300750.SZ,,0,-0.0,False,,,
2021-02-22,300750.SZ,,0,-0.0,False,,,
2021-02-23,300750.SZ,,0,-0.0,False,,,
2021-02-24,300750.SZ,,0,-0.0,False,,,
2021-02-25,300750.SZ,,0,-0.0,False,,,
2021-02-26,300750.SZ,,0,-0.0,False,,,
2021-03-01,300750.SZ,,0,-0.0,False,,,
2021-03-02,300750.SZ,,0,-0.0,False,,,
2021-03-03,300750.SZ,,0,-0.0,False,,,
2021-03-04,300750.SZ,,0,-0.0,False,,,
2021-03-05,300750.SZ,,0,-0.0,False,,,
2021-03-08,300750.SZ,,0,-0.0,False,,,
2021-03-09,300750.SZ,,0,-0.0,False,,,
2021-03-10,300750.SZ,,0,-0.0,False,,,
2021-03-11,300750.SZ,,0,-0.0,False,,,
2021-03-12,300750.SZ,,0,-0.0,False,,,
2021-03-15,300750.SZ,,0,-0.0,False,,,
2021-03-16,300750.SZ,,0,-0.0,False,,,
2021-03-17,300750.SZ,,0,-0.0,False,,,
2021-03-18,300750.SZ,,0,-0.0,False,,,
2021-03-19,300750.SZ,,0,-0.0,False,,,
2021-03-22,300750.SZ,,0,-0.0,False,,,
2021-03-23,300750.SZ,,0,-0.0,False,,,
2021-03-24,300750.SZ,,0,-0.0,False,,,
2021-03-25,300750.SZ,,0,-0.0,False,,,
2021-03-26,300750.SZ,,0,-0.0,False,,,
2021-03-29,300750.SZ,,0,-0.0,False,,,
2021-03-30,300750.SZ,,0,-0.0,False,,,
2021-03-31,300750.SZ,,0,-0.0,False,,,
2021-04-01,300750.SZ,,0,-0.0,False,,,
2021-04-02,300750.SZ,,0,-0.0,False,,,
2021-04-06,300750.SZ,,0,-0.0,False,,,
2021-04-07,300750.SZ,,0,-0.0,False,,,
2021-04-08,300750.SZ,,0,-0.0,False,,,
2021-04-09,300750.SZ,,0,-0.0,False,,,
2021-04-12,300750.SZ,,0,-0.0,False,,,
2021-04-13,300750.SZ,,0,-0.0,False,,,
2021-04-14,300750.SZ,,0,-0.0,False,,,
2021-04-15,300750.SZ,,0,-0.0,False,,,
2021-04-16,300750.SZ,,0,-0.0,False,,,
2021-04-19,300750.SZ,,0,-0.0,False,,,
2021-04-20,300750.SZ,,0,-0.0,False,,,
2021-04-21,300750.SZ,,0,-0.0,False,,,
2021-04-22,300750.SZ,,0,-0.0,False,,,
2021-04-23,300750.SZ,,0,-0.0,False,,,
2021-04-26,300750.SZ,,0,-0.0,False,,,
2021-04-27,300750.SZ,,0,-0.0,False,,,
2021-04-28,300750.SZ,,0,-0.0,False,,,
2021-04-29,300750.SZ,,0,-0.0,False,,,
2021-04-30,300750.SZ,,0,-0.0,False,,,
2021-05-06,300750.SZ,,0,-0.0,False,,,
2021-05-07,300750.SZ,,0,-0.0,False,,,
2021-05-10,300750.SZ,,0,-0.0,False,,,
2021-05-11,300750.SZ,,0,-0.0,False,,,
2021-05-12,300750.SZ,,0,-0.0,False,,,
2021-05-13,300750.SZ,,0,-0.0,False,,,
2021-05-14,300750.SZ,,0,-0.0,False,,,
2021-05-17,300750.SZ,,0,-0.0,False,,,
2021-05-18,300750.SZ,,0,-0.0,False,,,
2021-05-19,300750.SZ,,0,-0.0,False,,,
2021-05-20,300750.SZ,,0,-0.0,False,,,
2021-05-21,300750.SZ,,0,-0.0,False,,,
2021-05-24,300750.SZ,,0,-0.0,False,,,
2021-05-25,300750.SZ,,0,-0.0,False,,,
2021-05-26,300750.SZ,,0,-0.0,False,,,
2021-05-27,300750.SZ,,0,-0.0,False,,,
2021-05-28,300750.SZ,,0,-0.0,False,,,
2021-05-31,300750.SZ,,0,-0.0,False,,,
2021-06-01,300750.SZ,,0,-0.0,False,,,
2021-06-02,300750.SZ,,0,-0.0,False,,,
2021-06-03,300750.SZ,,0,-0.0,False,,,
2021-06-04,300750.SZ,,0,-0.0,False,,,
2021-06-07,300750.SZ,,0,-0.0,False,,,
2021-06-08,300750.SZ,,0,-0.0,False,,,
2021-06-09,300750.SZ,,0,-0.0,False,,,
2021-06-10,300750.SZ,,0,-0.0,False,,,
2021-06-11,300750.SZ,,0,-0.0,False,,,
2021-06-15,300750.SZ,,0,-0.0,False,,,
2021-06-16,300750.SZ,,0,-0.0,False,,,
2021-06-17,300750.SZ,,0,-0.0,False,,,
2021-06-18,300750.SZ,,0,-0.0,False,,,
2021-06-21,300750.SZ,,0,-0.0,False,,,
2021-06-22,300750.SZ,,0,-0.0,False,,,
2021-06-23,300750.SZ,,0,-0.0,False,,,
2021-06-24,300750.SZ,,0,-0.0,False,,,
2021-06-25,300750.SZ,,0,-0.0,False,,,
2021-06-28,300750.SZ,,0,-0.0,False,,,
2021-06-29,300750.SZ,,0,-0.0,False,,,
2021-06-30,300750.SZ,,0,-0.0,False,,,
2021-07-01,300750.SZ,,0,-0.0,False,,,
2021-07-02,300750.SZ,,0,-0.0,False,,,
2021-07-05,300750.SZ,,0,-0.0,False,,,
2021-07-06,300750.SZ,,0,-0.0,False,,,
2021-07-07,300750.SZ,,0,-0.0,False,,,
2021-07-08,300750.SZ,,0,-0.0,False,,,
2021-07-09,300750.SZ,,0,-0.0,False,,,
2021-07-12,300750.SZ,,0,-0.0,False,,,
2021-07-13,300750.SZ,,0,-0.0,False,,,
2021-07-14,300750.SZ,,0,-0.0,False,,,
2021-07-15,300750.SZ,,0,-0.0,False,,,
2021-07-16,300750.SZ,,0,-0.0,False,,,
2021-07-19,300750.SZ,,0,-0.0,False,,,
2021-07-20,300750.SZ,,0,-0.0,False,,,
2021-07-21,300750.SZ,,0,-0.0,False,,,
2021-07-22,300750.SZ,,0,-0.0,False,,,
2021-07-23,300750.SZ,,0,-0.0,False,,,
2021-07-26,300750.SZ,,0,-0.0,False,,,
2021-07-27,300750.SZ,,0,-0.0,False,,,
2021-07-28,300750.SZ,,0,-0.0,False,,,
2021-07-29,300750.SZ,,0,-0.0,False,,,
2021-07-30,300750.SZ,,0,-0.0,False,,,
2021-08-02,300750.SZ,,0,-0.0,False,,,
2021-08-03,300750.SZ,,0,-0.0,False,,,
2021-08-04,300750.SZ,,0,-0.0,False,,,
2021-08-05,300750.SZ,,0,-0.0,False,,,
2021-08-06,300750.SZ,,0,-0.0,False,,,
2021-08-09,300750.SZ,,0,-0.0,False,,,
2021-08-10,300750.SZ,,0,-0.0,False,,,
2021-08-11,300750.SZ,,0,-0.0,False,,,
2021-08-12,300750.SZ,,0,-0.0,False,,,
2021-08-13,300750.SZ,,0,-0.0,False,,,
2021-08-16,300750.SZ,,0,-0.0,False,,,
2021-08-17,300750.SZ,,0,-0.0,False,,,
2021-08-18,300750.SZ,,0,-0.0,False,,,
2021-08-19,300750.SZ,,0,-0.0,False,,,
2021-08-20,300750.SZ,,0,-0.0,False,,,
2021-08-23,300750.SZ,,0,-0.0,False,,,
2021-08-24,300750.SZ,,0,-0.0,False,,,
2021-08-25,300750.SZ,,0,-0.0,False,,,
2021-08-26,300750.SZ,,0,-0.0,False,,,
2021-08-27,300750.SZ,,0,-0.0,False,,,
2021-08-30,300750.SZ,,0,-0.0,False,,,
2021-08-31,300750.SZ,,0,-0.0,False,,,
2021-09-01,300750.SZ,,0,-0.0,False,,,
2021-09-02,300750.SZ,,0,-0.0,False,,,
2021-09-03,300750.SZ,,0,-0.0,False,,,
2021-09-06,300750.SZ,,0,-0.0,False,,,
2021-09-07,300750.SZ,,0,-0.0,False,,,
2021-09-08,300750.SZ,,0,-0.0,False,,,
2021-09-09,300750.SZ,,0,-0.0,False,,,
2021-09-10,300750.SZ,,0,-0.0,False,,,
2021-09-13,300750.SZ,,0,-0.0,False,,,
2021-09-14,300750.SZ,,0,-0.0,False,,,
2021-09-15,300750.SZ,,0,-0.0,False,,,
2021-09-16,300750.SZ,,0,-0.0,False,,,
2021-09-17,300750.SZ,,0,-0.0,False,,,
2021-09-22,300750.SZ,,0,-0.0,False,,,
2021-09-23,300750.SZ,,0,-0.0,False,,,
2021-09-24,300750.SZ,,0,-0.0,False,,,
2021-09-27,300750.SZ,,0,-0.0,False,,,
2021-09-28,300750.SZ,,0,-0.0,False,,,
2021-09-29,300750.SZ,,0,-0.0,False,,,
2021-09-30,300750.SZ,,0,-0.0,False,,,
2021-10-08,300750.SZ,,0,-0.0,False,,,
2021-10-11,300750.SZ,,0,-0.0,False,,,
2021-10-12,300750.SZ,,0,-0.0,False,,,
2021-10-13,300750.SZ,,0,-0.0,False,,,
2021-10-14,300750.SZ,,0,-0.0,False,,,
2021-10-15,300750.SZ,,0,-0.0,False,,,
2021-10-18,300750.SZ,,0,-0.0,False,,,
2021-10-19,300750.SZ,,0,-0.0,False,,,
2021-10-20,300750.SZ,,0,-0.0,False,,,
2021-10-21,300750.SZ,,0,-0.0,False,,,
2021-10-22,300750.SZ,,0,-0.0,False,,,
2021-10-25,300750.SZ,,0,-0.0,False,,,
2021-10-26,300750.SZ,,0,-0.0,False,,,
2021-10-27,300750.SZ,,0,-0.0,False,,,
2021-10-28,300750.SZ,,0,-0.0,False,,,
2021-10-29,300750.SZ,,0,-0.0,False,,,
2021-11-01,300750.SZ,,0,-0.0,False,,,
2021-11-02,300750.SZ,,0,-0.0,False,,,
2021-11-03,300750.SZ,,0,-0.0,False,,,
2021-11-04,300750.SZ,,0,-0.0,False,,,
2021-11-05,300750.SZ,,0,-0.0,False,,,
2021-11-08,300750.SZ,,0,-0.0,False,,,
2021-11-09,300750.SZ,,0,-0.0,False,,,
2021-11-10,300750.SZ,,0,-0.0,False,,,
2021-11-11,300750.SZ,,0,-0.0,False,,,
2021-11-12,300750.SZ,,0,-0.0,False,,,
2021-11-15,300750.SZ,,0,-0.0,False,,,
2021-11-16,300750.SZ,,0,-0.0,False,,,
2021-11-17,300750.SZ,,0,-0.0,False,,,
2021-11-18,300750.SZ,,0,-0.0,False,,,
2021-11-19,300750.SZ,,0,-0.0,False,,,
2021-11-22,300750.SZ,,0,-0.0,False,,,
2021-11-23,300750.SZ,,0,-0.0,False,,,
2021-11-24,300750.SZ,,0,-0.0,False,,,
2021-11-25,300750.SZ,,0,-0.0,False,,,
2021-11-26,300750.SZ,,0,-0.0,False,,,
2021-11-29,300750.SZ,,0,-0.0,False,,,
2021-11-30,300750.SZ,,0,-0.0,False,,,
2021-12-01,300750.SZ,,0,-0.0,False,,,
2021-12-02,300750.SZ,,0,-0.0,False,,,
2021-12-03,300750.SZ,,0,-0.0,False,,,
2021-12-06,300750.SZ,,0,-0.0,False,,,
2021-12-07,300750.SZ,,0,-0.0,False,,,
2021-12-08,300750.SZ,,0,-0.0,False,,,
2021-12-09,300750.SZ,,0,-0.0,False,,,
2021-12-10,300750.SZ,,0,-0.0,False,,,
2021-12-13,300750.SZ,,0,-0.0,False,,,
2021-12-14,300750.SZ,,0,-0.0,False,,,
2021-12-15,300750.SZ,,0,-0.0,False,,,
2021-12-16,300750.SZ,,0,-0.0,False,,,
2021-12-17,300750.SZ,,0,-0.0,False,,,
2021-12-20,300750.SZ,,0,-0.0,False,,,
2021-12-21,300750.SZ,,0,-0.0,False,,,
2021-12-22,300750.SZ,,0,-0.0,False,,,
2021-12-23,300750.SZ,,0,-0.0,False,,,
2021-12-24,300750.SZ,,0,-0.0,False,,,
2021-12-27,300750.SZ,,0,-0.0,False,,,
2021-12-28,300750.SZ,,0,-0.0,False,,,
2021-12-29,300750.SZ,,0,-0.0,False,,,
2021-12-30,300750.SZ,,0,-0.0,False,,,
2021-12-31,300750.SZ,,0,-0.0,False,,,
2022-01-04,300750.SZ,,0,-0.0,False,,,
2022-01-05,300750.SZ,,0,-0.0,False,,,
2022-01-06,300750.SZ,,0,-0.0,False,,,
2022-01-07,300750.SZ,,0,-0.0,False,,,
2022-01-10,300750.SZ,,0,-0.0,False,,,
2022-01-11,300750.SZ,,0,-0.0,False,,,
2022-01-12,300750.SZ,,0,-0.0,False,,,
2022-01-13,300750.SZ,,0,-0.0,False,,,
2022-01-14,300750.SZ,,0,-0.0,False,,,
2022-01-17,300750.SZ,,0,-0.0,False,,,
2022-01-18,300750.SZ,,0,-0.0,False,,,
2022-01-19,300750.SZ,,0,-0.0,False,,,
2022-01-20,300750.SZ,,0,-0.0,False,,,
2022-01-21,300750.SZ,,0,-0.0,False,,,
2022-01-24,300750.SZ,,0,-0.0,False,,,
2022-01-25,300750.SZ,,0,-0.0,False,,,
2022-01-26,300750.SZ,,0,-0.0,False,,,
2022-01-27,300750.SZ,,0,-0.0,False,,,
2022-01-28,300750.SZ,,0,-0.0,False,,,
2022-02-07,300750.SZ,,0,-0.0,False,,,
2022-02-08,300750.SZ,,0,-0.0,False,,,
2022-02-09,300750.SZ,,0,-0.0,False,,,
2022-02-10,300750.SZ,,0,-0.0,False,,,
2022-02-11,300750.SZ,,0,-0.0,False,,,
2022-02-14,300750.SZ,,0,-0.0,False,,,
2022-02-15,300750.SZ,,0,-0.0,False,,,
2022-02-16,300750.SZ,,0,-0.0,False,,,
2022-02-17,300750.SZ,,0,-0.0,False,,,
2022-02-18,300750.SZ,,0,-0.0,False,,,
2022-02-21,300750.SZ,,0,-0.0,False,,,
2022-02-22,300750.SZ,,0,-0.0,False,,,
2022-02-23,300750.SZ,,0,-0.0,False,,,
2022-02-24,300750.SZ,,0,-0.0,False,,,
2022-02-25,300750.SZ,,0,-0.0,False,,,
2022-02-28,300750.SZ,,0,-0.0,False,,,
2022-03-01,300750.SZ,,0,-0.0,False,,,
2022-03-02,300750.SZ,,0,-0.0,False,,,
2022-03-03,300750.SZ,,0,-0.0,False,,,
2022-03-04,300750.SZ,,0,-0.0,False,,,
2022-03-07,300750.SZ,,0,-0.0,False,,,
2022-03-08,300750.SZ,,0,-0.0,False,,,
2022-03-09,300750.SZ,,0,-0.0,False,,,
2022-03-10,300750.SZ,,0,-0.0,False,,,
2022-03-11,300750.SZ,,0,-0.0,False,,,
2022-03-14,300750.SZ,,0,-0.0,False,,,
2022-03-15,300750.SZ,,0,-0.0,False,,,
2022-03-16,300750.SZ,,0,-0.0,False,,,
2022-03-17,300750.SZ,,0,-0.0,False,,,
2022-03-18,300750.SZ,,0,-0.0,False,,,
2022-03-21,300750.SZ,,0,-0.0,False,,,
2022-03-22,300750.SZ,,0,-0.0,False,,,
2022-03-23,300750.SZ,,0,-0.0,False,,,
2022-03-24,300750.SZ,,0,-0.0,False,,,
2022-03-25,300750.SZ,,0,-0.0,False,,,
2022-03-28,300750.SZ,,0,-0.0,False,,,
2022-03-29,300750.SZ,,0,-0.0,False,,,
2022-03-30,300750.SZ,,0,-0.0,False,,,
2022-03-31,300750.SZ,,0,-0.0,False,,,
2022-04-01,300750.SZ,,0,-0.0,False,,,
2022-04-06,300750.SZ,,0,-0.0,False,,,
2022-04-07,300750.SZ,,0,-0.0,False,,,
2022-04-08,300750.SZ,,0,-0.0,False,,,
2022-04-11,300750.SZ,-1.456472002079269e-06,0,-0.0,False,,,
2022-04-12,300750.SZ,4.013848397378241e-06,0,-0.0,False,,,
2022-04-13,300750.SZ,4.3889433730683063e-07,0,-0.0,False,,,
2022-04-14,300750.SZ,9.435480147177856e-06,0,-0.0,False,,,
2022-04-15,300750.SZ,-6.819554359927293e-06,0,-0.0,False,,,
2022-04-18,300750.SZ,-6.288635854401716e-07,0,-0.0,False,,,
2022-04-19,300750.SZ,-6.021368581110927e-06,0,-0.0,False,,,
2022-04-20,300750.SZ,,0,-0.0,False,,,
2022-04-21,300750.SZ,,0,-0.0,False,,,
2022-04-22,300750.SZ,,0,-0.0,False,,,
2022-04-25,300750.SZ,,0,-0.0,False,,,
2022-04-26,300750.SZ,,0,-0.0,False,,,
2022-04-27,300750.SZ,,0,-0.0,False,,,
2022-04-28,300750.SZ,,0,-0.0,False,,,
2022-04-29,300750.SZ,,0,-0.0,False,,,
2022-05-05,300750.SZ,,0,-0.0,False,,,
2022-05-06,300750.SZ,,0,-0.0,False,,,
2022-05-09,300750.SZ,,0,-0.0,False,,,
2022-05-10,300750.SZ,,0,-0.0,False,,,
2022-05-11,300750.SZ,,0,-0.0,False,,,
2022-05-12,300750.SZ,,0,-0.0,False,,,
2022-05-13,300750.SZ,,0,-0.0,False,,,
2022-05-16,300750.SZ,,0,-0.0,False,,,
2022-05-17,300750.SZ,,0,-0.0,False,,,
2022-05-18,300750.SZ,,0,-0.0,False,,,
2022-05-19,300750.SZ,,0,-0.0,False,,,
2022-05-20,300750.SZ,,0,-0.0,False,,,
2022-05-23,300750.SZ,,0,-0.0,False,,,
2022-05-24,300750.SZ,,0,-0.0,False,,,
2022-05-25,300750.SZ,,0,-0.0,False,,,
2022-05-26,300750.SZ,,0,-0.0,False,,,
2022-05-27,300750.SZ,,0,-0.0,False,,,
2022-05-30,300750.SZ,,0,-0.0,False,,,
2022-05-31,300750.SZ,,0,-0.0,False,,,
2022-06-01,300750.SZ,,0,-0.0,False,,,
2022-06-02,300750.SZ,,0,-0.0,False,,,
2022-06-06,300750.SZ,,0,-0.0,False,,,
2022-06-07,300750.SZ,,0,-0.0,False,,,
2022-06-08,300750.SZ,,0,-0.0,False,,,
2022-06-09,300750.SZ,,0,-0.0,False,,,
2022-06-10,300750.SZ,,0,-0.0,False,,,
2022-06-13,300750.SZ,,0,-0.0,False,,,
2022-06-14,300750.SZ,3.910044743277292e-06,0,-0.0,False,,,
2022-06-15,300750.SZ,-3.1144105319342486e-05,0,-0.0,False,,,
2022-06-16,300750.SZ,8.660959308389316e-06,0,-0.0,False,,,
2022-06-17,300750.SZ,-3.510087837988662e-06,0,-0.0,False,,,
2022-06-20,300750.SZ,-7.550970693512498e-06,0,-0.0,False,,,
2022-06-21,300750.SZ,,0,-0.0,False,,,
2022-06-22,300750.SZ,,0,-0.0,False,,,
2022-06-23,300750.SZ,,0,-0.0,False,,,
2022-06-24,300750.SZ,,0,-0.0,False,,,
2022-06-27,300750.SZ,,0,-0.0,False,,,
2022-06-28,300750.SZ,,0,-0.0,False,,,
2022-06-29,300750.SZ,,0,-0.0,False,,,
2022-06-30,300750.SZ,,0,-0.0,False,,,
2022-07-01,300750.SZ,,0,-0.0,False,,,
2022-07-04,300750.SZ,,0,-0.0,False,,,
2022-07-05,300750.SZ,,0,-0.0,False,,,
2022-07-06,300750.SZ,,0,-0.0,False,,,
2022-07-07,300750.SZ,,0,-0.0,False,,,
2022-07-08,300750.SZ,,0,-0.0,False,,,
2022-07-11,300750.SZ,,0,-0.0,False,,,
2022-07-12,300750.SZ,,0,-0.0,False,,,
2022-07-13,300750.SZ,,0,-0.0,False,,,
2022-07-14,300750.SZ,,0,-0.0,False,,,
2022-07-15,300750.SZ,,0,-0.0,False,,,
2022-07-18,300750.SZ,-7.036827514821905e-06,0,-0.0,False,,,
2022-07-19,300750.SZ,-2.6294869714732867e-06,0,-0.0,False,,,
2022-07-20,300750.SZ,6.137064336344575e-08,0,-0.0,False,,,
2022-07-21,300750.SZ,-9.505544069685632e-07,0,-0.0,False,,,
2022-07-22,300750.SZ,-3.1480710754721474e-06,0,-0.0,False,,,
2022-07-25,300750.SZ,2.2887009270351894e-06,0,-0.0,False,,,
2022-07-26,300750.SZ,-2.739496423736686e-07,0,-0.0,False,,,
2022-07-27,300750.SZ,1.040167652739382e-05,0,-0.0,False,,,
2022-07-28,300750.SZ,2.490647722871446e-06,0,-0.0,False,,,
2022-07-29,300750.SZ,-5.708825431804681e-06,0,-0.0,False,,,
2022-08-01,300750.SZ,1.063840702143581e-05,0,-0.0,False,,,
2022-08-02,300750.SZ,8.810181590791194e-07,0,-0.0,False,,,
2022-08-03,300750.SZ,2.953713977806605e-07,0,-0.0,False,,,
2022-08-04,300750.SZ,7.799383184223512e-06,0,-0.0,False,,,
2022-08-05,300750.SZ,-9.004135883041155e-07,0,-0.0,False,,,
2022-08-08,300750.SZ,2.8009102310109027e-06,0,-0.0,False,,,
2022-08-09,300750.SZ,1.2362638349133173e-06,0,-0.0,False,,,
2022-08-10,300750.SZ,-2.99958392872825e-06,0,-0.0,False,,,
2022-08-11,300750.SZ,7.7021693281877e-06,0,-0.0,False,,,
2022-08-12,300750.SZ,-1.3166027035290676e-06,0,-0.0,False,,,
2022-08-15,300750.SZ,-2.9309258592911147e-06,0,-0.0,False,,,
2022-08-16,300750.SZ,-1.3108569145236305e-05,0,-0.0,False,,,
2022-08-17,300750.SZ,3.826128767897197e-06,0,-0.0,False,,,
2022-08-18,300750.SZ,7.443648448127461e-06,0,-0.0,False,,,
2022-08-19,300750.SZ,-7.412844985928863e-06,0,-0.0,False,,,
2022-08-22,300750.SZ,1.0487683363720738e-06,0,-0.0,False,,,
2022-08-23,300750.SZ,,0,-0.0,False,,,
2022-08-24,300750.SZ,,0,-0.0,False,,,
2022-08-25,300750.SZ,,0,-0.0,False,,,
2022-08-26,300750.SZ,,0,-0.0,False,,,
2022-08-29,300750.SZ,,0,-0.0,False,,,
2022-08-30,300750.SZ,,0,-0.0,False,,,
2022-08-31,300750.SZ,,0,-0.0,False,,,
2022-09-01,300750.SZ,,0,-0.0,False,,,
2022-09-02,300750.SZ,,0,-0.0,False,,,
2022-09-05,300750.SZ,,0,-0.0,False,,,
2022-09-06,300750.SZ,,0,-0.0,False,,,
2022-09-07,300750.SZ,,0,-0.0,False,,,
2022-09-08,300750.SZ,,0,-0.0,False,,,
2022-09-09,300750.SZ,,0,-0.0,False,,,
2022-09-13,300750.SZ,,0,-0.0,False,,,
2022-09-14,300750.SZ,,0,-0.0,False,,,
2022-09-15,300750.SZ,,0,-0.0,False,,,
2022-09-16,300750.SZ,,0,-0.0,False,,,
2022-09-19,300750.SZ,,0,-0.0,False,,,
2022-09-20,300750.SZ,,0,-0.0,False,,,
2022-09-21,300750.SZ,,0,-0.0,False,,,
2022-09-22,300750.SZ,,0,-0.0,False,,,
2022-09-23,300750.SZ,,0,-0.0,False,,,
2022-09-26,300750.SZ,,0,-0.0,False,,,
2022-09-27,300750.SZ,,0,-0.0,False,,,
2022-09-28,300750.SZ,,0,-0.0,False,,,
2022-09-29,300750.SZ,,0,-0.0,False,,,
2022-09-30,300750.SZ,,0,-0.0,False,,,
2022-10-10,300750.SZ,,0,-0.0,False,,,
2022-10-11,300750.SZ,,0,-0.0,False,,,
2022-10-12,300750.SZ,,0,-0.0,False,,,
2022-10-13,300750.SZ,,0,-0.0,False,,,
2022-10-14,300750.SZ,,0,-0.0,False,,,
2022-10-17,300750.SZ,,0,-0.0,False,,,
2022-10-18,300750.SZ,,0,-0.0,False,,,
2022-10-19,300750.SZ,7.610058257568106e-06,0,-0.0,False,,,
2022-10-20,300750.SZ,-1.1046584791561115e-05,0,-0.0,False,,,
2022-10-21,300750.SZ,-6.418911007418458e-06,0,-0.0,False,,,
2022-10-24,300750.SZ,-7.718771295637503e-06,0,-0.0,False,,,
2022-10-25,300750.SZ,-4.899882086874536e-06,0,-0.0,False,,,
2022-10-26,300750.SZ,1.0027276957978736e-05,0,-0.0,False,,,
2022-10-27,300750.SZ,2.077277954577811e-07,0,-0.0,False,,,
2022-10-28,300750.SZ,2.5123857850239734e-06,0,-0.0,False,,,
2022-10-31,300750.SZ,-4.466601351922024e-06,0,-0.0,False,,,
2022-11-01,300750.SZ,1.2997539053463595e-05,0,-0.0,False,,,
2022-11-02,300750.SZ,,0,-0.0,False,,,
2022-11-03,300750.SZ,,0,-0.0,False,,,
2022-11-04,300750.SZ,4.9431250326990964e-06,0,-0.0,False,,,
2022-11-07,300750.SZ,-5.717391126789701e-06,0,-0.0,False,,,
2022-11-08,300750.SZ,2.2170664094726554e-07,0,-0.0,False,,,
2022-11-09,300750.SZ,5.553815586497559e-07,0,-0.0,False,,,
2022-11-10,300750.SZ,,0,-0.0,False,,,
2022-11-11,300750.SZ,,0,-0.0,False,,,
2022-11-14,300750.SZ,,0,-0.0,False,,,
2022-11-15,300750.SZ,,0,-0.0,False,,,
2022-11-16,300750.SZ,-1.1522327202100059e-05,0,-0.0,False,,,
2022-11-17,300750.SZ,-1.2738900680737794e-05,0,-0.0,False,,,
2022-11-18,300750.SZ,-2.4110410333938832e-05,0,-0.0,False,,,
2022-11-21,300750.SZ,-1.047823279616589e-06,0,-0.0,False,,,
2022-11-22,300750.SZ,-2.506110345394165e-06,0,-0.0,False,,,
2022-11-23,300750.SZ,2.8516498327682113e-07,0,-0.0,False,,,
2022-11-24,300750.SZ,1.7927965672225803e-06,0,-0.0,False,,,
2022-11-25,300750.SZ,-2.8014596707746152e-06,0,-0.0,False,,,
2022-11-28,300750.SZ,1.4888354261740725e-06,0,-0.0,False,,,
2022-11-29,300750.SZ,-6.784270881246074e-07,0,-0.0,False,,,
2022-11-30,300750.SZ,-1.0357463583279177e-06,0,-0.0,False,,,
2022-12-01,300750.SZ,,0,-0.0,False,,,
2022-12-02,300750.SZ,5.405996451605894e-06,0,-0.0,False,,,
2022-12-05,300750.SZ,-3.784667184348965e-06,0,-0.0,False,,,
2022-12-06,300750.SZ,-1.6224256224861654e-07,0,-0.0,False,,,
2022-12-07,300750.SZ,-1.2384519226104356e-05,0,-0.0,False,,,
2022-12-08,300750.SZ,-5.904507205952828e-06,0,-0.0,False,,,
2022-12-09,300750.SZ,,0,-0.0,False,,,
2022-12-12,300750.SZ,3.152213552355724e-07,0,-0.0,False,,,
2022-12-13,300750.SZ,-2.011694267898778e-06,0,-0.0,False,,,
2022-12-14,300750.SZ,3.578805383090147e-06,0,-0.0,False,,,
2022-12-15,300750.SZ,-4.616461499401935e-06,0,-0.0,False,,,
2022-12-16,300750.SZ,,0,-0.0,False,,,
2022-12-19,300750.SZ,,0,-0.0,False,,,
2022-12-20,300750.SZ,,0,-0.0,False,,,
2022-12-21,300750.SZ,5.886134320450237e-06,0,-0.0,False,,,
2022-12-22,300750.SZ,5.376406015332716e-06,0,-0.0,False,,,
2022-12-23,300750.SZ,1.617314233406518e-06,0,-0.0,False,,,
2022-12-26,300750.SZ,6.71170499658209e-06,0,-0.0,False,,,
2022-12-27,300750.SZ,-4.987134055052114e-07,0,-0.0,False,,,
2022-12-28,300750.SZ,-1.6915034831886754e-05,0,-0.0,False,,,
2022-12-29,300750.SZ,-3.187517642558296e-06,0,-0.0,False,,,
2022-12-30,300750.SZ,2.639852560227993e-06,0,-0.0,False,,,
2023-01-03,300750.SZ,,0,-0.0,False,,,
2023-01-04,300750.SZ,,0,-0.0,False,,,
2023-01-05,300750.SZ,,0,-0.0,False,,,
2023-01-06,300750.SZ,9.880911360053866e-06,0,-0.0,False,,,
2023-01-09,300750.SZ,3.246500746256094e-06,0,-0.0,False,,,
2023-01-10,300750.SZ,3.449834132824821e-06,0,-0.0,False,,,
2023-01-11,300750.SZ,-2.5379002757900756e-06,0,-0.0,False,,,
2023-01-12,300750.SZ,-1.6569721059289458e-06,0,-0.0,False,,,
2023-01-13,300750.SZ,,0,-0.0,False,,,
2023-01-16,300750.SZ,,0,-0.0,False,,,
2023-01-17,300750.SZ,,0,-0.0,False,,,
2023-01-18,300750.SZ,,0,-0.0,False,,,
2023-01-19,300750.SZ,,0,-0.0,False,,,
2023-01-20,300750.SZ,,0,-0.0,False,,,
2023-01-30,300750.SZ,,0,-0.0,False,,,
2023-01-31,300750.SZ,,0,-0.0,False,,,
2023-02-01,300750.SZ,,0,-0.0,False,,,
2023-02-02,300750.SZ,,0,-0.0,False,,,
2023-02-03,300750.SZ,,0,-0.0,False,,,
2023-02-06,300750.SZ,,0,-0.0,False,,,
2023-02-07,300750.SZ,,0,-0.0,False,,,
2023-02-08,300750.SZ,,0,-0.0,False,,,
2023-02-09,300750.SZ,,0,-0.0,False,,,
2023-02-10,300750.SZ,,0,-0.0,False,,,
2023-02-13,300750.SZ,,0,-0.0,False,,,
2023-02-14,300750.SZ,,0,-0.0,False,,,
2023-02-15,300750.SZ,,0,-0.0,False,,,
2023-02-16,300750.SZ,-7.226231996266977e-07,0,-0.0,False,,,
2023-02-17,300750.SZ,8.482912755179842e-06,0,-0.0,False,,,
2023-02-20,300750.SZ,-2.0706735889783004e-05,0,-0.0,False,,,
2023-02-21,300750.SZ,4.8479014391981325e-06,0,-0.0,False,,,
2023-02-22,300750.SZ,-5.956854664588703e-06,0,-0.0,False,,,
2023-02-23,300750.SZ,,0,-0.0,False,,,
2023-02-24,300750.SZ,,0,-0.0,False,,,
2023-02-27,300750.SZ,,0,-0.0,False,,,
2023-02-28,300750.SZ,9.281086285270138e-06,0,-0.0,False,,,
2023-03-01,300750.SZ,-6.291948188062878e-06,0,-0.0,False,,,
2023-03-02,300750.SZ,3.5618501589857257e-06,0,-0.0,False,,,
2023-03-03,300750.SZ,3.781878737963661e-06,0,-0.0,False,,,
2023-03-06,300750.SZ,,0,-0.0,False,,,
2023-03-07,300750.SZ,,0,-0.0,False,,,
2023-03-08,300750.SZ,,0,-0.0,False,,,
2023-03-09,300750.SZ,,0,-0.0,False,,,
2023-03-10,300750.SZ,,0,-0.0,False,,,
2023-03-13,300750.SZ,,0,-0.0,False,,,
2023-03-14,300750.SZ,-1.929310667645578e-05,0,-0.0,False,,,
2023-03-15,300750.SZ,-1.0607207315945532e-05,0,-0.0,False,,,
2023-03-16,300750.SZ,-7.252190977919304e-06,0,-0.0,False,,,
2023-03-17,300750.SZ,-1.341360951997686e-07,0,-0.0,False,,,
2023-03-20,300750.SZ,-1.2711162956749547e-05,0,-0.0,False,,,
2023-03-21,300750.SZ,-8.74661932071412e-06,0,-0.0,False,,,
2023-03-22,300750.SZ,,0,-0.0,False,,,
2023-03-23,300750.SZ,,0,-0.0,False,,,
2023-03-24,300750.SZ,,0,-0.0,False,,,
2023-03-27,300750.SZ,,0,-0.0,False,,,
2023-03-28,300750.SZ,,0,-0.0,False,,,
2023-03-29,300750.SZ,-1.743079324025709e-05,0,-0.0,False,,,
2023-03-30,300750.SZ,-3.3345953675203807e-06,0,-0.0,False,,,
2023-03-31,300750.SZ,1.6823410268651115e-05,0,-0.0,False,,,
2023-04-03,300750.SZ,7.640360320598595e-06,0,-0.0,False,,,
2023-04-04,300750.SZ,,0,-0.0,False,,,
2023-04-06,300750.SZ,,0,-0.0,False,,,
2023-04-07,300750.SZ,,0,-0.0,False,,,
2023-04-10,300750.SZ,-8.57716604832039e-06,0,-0.0,False,,,
2023-04-11,300750.SZ,1.1322953925058481e-05,0,-0.0,False,,,
2023-04-12,300750.SZ,2.5408768272094518e-06,0,-0.0,False,,,
2023-04-13,300750.SZ,-3.267010608966051e-06,0,-0.0,False,,,
2023-04-14,300750.SZ,-4.238397941515402e-06,0,-0.0,False,,,
2023-04-17,300750.SZ,-1.8949687612013712e-05,0,-0.0,False,,,
2023-04-18,300750.SZ,3.7876358406866866e-06,0,-0.0,False,,,
2023-04-19,300750.SZ,-8.723612191430137e-06,0,-0.0,False,,,
2023-04-20,300750.SZ,6.18475691510247e-06,0,-0.0,False,,,
2023-04-21,300750.SZ,-5.55426951515281e-06,0,-0.0,False,,,
2023-04-24,300750.SZ,1.808304237286099e-06,0,-0.0,False,,,
2023-04-25,300750.SZ,5.2265331444619775e-06,0,-0.0,False,,,
2023-04-26,300750.SZ,-7.636540956806183e-06,0,-0.0,False,,,
2023-04-27,300750.SZ,-2.4349882810072254e-05,0,-0.0,False,,,
2023-04-28,300750.SZ,2.3357258494275708e-05,0,-0.0,False,,,
2023-05-04,300750.SZ,2.220480354851944e-05,0,-0.0,False,,,
2023-05-05,300750.SZ,-7.878350384501207e-06,0,-0.0,False,-1.195210850517327e-06,8.658468744432918e-06,7.463257893915591e-06
2023-05-08,300750.SZ,-9.141784622199804e-06,0,-0.0,False,-1.2487265037041765e-06,8.67991648123537e-06,7.431189977531194e-06
2023-05-09,300750.SZ,4.3573006726505294e-06,0,-0.0,False,-1.358356778867327e-06,8.695955053414646e-06,7.337598274547319e-06
2023-05-10,300750.SZ,-1.5803516411274312e-05,0,-0.0,False,-1.3257033927394626e-06,8.710105769757578e-06,7.384402377018115e-06
2023-05-11,300750.SZ,,0,-0.0,False,,,
2023-05-12,300750.SZ,,0,-0.0,False,,,
2023-05-15,300750.SZ,,0,-0.0,False,,,
2023-05-16,300750.SZ,-6.314853689533131e-06,0,-0.0,False,-1.5360283640598975e-06,8.752691191095927e-06,7.21666282703603e-06
2023-05-17,300750.SZ,-1.4934050068042998e-05,0,-0.0,False,-1.5318225251399463e-06,8.750251938350674e-06,7.2184294132107275e-06
2023-05-18,300750.SZ,2.1734139001734865e-05,1,-1.0,True,-1.6510324124949696e-06,8.834881792289806e-06,7.1838493797948365e-06
2023-05-19,300750.SZ,2.484206677061675e-05,1,-1.0,True,-1.4197365159712547e-06,9.079438348694093e-06,7.659701832722839e-06
2023-05-22,300750.SZ,1.8822725540128236e-06,0,-0.0,False,-1.2453029990767593e-06,9.378830257990133e-06,8.133527258913374e-06
2023-05-23,300750.SZ,2.2336138077808472e-05,1,-1.0,True,-9.70083183465465e-07,8.969737271196217e-06,7.999654087730751e-06
2023-05-24,300750.SZ,1.7204441697916517e-06,0,-0.0,False,-8.561233603869722e-07,9.177589973118031e-06,8.32146661273106e-06
2023-05-25,300750.SZ,1.0774462665694943e-05,1,-1.0,True,-8.125355936554695e-07,9.177300253693494e-06,8.364764660038025e-06
2023-05-26,300750.SZ,6.313491626510676e-06,0,-0.0,False,-6.598236489954074e-07,9.21661427387258e-06,8.556790624877173e-06
2023-05-29,300750.SZ,1.536876774188089e-05,1,-1.0,True,-5.485709894843026e-07,9.219565945800116e-06,8.670994956315814e-06
2023-05-30,300750.SZ,-3.311332067020733e-05,0,-0.0,False,-3.985855335396845e-07,9.331152817612747e-06,8.932567284073063e-06
2023-05-31,300750.SZ,2.1188757181831396e-05,1,-1.0,True,-6.750412944861076e-07,9.797208544564927e-06,9.122167250078819e-06
2023-06-01,300750.SZ,9.162555049388914e-06,0,-0.0,False,-4.905470312461079e-07,9.99836765541772e-06,9.507820624171612e-06
2023-06-02,300750.SZ,7.512854454787847e-07,0,-0.0,False,-3.879584802055991e-07,1.0033964318485614e-05,9.646005838280015e-06
2023-06-05,300750.SZ,2.7901023797614306e-05,1,-1.0,True,-4.0077027588523583e-07,1.0031499141255122e-05,9.630728865369887e-06
2023-06-06,300750.SZ,-6.612058817057291e-06,0,-0.0,False,-1.6597883055200272e-07,1.0358874021850916e-05,1.0192895191298913e-05
2023-06-07,300750.SZ,3.586901233881758e-05,1,-1.0,True,-3.077599584224286e-07,1.032941082455532e-05,1.0021650866132892e-05
2023-06-08,300750.SZ,7.227915786173916e-06,0,-0.0,False,-2.960691995621082e-08,1.0842088121259305e-05,1.0812481201303094e-05
2023-06-09,300750.SZ,-4.0779031728024305e-05,0,-0.0,False,7.819925686027749e-08,1.08494578561771e-05,1.0927657113037378e-05
2023-06-12,300750.SZ,-8.288385544655235e-06,0,-0.0,False,-3.5027939938522346e-07,1.142874954291278e-05,1.1078470143527556e-05
2023-06-13,300750.SZ,-2.377070365524143e-05,0,-0.0,False,-4.2669109691634314e-07,1.1451079140161436e-05,1.1024388043245092e-05
2023-06-14,300750.SZ,6.594706016069785e-06,0,-0.0,False,-6.272417223581939e-07,1.1647387085749124e-05,1.102014536339093e-05
2023-06-15,300750.SZ,-4.3105002913522025e-05,0,-0.0,False,-6.372806987594749e-07,1.1640580248179493e-05,1.100329954942002e-05
2023-06-16,300750.SZ,3.2969924594775026e-05,1,-1.0,True,-9.889856098029576e-07,1.2269201909166985e-05,1.1280216299364027e-05
2023-06-19,300750.SZ,1.708777663044809e-05,1,-1.0,True,-7.375771567715898e-07,1.2650679747116592e-05,1.1913102590345001e-05
2023-06-20,300750.SZ,1.1071703771534523e-06,0,-0.0,False,-6.054812168088e-07,1.2753802312760865e-05,1.2148321095952064e-05
2023-06-21,300750.SZ,2.0534166093375822e-05,1,-1.0,True,-5.712582642597859e-07,1.2752834004019314e-05,1.2181575739759528e-05
2023-06-26,300750.SZ,-1.257623773068783e-05,0,-0.0,False,-4.643249578832181e-07,1.2875994016063077e-05,1.241166905817986e-05
2023-06-27,300750.SZ,3.6187109050674236e-06,0,-0.0,False,-5.581552497762079e-07,1.292319618774298e-05,1.2365040937966773e-05
2023-06-28,300750.SZ,-9.147775975992113e-07,0,-0.0,False,-5.035749434065534e-07,1.2926921180770779e-05,1.2423346237364225e-05
2023-06-29,300750.SZ,1.3129979814997604e-05,1,-1.0,True,-4.019600138429109e-07,1.2874825214437249e-05,1.2472865200594337e-05
2023-06-30,300750.SZ,-1.7486005154910656e-05,0,-0.0,False,-3.244279217837409e-07,1.2928403069615893e-05,1.2603975147832152e-05
2023-07-03,300750.SZ,1.4719034777640461e-05,1,-1.0,True,-5.321750351423918e-07,1.300261342987035e-05,1.2470438394727957e-05
2023-07-04,300750.SZ,-1.5729630596505706e-06,0,-0.0,False,-3.4774270377931407e-07,1.306102699463334e-05,1.2713284290854025e-05
2023-07-05,300750.SZ,-4.30716239010476e-06,0,-0.0,False,-3.695904654128362e-07,1.3060864100534453e-05,1.2691273635121617e-05
2023-07-06,300750.SZ,1.1462506551419046e-05,0,-0.0,False,-4.689006374767767e-07,1.304497731121057e-05,1.2576076673733793e-05
2023-07-07,300750.SZ,1.963755222870889e-06,0,-0.0,False,-2.813248762852753e-07,1.3053429134593639e-05,1.2772104258308364e-05
2023-07-10,300750.SZ,-6.238408544314202e-06,0,-0.0,False,-2.1146932436619745e-07,1.3042733349466693e-05,1.2831264025100495e-05
2023-07-11,300750.SZ,8.731119468244504e-07,0,-0.0,False,-1.9913296810516992e-07,1.3036271456493924e-05,1.2837138488388754e-05
2023-07-12,300750.SZ,6.188775913500329e-06,0,-0.0,False,-1.510246844910117e-07,1.3029428675971793e-05,1.2878403991480781e-05
2023-07-13,300750.SZ,8.949249344134495e-06,0,-0.0,False,-1.8301219319499846e-07,1.3008926426699279e-05,1.282591423350428e-05
2023-07-14,300750.SZ,-5.25483586157735e-06,0,-0.0,False,-1.1016618028935916e-07,1.3035580457017438e-05,1.2925414276728078e-05
2023-07-17,300750.SZ,8.936411683090745e-06,0,-0.0,False,-1.7489302734437019e-07,1.3041731236531566e-05,1.2866838209187196e-05
2023-07-18,300750.SZ,1.0529269041961546e-05,0,-0.0,False,-6.320125205259712e-08,1.3062044504776881e-05,1.2998843252724283e-05
2023-07-19,300750.SZ,2.7357841386857053e-05,1,-1.0,True,-8.37701688151142e-08,1.3043234670819115e-05,1.2959464502004002e-05
2023-07-20,300750.SZ,3.1911097252361056e-06,0,-0.0,False,1.0301913413620213e-07,1.3274280448887602e-05,1.3377299583023805e-05
2023-07-21,300750.SZ,-1.0537225418398204e-05,0,-0.0,False,1.772566412364172e-07,1.3266364188120197e-05,1.3443620829356614e-05
2023-07-24,300750.SZ,-2.5386722246987007e-05,0,-0.0,False,8.759887407520491e-08,1.3302368324559494e-05,1.3389967198634698e-05
2023-07-25,300750.SZ,-2.6671298541638673e-06,0,-0.0,False,-1.2858532430510142e-07,1.3503974299856343e-05,1.3375388975551242e-05
2023-07-26,300750.SZ,-1.879569083295179e-05,0,-0.0,False,-5.479201307229983e-08,1.3465328869181036e-05,1.3410536856108736e-05
2023-07-27,300750.SZ,4.409623464985171e-05,1,-1.0,True,-1.052652643407498e-07,1.35244949501258e-05,1.341922968578505e-05
2023-07-28,300750.SZ,-1.54245777715183e-05,0,-0.0,False,4.6312344385750474e-07,1.3934203547863115e-05,1.439732699172062e-05
2023-07-31,300750.SZ,-1.9165897009725335e-05,0,-0.0,False,3.433171564249905e-07,1.4008909247244786e-05,1.4352226403669776e-05
2023-08-01,300750.SZ,1.5538868653238436e-05,1,-1.0,True,2.0448560088889742e-07,1.4119499703566406e-05,1.4323985304455304e-05
2023-08-02,300750.SZ,9.948177892616584e-06,0,-0.0,False,3.315997981385776e-07,1.4188725014151781e-05,1.4520324812290359e-05
2023-08-03,300750.SZ,-1.8505717844575723e-05,0,-0.0,False,3.995613091835275e-07,1.4215289263321922e-05,1.461485057250545e-05
2023-08-04,300750.SZ,2.0099897156463966e-05,1,-1.0,True,2.686924910685184e-07,1.4316931053124573e-05,1.4585623544193091e-05
2023-08-07,300750.SZ,-2.3262621796223473e-05,0,-0.0,False,4.237846721542674e-07,1.4430613105755837e-05,1.4854397777910105e-05
2023-08-08,300750.SZ,-9.011525568176757e-06,0,-0.0,False,2.3558304958677696e-07,1.4591481731938443e-05,1.482706478152522e-05
2023-08-09,300750.SZ,-8.35831290117697e-06,0,-0.0,False,1.691182228380366e-07,1.4615466651481515e-05,1.4784584874319551e-05
2023-08-10,300750.SZ,1.1077446940701207e-05,0,-0.0,False,5.4415644898179385e-08,1.4628028056461163e-05,1.4682443701359341e-05
2023-08-11,300750.SZ,2.4434519075080285e-05,1,-1.0,True,1.7826659594026415e-07,1.4658136051687158e-05,1.4836402647627422e-05
2023-08-14,300750.SZ,-1.574350670283153e-05,0,-0.0,False,3.8323960958467163e-07,1.4824367152207106e-05,1.5207606761791778e-05
2023-08-15,300750.SZ,-6.125849887123554e-06,0,-0.0,False,3.5524804727861186e-07,1.4851823805549824e-05,1.5207071852828436e-05
2023-08-16,300750.SZ,-2.1574894440620958e-05,0,-0.0,False,3.5340352493552253e-07,1.4852621492323655e-05,1.5206025017259177e-05
2023-08-17,300750.SZ,,0,-0.0,False,,,
2023-08-18,300750.SZ,,0,-0.0,False,,,
2023-08-21,300750.SZ,,0,-0.0,False,,,
2023-08-22,300750.SZ,8.633902492892471e-06,0,-0.0,False,1.7098589330338476e-07,1.4986912808724913e-05,1.5157898702028298e-05
2023-08-23,300750.SZ,5.175007072843826e-06,0,-0.0,False,2.5969919964331176e-07,1.5005380426468238e-05,1.526507962611155e-05
2023-08-24,300750.SZ,-1.2074005392414883e-06,0,-0.0,False,2.730008803912591e-07,1.5009054443953973e-05,1.5282055324345234e-05
2023-08-25,300750.SZ,-1.2275212174254398e-05,0,-0.0,False,3.014097217259295e-07,1.5002947054869617e-05,1.5304356776595546e-05
2023-08-28,300750.SZ,1.6311657930462763e-05,1,-1.0,True,1.5006516760339087e-07,1.503769931111196e-05,1.5187764478715351e-05
2023-08-29,300750.SZ,1.751444465757127e-05,1,-1.0,True,2.411922668961413e-07,1.5102629748242506e-05,1.5343822015138648e-05
2023-08-30,300750.SZ,2.865925518786194e-05,1,-1.0,True,3.736683537641809e-07,1.5184303914572377e-05,1.5557972268336557e-05
2023-08-31,300750.SZ,9.813747632523777e-06,0,-0.0,False,5.565646053581797e-07,1.539204660616699e-05,1.594861121152517e-05
2023-09-01,300750.SZ,4.1484579807380145e-06,0,-0.0,False,6.425017806750878e-07,1.5414876681770722e-05,1.605737846244581e-05
2023-09-04,300750.SZ,-8.544403223485032e-06,0,-0.0,False,8.180308874469609e-07,1.533297641721291e-05,1.615100730465987e-05
2023-09-05,300750.SZ,2.2197019508207232e-05,1,-1.0,True,7.733901742725714e-07,1.5352521855018225e-05,1.6125912029290796e-05
2023-09-06,300750.SZ,1.9037126171753134e-05,1,-1.0,True,9.363665655057317e-07,1.5475812574274963e-05,1.6412179139780695e-05
2023-09-07,300750.SZ,1.9299890707763045e-05,1,-1.0,True,1.0126683556032257e-06,1.554271051991984e-05,1.6555378875523067e-05
2023-09-08,300750.SZ,1.954376706961073e-05,1,-1.0,True,1.1464466052824502e-06,1.563093546725962e-05,1.677738207254207e-05
2023-09-11,300750.SZ,3.5119449604058917e-06,0,-0.0,False,1.2805627130889997e-06,1.571965756376843e-05,1.700022027685743e-05
2023-09-12,300750.SZ,2.6849348447645314e-05,1,-1.0,True,1.3309780900572994e-06,1.5717009422873044e-05,1.7047987512930343e-05
2023-09-13,300750.SZ,4.453167144334177e-06,0,-0.0,False,1.5685307613370848e-06,1.5885988082462412e-05,1.7454518843799497e-05
2023-09-14,300750.SZ,-3.3797557485605275e-05,0,-0.0,False,1.6116623475367587e-06,1.5886741463732626e-05,1.7498403811269383e-05
2023-09-15,300750.SZ,8.23514808433001e-06,0,-0.0,False,1.259325095530216e-06,1.6198853509656858e-05,1.7458178605187075e-05
2023-09-18,300750.SZ,-3.7627521429952104e-05,0,-0.0,False,1.5005074619811578e-06,1.608410503732312e-05,1.7584612499304276e-05
2023-09-19,300750.SZ,-2.0948505940096787e-05,0,-0.0,False,1.1465456047382394e-06,1.647250744111391e-05,1.761905304585215e-05
2023-09-20,300750.SZ,3.40110333569529e-06,0,-0.0,False,1.0216151774423384e-06,1.6583310624328177e-05,1.7604925801770515e-05
2023-09-21,300750.SZ,2.3156990464836087e-05,1,-1.0,True,9.726153195292147e-07,1.65673800545806e-05,1.7539995374109815e-05
2023-09-22,300750.SZ,-2.074722809457428e-05,0,-0.0,False,1.2180231416367062e-06,1.6676617092569756e-05,1.7894640234206462e-05
2023-09-25,300750.SZ,1.239773302700213e-05,0,-0.0,False,1.0154474895237061e-06,1.6795130264107824e-05,1.781057775363153e-05
2023-09-26,300750.SZ,1.706688431077261e-05,0,-0.0,False,1.0872462752656933e-06,1.682544500250396e-05,1.7912691277769653e-05
2023-09-27,300750.SZ,3.524372521148279e-05,1,-1.0,True,1.390246200159263e-06,1.678268147841667e-05,1.8172927678575933e-05
2023-09-28,300750.SZ,2.0339323472808428e-05,1,-1.0,True,1.772337304554499e-06,1.7027399874528693e-05,1.8799737179083192e-05
2023-10-09,300750.SZ,3.8996262332843434e-05,1,-1.0,True,2.002266591643897e-06,1.7090686440863136e-05,1.9092953032507034e-05
2023-10-10,300750.SZ,,0,-0.0,False,,,
2023-10-11,300750.SZ,,0,-0.0,False,,,
2023-10-12,300750.SZ,,0,-0.0,False,,,
2023-10-13,300750.SZ,,0,-0.0,False,,,
2023-10-16,300750.SZ,,0,-0.0,False,,,
2023-10-17,300750.SZ,,0,-0.0,False,,,
2023-10-18,300750.SZ,,0,-0.0,False,,,
2023-10-19,300750.SZ,,0,-0.0,False,,,
2023-10-20,300750.SZ,5.053041227958029e-05,1,-1.0,True,2.3283532452109236e-06,1.7419714419204876e-05,1.97480676644158e-05
2023-10-23,300750.SZ,6.286958543645065e-06,0,-0.0,False,2.855366372180339e-06,1.7910620742494606e-05,2.0765987114674944e-05
2023-10-24,300750.SZ,1.4310554819551406e-05,0,-0.0,False,2.980646187716666e-06,1.7881340036672875e-05,2.086198622438954e-05
2023-10-25,300750.SZ,1.4424570723893509e-05,0,-0.0,False,3.2451574215484033e-06,1.7811496685302007e-05,2.105665410685041e-05
2023-10-26,300750.SZ,-3.3164354040464666e-05,0,-0.0,False,3.393150472310185e-06,1.783013646293588e-05,2.1223286935246064e-05
2023-10-27,300750.SZ,-3.0058056553715537e-05,0,-0.0,False,2.9765857697342204e-06,1.8095682735958482e-05,2.1072268505692704e-05
2023-10-30,300750.SZ,-3.842906294118425e-06,0,-0.0,False,2.6624322957816027e-06,1.8339626935468863e-05,2.1002059231250465e-05
2023-10-31,300750.SZ,1.2212317483517513e-05,0,-0.0,False,2.7018844603999523e-06,1.832032716446846e-05,2.1022211624868413e-05
2023-11-01,300750.SZ,-1.3945697168065461e-05,0,-0.0,False,2.709295823387111e-06,1.8324023586708283e-05,2.1033319410095395e-05
2023-11-02,300750.SZ,5.3511217105176605e-06,0,-0.0,False,2.57190770675982e-06,1.8386994484725763e-05,2.0958902191485583e-05
2023-11-03,300750.SZ,-1.3047659223577195e-07,0,-0.0,False,2.643725476088851e-06,1.83808263509526e-05,2.1024551827041453e-05
2023-11-06,300750.SZ,-2.549110500806572e-05,0,-0.0,False,2.6779581539995147e-06,1.837172435861291e-05,2.1049682512612427e-05
2023-11-07,300750.SZ,2.1893363240275056e-05,1,-1.0,True,2.623446342365748e-06,1.8445990871077402e-05,2.106943721344315e-05
2023-11-08,300750.SZ,-1.929989775160827e-05,0,-0.0,False,2.774327404028984e-06,1.8529453609149396e-05,2.130378101317838e-05
2023-11-09,300750.SZ,6.189466655386236e-07,0,-0.0,False,2.6861916910275e-06,1.8609583265418532e-05,2.1295774956446032e-05
2023-11-10,300750.SZ,-1.576607996631189e-06,0,-0.0,False,2.639809938947801e-06,1.86077262166562e-05,2.1247536155604003e-05
2023-11-13,300750.SZ,8.81861416943424e-06,0,-0.0,False,2.6729571182688145e-06,1.8596546375260342e-05,2.1269503493529156e-05
2023-11-14,300750.SZ,1.9519142043705236e-05,0,-0.0,False,2.731376367703383e-06,1.8604816592475652e-05,2.1336192960179035e-05
2023-11-15,300750.SZ,,0,-0.0,False,,,
2023-11-16,300750.SZ,5.111994225326933e-06,0,-0.0,False,2.8504814418637428e-06,1.8666571433134237e-05,2.151705287499798e-05
2023-11-17,300750.SZ,-5.214702264220877e-06,0,-0.0,False,2.9567192350481856e-06,1.8642647462330446e-05,2.1599366697378633e-05
2023-11-20,300750.SZ,1.0772126769619692e-05,0,-0.0,False,3.1161790729302804e-06,1.848831530732021e-05,2.160449438025049e-05
2023-11-21,300750.SZ,1.4786604944016388e-05,0,-0.0,False,3.0113029752248137e-06,1.8408052427106446e-05,2.141935540233126e-05
2023-11-22,300750.SZ,1.3357094305371695e-05,0,-0.0,False,2.9494846535206216e-06,1.8355435527830386e-05,2.130492018135101e-05
2023-11-23,300750.SZ,-1.5358489946041584e-05,0,-0.0,False,3.126446692602896e-06,1.8352532409691803e-05,2.14789791022947e-05
2023-11-24,300750.SZ,1.580105272865438e-05,0,-0.0,False,3.0746408149042142e-06,1.839617684456195e-05,2.1470817659466162e-05
2023-11-27,300750.SZ,2.8658944447686835e-05,1,-1.0,True,3.170005415370913e-06,1.843250790947642e-05,2.160251332484733e-05
2023-11-28,300750.SZ,-1.888294932467828e-05,0,-0.0,False,3.5405259225289226e-06,1.8494682774604344e-05,2.2035208697133266e-05
2023-11-29,300750.SZ,3.391184082919938e-05,1,-1.0,True,3.4357917922360466e-06,1.8586321221059146e-05,2.202211301329519e-05
2023-11-30,300750.SZ,-2.6398967090764702e-05,0,-0.0,False,3.8428408830464e-06,1.8715060408869164e-05,2.2557901291915562e-05
2023-12-01,300750.SZ,1.1940763051564572e-05,0,-0.0,False,3.4417316656089028e-06,1.884374639717457e-05,2.2285478062783473e-05
2023-12-04,300750.SZ,2.839829344459099e-05,1,-1.0,True,3.334220801283468e-06,1.8757228024637556e-05,2.2091448825921025e-05
2023-12-05,300750.SZ,2.833020736995356e-05,1,-1.0,True,3.555187642038287e-06,1.8895653139229825e-05,2.245084078126811e-05
2023-12-06,300750.SZ,-3.233216428396041e-05,0,-0.0,False,3.605138219472829e-06,1.895355164948586e-05,2.2558689868958688e-05
2023-12-07,300750.SZ,-2.6669351448102095e-05,0,-0.0,False,3.3213664823582287e-06,1.9234836168082897e-05,2.2556202650441125e-05
2023-12-08,300750.SZ,2.243506489631666e-05,1,-1.0,True,3.009334698076586e-06,1.94157742821958e-05,2.2425108980272387e-05
2023-12-11,300750.SZ,-2.3555855723248456e-05,0,-0.0,False,3.1436811419916365e-06,1.9494446158241343e-05,2.263812730023298e-05
2023-12-12,300750.SZ,9.45226163857633e-06,0,-0.0,False,2.819309279782225e-06,1.961279910619513e-05,2.2432108385977356e-05
2023-12-13,300750.SZ,2.485028316547111e-05,1,-1.0,True,3.174022465688755e-06,1.934049358328743e-05,2.2514516048976183e-05
2023-12-14,300750.SZ,2.798742403608011e-05,1,-1.0,True,3.204535182219086e-06,1.937201616846135e-05,2.2576551350680435e-05
2023-12-15,300750.SZ,1.7677247838238986e-05,0,-0.0,False,3.361409090441513e-06,1.9496491106350337e-05,2.285790019679185e-05
2023-12-18,300750.SZ,2.5622675543737106e-05,1,-1.0,True,3.502458777047848e-06,1.953863007971895e-05,2.30410888567668e-05
2023-12-19,300750.SZ,-1.4305307554358276e-05,0,-0.0,False,3.4834725415988714e-06,1.951581572351426e-05,2.2999288265113133e-05
2023-12-20,300750.SZ,3.0719882367950795e-05,1,-1.0,True,3.4193621354546964e-06,1.956184080495575e-05,2.2981202940410447e-05
2023-12-21,300750.SZ,-6.077785367616973e-05,0,-0.0,False,3.3764527190308065e-06,1.9495598711705727e-05,2.2872051430736535e-05
2023-12-22,300750.SZ,,0,-0.0,False,,,
2023-12-25,300750.SZ,,0,-0.0,False,,,
2023-12-26,300750.SZ,,0,-0.0,False,,,
2023-12-27,300750.SZ,,0,-0.0,False,,,
2023-12-28,300750.SZ,,0,-0.0,False,,,
2023-12-29,300750.SZ,,0,-0.0,False,,,
2024-01-02,300750.SZ,,0,-0.0,False,,,
2024-01-03,300750.SZ,,0,-0.0,False,,,
2024-01-04,300750.SZ,2.2643044223665128e-05,0,-0.0,False,2.8097379735112763e-06,2.0352301981000082e-05,2.3162039954511358e-05
2024-01-05,300750.SZ,2.1177749141936975e-06,0,-0.0,False,3.338255273108688e-06,2.0031820661678142e-05,2.337007593478683e-05
2024-01-08,300750.SZ,-6.637744770833931e-06,0,-0.0,False,3.4249732769324294e-06,2.0003570109449004e-05,2.3428543386381433e-05
2024-01-09,300750.SZ,-3.02037970810117e-05,0,-0.0,False,3.5677479343024917e-06,1.9868517924217345e-05,2.3436265858519838e-05
2024-01-10,300750.SZ,-3.249505463856105e-05,0,-0.0,False,3.261093741826813e-06,2.010398867116088e-05,2.3365082412987693e-05
2024-01-11,300750.SZ,-8.524906945467183e-06,0,-0.0,False,3.3495099774514876e-06,1.9920856439899287e-05,2.3270366417350775e-05
2024-01-12,300750.SZ,-1.8637896852435854e-05,0,-0.0,False,3.0037197146161354e-06,1.9761882148701888e-05,2.2765601863318023e-05
2024-01-15,300750.SZ,-2.0949587015119658e-05,0,-0.0,False,2.706005768925436e-06,1.9816949968038787e-05,2.2522955736964222e-05
2024-01-16,300750.SZ,-4.653373594134693e-05,0,-0.0,False,2.5221994573231602e-06,1.993384981440915e-05,2.245604927173231e-05
2024-01-17,300750.SZ,3.146162483794413e-05,1,-1.0,True,1.9633002737004708e-06,2.0360246218326115e-05,2.2323546492026585e-05
2024-01-18,300750.SZ,-2.108580479602532e-05,0,-0.0,False,2.3302824617724036e-06,2.0492426840132883e-05,2.2822709301905286e-05
2024-01-19,300750.SZ,1.5562084710204882e-05,0,-0.0,False,2.124411497596631e-06,2.0603168258061685e-05,2.2727579755658314e-05
2024-01-22,300750.SZ,-2.49440199419226e-05,0,-0.0,False,2.261718683494998e-06,2.0637618936649195e-05,2.2899337620144192e-05
2024-01-23,300750.SZ,1.331650145383282e-05,0,-0.0,False,1.9444353521873297e-06,2.0761429857617454e-05,2.2705865209804782e-05
2024-01-24,300750.SZ,,0,-0.0,False,,,
2024-01-25,300750.SZ,,0,-0.0,False,,,
2024-01-26,300750.SZ,,0,-0.0,False,,,
2024-01-29,300750.SZ,,0,-0.0,False,,,
2024-01-30,300750.SZ,,0,-0.0,False,,,
2024-01-31,300750.SZ,,0,-0.0,False,,,
2024-02-01,300750.SZ,,0,-0.0,False,,,
2024-02-02,300750.SZ,,0,-0.0,False,,,
2024-02-05,300750.SZ,,0,-0.0,False,,,
2024-02-06,300750.SZ,,0,-0.0,False,,,
2024-02-07,300750.SZ,,0,-0.0,False,,,
2024-02-08,300750.SZ,,0,-0.0,False,,,
2024-02-19,300750.SZ,3.962793850273874e-05,1,-1.0,True,2.2011229072601918e-06,2.0709530677948997e-05,2.291065358520919e-05
2024-02-20,300750.SZ,3.2585259349740415e-05,1,-1.0,True,2.4086971049693445e-06,2.0959379001947322e-05,2.3368076106916668e-05
2024-02-21,300750.SZ,-1.4552278172486482e-05,0,-0.0,False,2.6933489583809366e-06,2.113605798284599e-05,2.3829406941226927e-05
2024-02-22,300750.SZ,-7.529758497981273e-06,0,-0.0,False,2.607972993527755e-06,2.118520779897508e-05,2.3793180792502836e-05
2024-02-23,300750.SZ,,0,-0.0,False,,,
2024-02-26,300750.SZ,,0,-0.0,False,,,
2024-02-27,300750.SZ,,0,-0.0,False,,,
2024-02-28,300750.SZ,,0,-0.0,False,,,
2024-02-29,300750.SZ,,0,-0.0,False,,,
2024-03-01,300750.SZ,,0,-0.0,False,,,
2024-03-04,300750.SZ,9.815390348807334e-06,0,-0.0,False,2.4497041181160854e-06,2.118944470456296e-05,2.3639148822679042e-05
2024-03-05,300750.SZ,-2.543775234894248e-05,0,-0.0,False,2.5151344108322225e-06,2.1200051314385264e-05,2.3715185725217485e-05
2024-03-06,300750.SZ,1.8804340409187754e-05,0,-0.0,False,2.355139879126987e-06,2.1338663076676822e-05,2.3693802955803808e-05
2024-03-07,300750.SZ,1.1106504740852474e-05,0,-0.0,False,2.5045667829800143e-06,2.1390916722536078e-05,2.3895483505516092e-05
2024-03-08,300750.SZ,1.2662190988421333e-05,0,-0.0,False,2.545547856541283e-06,2.1402741769570107e-05,2.394828962611139e-05
2024-03-11,300750.SZ,-4.443570535416805e-05,0,-0.0,False,2.576489036910339e-06,2.1414757628078403e-05,2.3991246664988742e-05
2024-03-12,300750.SZ,-9.730457122867782e-05,0,-0.0,False,2.24998179113875e-06,2.182983337608059e-05,2.407981516721934e-05
2024-03-13,300750.SZ,3.569092624636281e-05,1,-1.0,True,1.3646402668740124e-06,2.3636034754427955e-05,2.5000675021301968e-05
2024-03-14,300750.SZ,1.729334913033071e-05,0,-0.0,False,1.5743207435773562e-06,2.382884032393968e-05,2.5403161067517038e-05
2024-03-15,300750.SZ,4.993377846602595e-06,0,-0.0,False,1.49044997477297e-06,2.3754924462634628e-05,2.5245374437407597e-05
2024-03-18,300750.SZ,5.053717382614095e-05,1,-1.0,True,1.5054688757843573e-06,2.3756578408324526e-05,2.5262047284108882e-05
2024-03-19,300750.SZ,1.1825361063617885e-05,0,-0.0,False,2.0144222028221835e-06,2.4147415730445496e-05,2.616183793326768e-05
2024-03-20,300750.SZ,-8.436959543721178e-06,0,-0.0,False,2.3245228970772247e-06,2.403123265370421e-05,2.6355755550781435e-05
2024-03-21,300750.SZ,2.9560897104228992e-05,1,-1.0,True,2.27644098299758e-06,2.4047070871539074e-05,2.6323511854536653e-05
2024-03-22,300750.SZ,1.1191686468875147e-05,0,-0.0,False,2.6794125491407534e-06,2.4096105365279965e-05,2.6775517914420718e-05
2024-03-25,300750.SZ,1.3029139410021764e-05,0,-0.0,False,2.4052079809659488e-06,2.3806315106690163e-05,2.6211523087656114e-05
2024-03-26,300750.SZ,-1.2275199191497842e-05,0,-0.0,False,2.6423222908121156e-06,2.3768907716750648e-05,2.6411230007562765e-05
2024-03-27,300750.SZ,8.670492005698347e-06,0,-0.0,False,2.699744772630678e-06,2.3724060447306396e-05,2.6423805219937075e-05
2024-03-28,300750.SZ,1.2702585264056578e-05,0,-0.0,False,2.642508300567844e-06,2.370109876679262e-05,2.6343607067360463e-05
2024-03-29,300750.SZ,9.61235442403684e-06,0,-0.0,False,2.665461695329844e-06,2.3709565662559842e-05,2.6375027357889687e-05
2024-04-01,300750.SZ,-4.849387729985042e-06,0,-0.0,False,2.899778964234949e-06,2.3637409619793272e-05,2.6537188584028222e-05
2024-04-02,300750.SZ,-3.9316806447563204e-06,0,-0.0,False,2.6918682568478737e-06,2.3594534900919126e-05,2.6286403157767e-05
2024-04-03,300750.SZ,-3.5174739265484446e-05,0,-0.0,False,2.8529594331101e-06,2.348156240556751e-05,2.633452183867761e-05
2024-04-08,300750.SZ,2.80265818385058e-06,0,-0.0,False,2.6349326522992028e-06,2.371297282974594e-05,2.6347905482045145e-05
2024-04-09,300750.SZ,-2.4994873504017664e-06,0,-0.0,False,2.7279407446744324e-06,2.369137048047176e-05,2.6419311225146192e-05
2024-04-10,300750.SZ,1.3884153369984581e-06,0,-0.0,False,2.6147996255819076e-06,2.3683579184414157e-05,2.6298378809996064e-05
2024-04-11,300750.SZ,,0,-0.0,False,,,
2024-04-12,300750.SZ,,0,-0.0,False,,,
2024-04-15,300750.SZ,,0,-0.0,False,,,
2024-04-16,300750.SZ,,0,-0.0,False,,,
2024-04-17,300750.SZ,-1.0031550272484003e-05,0,-0.0,False,2.4227487610978923e-06,2.3598443310104917e-05,2.6021192071202808e-05
2024-04-18,300750.SZ,-6.6709128919576176e-06,0,-0.0,False,2.470348398017455e-06,2.3567232898462244e-05,2.60375812964797e-05
2024-04-19,300750.SZ,1.5507172365164946e-05,0,-0.0,False,2.4658062063105045e-06,2.35689560579248e-05,2.6034762264235302e-05
2024-04-22,300750.SZ,2.8211140566925444e-05,1,-1.0,True,2.7748234296920533e-06,2.34940811455482e-05,2.6268904575240254e-05
2024-04-23,300750.SZ,,0,-0.0,False,,,
2024-04-24,300750.SZ,9.771017135922701e-06,0,-0.0,False,2.937967080308995e-06,2.360282947286772e-05,2.6540796553176714e-05
2024-04-25,300750.SZ,-1.0557206620188446e-05,0,-0.0,False,2.976267164167986e-06,2.3610217794736292e-05,2.6586484958904278e-05
2024-04-26,300750.SZ,-7.238577025449737e-06,0,-0.0,False,2.898352113493428e-06,2.3639549377908036e-05,2.6537901491401463e-05
2024-04-29,300750.SZ,4.2525144187750576e-05,1,-1.0,True,2.9403240730668e-06,2.3616842722582823e-05,2.6557166795649622e-05
2024-04-30,300750.SZ,3.5969655485424864e-05,1,-1.0,True,3.1587697918775316e-06,2.3861525438206038e-05,2.702029523008357e-05
2024-05-06,300750.SZ,2.7781055105105846e-05,1,-1.0,True,3.3125632154429782e-06,2.4013817045352184e-05,2.732638026079516e-05
2024-05-07,300750.SZ,-2.936744088880833e-06,0,-0.0,False,3.3052448814200104e-06,2.40061601960897e-05,2.7311405077509713e-05
2024-05-08,300750.SZ,4.376980155691502e-06,0,-0.0,False,3.1989907837416387e-06,2.4005328291953248e-05,2.7204319075694888e-05
2024-05-09,300750.SZ,-2.9484626198690873e-05,0,-0.0,False,3.2008951351995846e-06,2.4005413310710324e-05,2.720630844590991e-05
2024-05-10,300750.SZ,2.3813340859200132e-05,0,-0.0,False,3.0263932770728694e-06,2.4167076270712938e-05,2.7193469547785807e-05
2024-05-13,300750.SZ,-2.0295015616103382e-05,0,-0.0,False,3.0398626216644767e-06,2.417829848368252e-05,2.7218161105347e-05
2024-05-14,300750.SZ,-6.276333402381987e-07,0,-0.0,False,2.712094773432339e-06,2.4226164111645214e-05,2.6938258885077552e-05
2024-05-15,300750.SZ,4.9707492094490755e-06,0,-0.0,False,2.5460320730323288e-06,2.4179758510172027e-05,2.6725790583204356e-05
2024-05-16,300750.SZ,-1.2398516311633337e-05,0,-0.0,False,2.424590257530982e-06,2.4130216135026764e-05,2.6554806392557746e-05
2024-05-17,300750.SZ,-9.321015493989647e-06,0,-0.0,False,2.292003080263988e-06,2.416787314343998e-05,2.6459876223703968e-05
2024-05-20,300750.SZ,8.875864452804912e-06,0,-0.0,False,1.9905833807503635e-06,2.408443507094373e-05,2.6075018451694095e-05
2024-05-21,300750.SZ,1.7686570984505353e-05,0,-0.0,False,2.0274391916542866e-06,2.409161806961414e-05,2.6119057261268425e-05
2024-05-22,300750.SZ,1.2105950880651912e-05,0,-0.0,False,2.4564735955718753e-06,2.3905980202468606e-05,2.6362453798040482e-05
2024-05-23,300750.SZ,-7.778421440498167e-06,0,-0.0,False,2.488730285541224e-06,2.391645214779602e-05,2.6405182433337245e-05
2024-05-24,300750.SZ,7.342159478205301e-06,0,-0.0,False,2.7374727854533404e-06,2.364944992525914e-05,2.6386922710712478e-05
2024-05-27,300750.SZ,1.556416826656293e-05,0,-0.0,False,2.973228330605858e-06,2.3552157245735836e-05,2.6525385576341693e-05
2024-05-28,300750.SZ,5.915709942997913e-06,0,-0.0,False,3.074587205029755e-06,2.3580169894345247e-05,2.6654757099375e-05
2024-05-29,300750.SZ,1.2757155918556886e-05,0,-0.0,False,2.93090986734777e-06,2.350919665097567e-05,2.644010651832344e-05
2024-05-30,300750.SZ,-3.367925820192732e-06,0,-0.0,False,3.2101130674571962e-06,2.342442582394814e-05,2.6634538891405335e-05
2024-05-31,300750.SZ,1.5970736943680932e-05,0,-0.0,False,3.078732577063906e-06,2.3416673337228165e-05,2.649540591429207e-05
2024-06-03,300750.SZ,-1.4569417419383564e-05,0,-0.0,False,3.069598015671475e-06,2.3411384073922734e-05,2.648098208959421e-05
2024-06-04,300750.SZ,1.8446434660264037e-06,0,-0.0,False,2.6544884937475886e-06,2.3277344650144718e-05,2.5931833143892305e-05
2024-06-05,300750.SZ,6.80888676785676e-06,0,-0.0,False,2.5003661603577387e-06,2.3220425324698358e-05,2.5720791485056095e-05
2024-06-06,300750.SZ,-2.081081900572235e-05,0,-0.0,False,2.232138030649516e-06,2.297996377405553e-05,2.5212101804705045e-05
2024-06-07,300750.SZ,2.7470297155939835e-05,1,-1.0,True,1.637627769938661e-06,2.26402651184324e-05,2.427789288837106e-05
2024-06-11,300750.SZ,8.364255165463693e-06,0,-0.0,False,1.8141555917077842e-06,2.2759093119246966e-05,2.457324871095475e-05
2024-06-12,300750.SZ,-8.007604481366817e-07,0,-0.0,False,1.7646030945903866e-06,2.2738120213507075e-05,2.450272330809746e-05
2024-06-13,300750.SZ,-6.213840092196456e-07,0,-0.0,False,1.6377253348234683e-06,2.270934464015305e-05,2.434706997497652e-05
2024-06-14,300750.SZ,-3.183471668403184e-05,0,-0.0,False,1.90891675175051e-06,2.2483439137082303e-05,2.4392355888832814e-05
2024-06-17,300750.SZ,-2.004076373021529e-05,0,-0.0,False,1.894111250664541e-06,2.250524090727952e-05,2.439935215794406e-05
2024-06-18,300750.SZ,-2.718287915657628e-05,0,-0.0,False,1.7591291053637338e-06,2.2588361931607017e-05,2.434749103697075e-05
2024-06-19,300750.SZ,-1.08861606366047e-05,0,-0.0,False,1.4308358000296186e-06,2.2721051355883225e-05,2.4151887155912842e-05
2024-06-20,300750.SZ,-5.500662755666054e-06,0,-0.0,False,1.4563319377917916e-06,2.2705362972902972e-05,2.4161694910694764e-05
2024-06-21,300750.SZ,1.1391013001107698e-06,0,-0.0,False,1.365900400573594e-06,2.2711329950116084e-05,2.4077230350689678e-05
2024-06-24,300750.SZ,-2.2685850697642233e-05,0,-0.0,False,1.3764802163431486e-06,2.2710922727700963e-05,2.4087402944044113e-05
2024-06-25,300750.SZ,,0,-0.0,False,,,
2024-06-26,300750.SZ,,0,-0.0,False,,,
2024-06-27,300750.SZ,,0,-0.0,False,,,
2024-06-28,300750.SZ,,0,-0.0,False,,,
2024-07-01,300750.SZ,,0,-0.0,False,,,
2024-07-02,300750.SZ,-2.391844495486136e-05,0,-0.0,False,1.3998573355966776e-06,2.2684462972279862e-05,2.408432030787654e-05
2024-07-03,300750.SZ,-1.6867699090491828e-05,0,-0.0,False,1.0180922673038742e-06,2.2722132563372504e-05,2.3740224830676378e-05
2024-07-04,300750.SZ,3.803860354429244e-06,0,-0.0,False,1.0383605894798445e-06,2.270493471638647e-05,2.3743295305866314e-05
2024-07-05,300750.SZ,1.2821217908238093e-05,0,-0.0,False,1.0649015368872664e-06,2.2706301784523517e-05,2.3771203321410784e-05
2024-07-08,300750.SZ,-3.1414584575869647e-07,0,-0.0,False,1.1848834194278437e-06,2.2730253535836207e-05,2.3915136955264052e-05
2024-07-09,300750.SZ,5.521500500775937e-06,0,-0.0,False,1.1087770859679027e-06,2.271976610523231e-05,2.3828543191200213e-05
2024-07-10,300750.SZ,2.694843259830953e-05,1,-1.0,True,9.921300731101585e-07,2.2660305252137237e-05,2.3652435325247394e-05
2024-07-11,300750.SZ,1.3890819100451666e-07,0,-0.0,False,1.1741003928850133e-06,2.2781022884634388e-05,2.39551232775194e-05
2024-07-12,300750.SZ,-1.718772124337217e-05,0,-0.0,False,1.2187138133452251e-06,2.277364712792959e-05,2.3992360941274814e-05
2024-07-15,300750.SZ,3.112845164023426e-06,0,-0.0,False,9.857150799036263e-07,2.2818070378613006e-05,2.3803785458516634e-05
2024-07-16,300750.SZ,-1.1564921734831221e-06,0,-0.0,False,8.884337484036849e-07,2.278359656925828e-05,2.3672030317661965e-05
2024-07-17,300750.SZ,-3.997020839508011e-05,0,-0.0,False,7.674871944132281e-07,2.275535569071909e-05,2.352284288513232e-05
2024-07-18,300750.SZ,-6.225417084678009e-05,0,-0.0,False,5.623895406712403e-07,2.301139728541277e-05,2.357378682608401e-05
2024-07-19,300750.SZ,-1.042787556739003e-05,0,-0.0,False,-8.807065579071352e-08,2.3670769795968945e-05,2.358269914017823e-05
2024-07-22,300750.SZ,2.1909311870551143e-05,0,-0.0,False,-4.137941559163541e-07,2.3540439901100784e-05,2.312664574518443e-05
2024-07-23,300750.SZ,3.7825390092571115e-06,0,-0.0,False,-7.385864595610888e-08,2.356601127632912e-05,2.3492152630373013e-05
2024-07-24,300750.SZ,-5.749613435294846e-06,0,-0.0,False,-3.249361611222944e-07,2.3360483197898665e-05,2.303554703677637e-05
2024-07-25,300750.SZ,8.866716841847625e-06,0,-0.0,False,-1.5285821399337897e-07,2.3242558688045197e-05,2.3089700474051818e-05
2024-07-26,300750.SZ,3.2103976004535256e-05,1,-1.0,True,-1.784752657410202e-07,2.323080863320748e-05,2.305233336746646e-05
2024-07-29,300750.SZ,-3.169682432994872e-05,0,-0.0,False,-1.4759457774148467e-07,2.327154218718813e-05,2.3123947609446646e-05
2024-07-30,300750.SZ,-1.6266445022926448e-05,0,-0.0,False,-6.47819841907337e-07,2.3299391933681207e-05,2.265157209177387e-05
2024-07-31,300750.SZ,-6.858040679828406e-06,0,-0.0,False,-5.139388480653872e-07,2.3161550097687787e-05,2.26476112496224e-05
2024-08-01,300750.SZ,5.563152155949239e-05,1,-1.0,True,-3.488445916631066e-07,2.3043857023268195e-05,2.2695012431605088e-05
2024-08-02,300750.SZ,2.5796092167812927e-05,1,-1.0,True,-7.22074528033088e-08,2.3514131943306462e-05,2.344192449050315e-05
2024-08-05,300750.SZ,8.241181018981564e-06,0,-0.0,False,3.390587796222027e-07,2.353152795221153e-05,2.3870586731833732e-05
2024-08-06,300750.SZ,3.496292265313164e-05,1,-1.0,True,3.289664411255797e-07,2.3527846003652987e-05,2.3856812444778567e-05
2024-08-07,300750.SZ,,0,-0.0,False,,,
2024-08-08,300750.SZ,,0,-0.0,False,,,
2024-08-09,300750.SZ,1.869648763208727e-05,0,-0.0,False,4.132384368560841e-07,2.3634284438186835e-05,2.4047522875042917e-05
2024-08-12,300750.SZ,-4.486971942605343e-05,0,-0.0,False,3.3581396682281043e-07,2.3558290098519924e-05,2.3894104065342734e-05
2024-08-13,300750.SZ,-3.9287754247485654e-05,0,-0.0,False,-1.854107603796264e-07,2.3861361606148278e-05,2.367595084576865e-05
2024-08-14,300750.SZ,2.9934597558034116e-06,0,-0.0,False,-7.26331008639816e-07,2.4006688376144878e-05,2.3280357367505062e-05
2024-08-15,300750.SZ,-1.3895938871840354e-05,0,-0.0,False,-5.821746143884687e-07,2.397638260913075e-05,2.3394207994742282e-05
2024-08-16,300750.SZ,3.052044260903563e-06,0,-0.0,False,-9.539731247200617e-07,2.3832400318994992e-05,2.287842719427493e-05
2024-08-19,300750.SZ,-2.130835010014388e-05,0,-0.0,False,-4.220573085777842e-07,2.318961167188015e-05,2.2767554363302365e-05
2024-08-20,300750.SZ,-1.2001110843716573e-05,0,-0.0,False,-7.883189279428591e-07,2.316933522159081e-05,2.238101629364795e-05
2024-08-21,300750.SZ,1.3764302670863034e-06,0,-0.0,False,-9.059763092587781e-07,2.3190293062864808e-05,2.228431675360603e-05
2024-08-22,300750.SZ,-7.3512117008621335e-06,0,-0.0,False,-8.391915172761095e-07,2.3185186949791113e-05,2.2345995432515005e-05
2024-08-23,300750.SZ,-4.132479693793845e-05,0,-0.0,False,-6.487533057748632e-07,2.303533433355579e-05,2.2386581027780927e-05
2024-08-26,300750.SZ,-1.675276878854314e-05,0,-0.0,False,-7.223344916030081e-07,2.3151723283639337e-05,2.2429388792036327e-05
2024-08-27,300750.SZ,-2.8057268221782014e-05,0,-0.0,False,-7.909000069619744e-07,2.318718190676755e-05,2.2396281899805576e-05
2024-08-28,300750.SZ,-1.8970428277721714e-05,0,-0.0,False,-8.693947683731925e-07,2.3263922972511232e-05,2.239452820413804e-05
2024-08-29,300750.SZ,2.3010502362193075e-05,1,-1.0,True,-8.529017788948762e-07,2.3250265018393328e-05,2.2397363239498453e-05
2024-08-30,300750.SZ,-3.290527411247172e-05,0,-0.0,False,-2.733664596987095e-07,2.296706156097301e-05,2.26936951012743e-05
2024-09-02,300750.SZ,-5.30930930523262e-06,0,-0.0,False,-8.097572842855084e-07,2.2971306545250962e-05,2.2161549260965456e-05
2024-09-03,300750.SZ,-2.1517138141533027e-05,0,-0.0,False,-6.782864885289024e-07,2.28993199635525e-05,2.2221033475023595e-05
2024-09-04,300750.SZ,-1.9803168880878266e-05,0,-0.0,False,-9.87280012293385e-07,2.2928484827591327e-05,2.1941204815297943e-05
2024-09-05,300750.SZ,5.42405972858523e-06,0,-0.0,False,-9.444395867846823e-07,2.288811416100441e-05,2.1943674574219725e-05
2024-09-06,300750.SZ,-5.658613207072389e-06,0,-0.0,False,-1.0102099344950788e-06,2.285811017048226e-05,2.1847900235987182e-05
2024-09-09,300750.SZ,3.061763267546925e-05,1,-1.0,True,-1.3875978654101715e-06,2.2553344571860725e-05,2.1165746706450552e-05
2024-09-10,300750.SZ,5.469340948803198e-05,1,-1.0,True,-1.4039947543624313e-06,2.2529140104051574e-05,2.112514534968914e-05
2024-09-11,300750.SZ,-2.1287432596918514e-05,0,-0.0,False,-8.269473571914442e-07,2.3069857314998376e-05,2.224290995780693e-05
2024-09-12,300750.SZ,,0,-0.0,False,,,
2024-09-13,300750.SZ,,0,-0.0,False,,,
2024-09-18,300750.SZ,,0,-0.0,False,,,
2024-09-19,300750.SZ,,0,-0.0,False,,,
2024-09-20,300750.SZ,,0,-0.0,False,,,
2024-09-23,300750.SZ,,0,-0.0,False,,,
2024-09-24,300750.SZ,,0,-0.0,False,,,
2024-09-25,300750.SZ,,0,-0.0,False,,,
2024-09-26,300750.SZ,,0,-0.0,False,,,
2024-09-27,300750.SZ,-4.035563478113292e-05,0,-0.0,False,-9.415946413492544e-07,2.313753292751988e-05,2.2195938286170626e-05
2024-09-30,300750.SZ,-3.774057811261324e-05,0,-0.0,False,-1.35968651743209e-06,2.3393399180814032e-05,2.2033712663381942e-05
2024-10-08,300750.SZ,-6.551552580686476e-05,0,-0.0,False,-1.4622100654626794e-06,2.3526391151401797e-05,2.206418108593912e-05
2024-10-09,300750.SZ,4.592220667387459e-05,1,-1.0,True,-2.1648756172631174e-06,2.4166489075905234e-05,2.2001613458642115e-05
2024-10-10,300750.SZ,-5.0253265432276264e-05,0,-0.0,False,-1.874744767821266e-06,2.453336280189084e-05,2.2658618034069572e-05
2024-10-11,300750.SZ,6.537002191084133e-06,0,-0.0,False,-2.3990402379937462e-06,2.4889772700636005e-05,2.249073246264226e-05
2024-10-14,300750.SZ,-5.113170557400556e-06,0,-0.0,False,-1.974267675116645e-06,2.4599602589229267e-05,2.2625334914112622e-05
2024-10-15,300750.SZ,4.0527219282267635e-06,0,-0.0,False,-1.2060060028560008e-06,2.2983894996180073e-05,2.1777888993324073e-05
2024-10-16,300750.SZ,5.220219076305636e-06,0,-0.0,False,-1.4696577055071346e-06,2.2737227685873078e-05,2.1267569980365943e-05
2024-10-17,300750.SZ,,0,-0.0,False,,,
2024-10-18,300750.SZ,,0,-0.0,False,,,
2024-10-21,300750.SZ,1.1099970371129958e-05,0,-0.0,False,-1.5702671226240104e-06,2.268014542309679e-05,2.1109878300472777e-05
2024-10-22,300750.SZ,8.44068282308554e-06,0,-0.0,False,-1.5193788515862822e-06,2.2701836689856333e-05,2.118245783827005e-05
2024-10-23,300750.SZ,2.7394546788164075e-05,1,-1.0,True,-1.8701829432784106e-06,2.2210600813791235e-05,2.0340417870512825e-05
2024-10-24,300750.SZ,4.276013311458495e-06,0,-0.0,False,-1.7404397289071926e-06,2.233639309391267e-05,2.0595953365005476e-05
2024-10-25,300750.SZ,-7.926472201440587e-06,0,-0.0,False,-1.6344982884473616e-06,2.233451333359001e-05,2.070001504514265e-05
2024-10-28,300750.SZ,1.4029711075598581e-06,0,-0.0,False,-1.946893032661275e-06,2.215596988821661e-05,2.0209076855555332e-05
2024-10-29,300750.SZ,4.992235352577851e-06,0,-0.0,False,-2.028465660672236e-06,2.2125188890239146e-05,2.009672322956691e-05
2024-10-30,300750.SZ,3.914324801853176e-06,0,-0.0,False,-2.095439861150935e-06,2.209136386548843e-05,1.9995924004337495e-05
2024-10-31,300750.SZ,1.679220023767417e-05,0,-0.0,False,-1.960527161206343e-06,2.2078104316294316e-05,2.0117577155087974e-05
2024-11-01,300750.SZ,9.455889977748344e-06,0,-0.0,False,-1.8928462592732112e-06,2.2123370027937268e-05,2.0230523768664058e-05
2024-11-04,300750.SZ,-6.913809070254853e-06,0,-0.0,False,-1.91990205332578e-06,2.2107350011023308e-05,2.018744795769753e-05
2024-11-05,300750.SZ,-1.3109973546916022e-05,0,-0.0,False,-2.057620082444877e-06,2.208637098931594e-05,2.002875090687106e-05
2024-11-06,300750.SZ,-5.567351693245997e-06,0,-0.0,False,-2.126458297585969e-06,2.210800800584001e-05,1.9981549708254038e-05
2024-11-07,300750.SZ,-1.5742027471278002e-05,0,-0.0,False,-2.140088889656716e-06,2.2109634533396128e-05,1.996954564373941e-05
2024-11-08,300750.SZ,3.936473738585826e-06,0,-0.0,False,-1.978149624704996e-06,2.193612853042616e-05,1.9957978905721164e-05
2024-11-11,300750.SZ,-1.7570677009628245e-05,0,-0.0,False,-1.9687011617488688e-06,2.1938449112685066e-05,1.9969747950936197e-05
2024-11-12,300750.SZ,2.8235079213143047e-05,1,-1.0,True,-2.094294408909089e-06,2.1984604518366112e-05,1.9890310109457022e-05
2024-11-13,300750.SZ,-2.1654542537859432e-05,0,-0.0,False,-1.8705722099412177e-06,2.2156273255876882e-05,2.0285701045935665e-05
2024-11-14,300750.SZ,1.0713706419327081e-05,0,-0.0,False,-1.9674304788193466e-06,2.2217570275031527e-05,2.025013979621218e-05
2024-11-15,300750.SZ,1.662299787756065e-05,0,-0.0,False,-1.8225586512253071e-06,2.2243307177106116e-05,2.042074852588081e-05
2024-11-18,300750.SZ,1.0190294216032924e-05,0,-0.0,False,-1.8132601052886765e-06,2.225084449154407e-05,2.043758438625539e-05
2024-11-19,300750.SZ,6.04656362757848e-06,0,-0.0,False,-1.9634338248794476e-06,2.2106849771764235e-05,2.0143415946884788e-05
2024-11-20,300750.SZ,7.342791643736229e-06,0,-0.0,False,-1.9944709374489826e-06,2.2092846695175182e-05,2.00983757577262e-05
2024-11-21,300750.SZ,-6.942434348602167e-06,0,-0.0,False,-1.8453042852496101e-06,2.2094975489480245e-05,2.0249671204230636e-05
2024-11-22,300750.SZ,1.929858636956369e-06,0,-0.0,False,-1.8428364296092137e-06,2.209438456682092e-05,2.0251548137211706e-05
2024-11-25,300750.SZ,2.0925699035821804e-06,0,-0.0,False,-2.1811304758658323e-06,2.1716902776369763e-05,1.9535772300503932e-05
2024-11-26,300750.SZ,3.460829114508297e-06,0,-0.0,False,-2.463439522381188e-06,2.1435158881224482e-05,1.8971719358843294e-05
2024-11-27,300750.SZ,-7.48870523555101e-06,0,-0.0,False,-2.666108072302834e-06,2.126106175242513e-05,1.8594953680122295e-05
2024-11-28,300750.SZ,-3.447130959064876e-06,0,-0.0,False,-2.704041081858419e-06,2.1265608880109164e-05,1.8561567798250746e-05
2024-11-29,300750.SZ,-6.794395215553935e-06,0,-0.0,False,-2.769242007814722e-06,2.1255707999666058e-05,1.8486465991851337e-05
2024-12-02,300750.SZ,2.2024886679811887e-06,0,-0.0,False,-2.5801567496219145e-06,2.1116525310835744e-05,1.853636856121383e-05
2024-12-03,300750.SZ,-6.677759697510943e-06,0,-0.0,False,-2.7602471845487388e-06,2.098125901978267e-05,1.822101183523393e-05
2024-12-04,300750.SZ,2.3799266239826865e-06,0,-0.0,False,-2.6467700518938016e-06,2.0922367093325177e-05,1.8275597041431373e-05
2024-12-05,300750.SZ,9.923008907190919e-07,0,-0.0,False,-2.6217070521919614e-06,2.0926607107283685e-05,1.8304900055091722e-05
2024-12-06,300750.SZ,-2.4798984819385613e-06,0,-0.0,False,-2.654860788181378e-06,2.091762697600999e-05,1.8262766187828612e-05
2024-12-09,300750.SZ,-7.788741013868106e-06,0,-0.0,False,-2.5722056396005874e-06,2.089838943627822e-05,1.8326183796677632e-05
2024-12-10,300750.SZ,2.094311812855421e-05,1,-1.0,True,-2.559436685599575e-06,2.0894699035021044e-05,1.833526234942147e-05
2024-12-11,300750.SZ,1.0841978267606265e-05,0,-0.0,False,-2.4588762383016643e-06,2.0979064347395674e-05,1.852018810909401e-05
2024-12-12,300750.SZ,-9.928002453968137e-06,0,-0.0,False,-2.51591451094249e-06,2.093308648186329e-05,1.84171719709208e-05
2024-12-13,300750.SZ,7.733914664078761e-06,0,-0.0,False,-2.6995307887309903e-06,2.0900362538943188e-05,1.8200831750212197e-05
2024-12-16,300750.SZ,-1.1311442525804245e-05,0,-0.0,False,-2.5702613211928495e-06,2.0916651269486404e-05,1.8346389948293555e-05
2024-12-17,300750.SZ,-3.215726100155559e-05,0,-0.0,False,-2.725708004559595e-06,2.0911679471789113e-05,1.818597146722952e-05
2024-12-18,300750.SZ,2.191259599482337e-06,0,-0.0,False,-3.1233865817939163e-06,2.1014445053739107e-05,1.789105847194519e-05
2024-12-19,300750.SZ,2.4198323111456178e-06,0,-0.0,False,-3.1544236679898798e-06,2.100373032315268e-05,1.7849306655162802e-05
2024-12-20,300750.SZ,1.1452773512110542e-05,0,-0.0,False,-3.2405680313849736e-06,2.0959073619927554e-05,1.771850558854258e-05
2024-12-23,300750.SZ,-9.821009405637056e-06,0,-0.0,False,-3.1170622036157794e-06,2.100194006577214e-05,1.788487786215636e-05
2024-12-24,300750.SZ,-3.063247325769553e-05,0,-0.0,False,-3.3319934231934293e-06,2.093683021543614e-05,1.7604836792242712e-05
2024-12-25,300750.SZ,-8.079526342283448e-06,0,-0.0,False,-3.465852221846029e-06,2.1060265385875397e-05,1.7594413164029368e-05
2024-12-26,300750.SZ,1.0451318794657548e-05,0,-0.0,False,-3.548553636915278e-06,2.1058721915747404e-05,1.7510168278832126e-05
2024-12-27,300750.SZ,-3.082953277371868e-05,0,-0.0,False,-3.5182000366919384e-06,2.107639401446121e-05,1.7558193977769272e-05
2024-12-30,300750.SZ,-1.5009282528231557e-05,0,-0.0,False,-3.6016893180919075e-06,2.1165127006616095e-05,1.756343768852419e-05
2024-12-31,300750.SZ,3.670389877332389e-06,0,-0.0,False,-3.955685815460002e-06,2.0995633151514573e-05,1.703994733605457e-05
2025-01-02,300750.SZ,2.019532125221378e-06,0,-0.0,False,-3.994801359527763e-06,2.097685183622804e-05,1.6982050476700278e-05
2025-01-03,300750.SZ,-1.3265304443378052e-06,0,-0.0,False,-3.9712989214164465e-06,2.0982039792433258e-05,1.7010740871016813e-05
2025-01-06,300750.SZ,-1.099192857690682e-05,0,-0.0,False,-3.977175141709097e-06,2.0981192457376185e-05,1.7004017315667087e-05
2025-01-07,300750.SZ,-4.1597774374773026e-05,0,-0.0,False,-3.8034852408163893e-06,2.083439826128197e-05,1.703091302046558e-05
2025-01-08,300750.SZ,1.9395358666448607e-06,0,-0.0,False,-3.9831269961877035e-06,2.106721386368714e-05,1.7084086867499435e-05
2025-01-09,300750.SZ,-1.5652713531807118e-05,0,-0.0,False,-3.7404402043275273e-06,2.0965208135382993e-05,1.7224767931055466e-05
2025-01-10,300750.SZ,-1.1614737815225928e-07,0,-0.0,False,-3.780161478454214e-06,2.0983367945259214e-05,1.7203206466805002e-05
2025-01-13,300750.SZ,-1.0020917168068126e-05,0,-0.0,False,-3.7352905169749323e-06,2.0985414938165367e-05,1.7250124421190435e-05
2025-01-14,300750.SZ,1.099390672271966e-06,0,-0.0,False,-3.828290670876423e-06,2.0988360259291962e-05,1.716006958841554e-05
2025-01-15,300750.SZ,6.256934712844564e-06,0,-0.0,False,-3.630080326127138e-06,2.0920979918814633e-05,1.7290899592687494e-05
2025-01-16,300750.SZ,1.4186162051817856e-05,0,-0.0,False,-3.3786188288962556e-06,2.0856320822479248e-05,1.7477701993582993e-05
2025-01-17,300750.SZ,-9.289995918968585e-07,0,-0.0,False,-3.1198366527103415e-06,2.088018604168099e-05,1.776034938897065e-05
2025-01-20,300750.SZ,-4.7475583385842223e-07,0,-0.0,False,-3.159277152263059e-06,2.0871466117123466e-05,1.7712188964860407e-05
2025-01-21,300750.SZ,9.605190651497228e-06,0,-0.0,False,-3.2700769334471965e-06,2.0821149333556046e-05,1.755107240010885e-05
2025-01-22,300750.SZ,3.68278461558102e-06,0,-0.0,False,-3.1874157959700636e-06,2.0852649496533785e-05,1.766523370056372e-05
2025-01-23,300750.SZ,2.0256821933754715e-06,0,-0.0,False,-3.2027384283466884e-06,2.084687111292566e-05,1.764413268457897e-05
2025-01-24,300750.SZ,,0,-0.0,False,,,
2025-01-27,300750.SZ,,0,-0.0,False,,,
2025-02-05,300750.SZ,3.155463542566125e-05,1,-1.0,True,-3.4104280150544723e-06,2.0667336967257276e-05,1.7256908952202804e-05
2025-02-06,300750.SZ,4.835794566179724e-06,0,-0.0,False,-3.1486302880989995e-06,2.091022277605987e-05,1.776159248796087e-05
2025-02-07,300750.SZ,-3.753205128127451e-05,0,-0.0,False,-2.965100989686067e-06,2.0882598113774336e-05,1.791749712408827e-05
2025-02-10,300750.SZ,-4.366870620313812e-06,0,-0.0,False,-3.3038084600635497e-06,2.1111554737110392e-05,1.7807746277046843e-05
2025-02-11,300750.SZ,1.0840034185771516e-05,0,-0.0,False,-3.3305616137871387e-06,2.111084485985296e-05,1.778028324606582e-05
2025-02-12,300750.SZ,-1.0354135668022512e-05,0,-0.0,False,-2.9071429256133754e-06,2.087805586261898e-05,1.7970912937005604e-05
2025-02-13,300750.SZ,-4.977469038275232e-05,0,-0.0,False,-2.4746426324570624e-06,2.016366521077087e-05,1.7689022578313808e-05
2025-02-14,300750.SZ,-3.527951193468517e-05,0,-0.0,False,-2.8025327559184143e-06,2.060908120471653e-05,1.7806548448798114e-05
2025-02-17,300750.SZ,8.306308862852012e-06,0,-0.0,False,-3.279106287628717e-06,2.06938868447002e-05,1.7414780557071482e-05
2025-02-18,300750.SZ,-2.71496257721815e-06,0,-0.0,False,-3.2414082055154268e-06,2.0710972581773127e-05,1.74695643762577e-05
2025-02-19,300750.SZ,2.0251231167845523e-06,0,-0.0,False,-3.2161194483647873e-06,2.0709736912994524e-05,1.7493617464629736e-05
2025-02-20,300750.SZ,2.9614787011121306e-07,0,-0.0,False,-3.2731327294069795e-06,2.068559698383775e-05,1.7412464254430772e-05
2025-02-21,300750.SZ,-3.947060769000263e-06,0,-0.0,False,-3.538197963860513e-06,2.043068741032604e-05,1.6892489446465528e-05
2025-02-24,300750.SZ,-7.981907522504623e-06,0,-0.0,False,-3.3069499341859425e-06,2.026566982282786e-05,1.6958719888641916e-05
2025-02-25,300750.SZ,-3.1390455334209845e-06,0,-0.0,False,-3.2379121216824275e-06,2.023523887767007e-05,1.6997326755987644e-05
2025-02-26,300750.SZ,1.7616919777424948e-05,1,-1.0,True,-3.2069204954623657e-06,2.0232495575031233e-05,1.7025575079568866e-05
2025-02-27,300750.SZ,-7.169013127643015e-06,0,-0.0,False,-3.523708843646261e-06,1.959092974475268e-05,1.6067220901106418e-05
2025-02-28,300750.SZ,1.939604335560947e-06,0,-0.0,False,-3.7984180544417272e-06,1.940660040133367e-05,1.5608182346891944e-05
2025-03-03,300750.SZ,-2.1707109364401484e-05,0,-0.0,False,-3.850931193470233e-06,1.938225875885609e-05,1.5531327565385858e-05
2025-03-04,300750.SZ,1.4353264133485323e-05,0,-0.0,False,-4.323181460283008e-06,1.9117181327594074e-05,1.4793999867311067e-05
2025-03-05,300750.SZ,7.394427329864073e-06,0,-0.0,False,-4.359374989438024e-06,1.907730299672858e-05,1.4717928007290555e-05
2025-03-06,300750.SZ,-8.21326459156082e-06,0,-0.0,False,-3.923840433138712e-06,1.873826272102804e-05,1.481442228788933e-05
2025-03-07,300750.SZ,-8.199509328990442e-06,0,-0.0,False,-3.6648863526726715e-06,1.845806561874406e-05,1.4793179266071387e-05
2025-03-10,300750.SZ,-7.832972747007705e-06,0,-0.0,False,-3.758161095045954e-06,1.8452416068091827e-05,1.4694254973045873e-05
2025-03-11,300750.SZ,-1.6670678369342892e-05,0,-0.0,False,-3.7076363773390148e-06,1.843271448097999e-05,1.4725078103640975e-05
2025-03-12,300750.SZ,-1.0994658604864114e-05,0,-0.0,False,-3.871992399257736e-06,1.8459844277788686e-05,1.458785187853095e-05
2025-03-13,300750.SZ,2.52458418648649e-06,0,-0.0,False,-3.7860449701304042e-06,1.8401898789768958e-05,1.4615853819638555e-05
2025-03-14,300750.SZ,-9.453668725365345e-06,0,-0.0,False,-3.6649975115453787e-06,1.839517977686905e-05,1.4730182265323671e-05
2025-03-17,300750.SZ,2.8456467387183105e-05,1,-1.0,True,-3.755248336482476e-06,1.8396804924180265e-05,1.464155658769779e-05
2025-03-18,300750.SZ,6.912540339439589e-06,0,-0.0,False,-3.4568510107487655e-06,1.8626949867015e-05,1.5170098856266235e-05
2025-03-19,300750.SZ,-1.0172973082682676e-05,0,-0.0,False,-3.0548732001039483e-06,1.8320852038240547e-05,1.52659788381366e-05
2025-03-20,300750.SZ,4.01127860049578e-06,0,-0.0,False,-3.0000415692217778e-06,1.8289330804271854e-05,1.5289289235050077e-05
2025-03-21,300750.SZ,1.5377515374456506e-05,0,-0.0,False,-2.7328036790361296e-06,1.8153912235050676e-05,1.5421108556014547e-05
2025-03-24,300750.SZ,-4.149742446237589e-06,0,-0.0,False,-2.446570815267978e-06,1.8166519832573747e-05,1.571994901730577e-05
2025-03-25,300750.SZ,-1.7862581663537203e-05,0,-0.0,False,-2.672906188671566e-06,1.8015250680143204e-05,1.5342344491471637e-05
2025-03-26,300750.SZ,,0,-0.0,False,,,
2025-03-27,300750.SZ,,0,-0.0,False,,,
2025-03-28,300750.SZ,,0,-0.0,False,,,
2025-03-31,300750.SZ,1.5050506005137579e-05,0,-0.0,False,-2.5475504182637787e-06,1.7854737401519805e-05,1.5307186983256028e-05
2025-04-01,300750.SZ,1.0947497768164334e-05,0,-0.0,False,-2.3778852906773607e-06,1.7924870286712223e-05,1.554698499603486e-05
2025-04-02,300750.SZ,4.940746355479156e-06,0,-0.0,False,-2.1073466580965492e-06,1.78785087398225e-05,1.5771162081725952e-05
2025-04-03,300750.SZ,3.952578046957163e-06,0,-0.0,False,-1.9011473644602376e-06,1.781527981925718e-05,1.591413245479694e-05
2025-04-07,300750.SZ,-4.63589237397371e-05,0,-0.0,False,-1.913409711807138e-06,1.7810701298360303e-05,1.5897291586553165e-05
2025-04-08,300750.SZ,-9.96097276895004e-06,0,-0.0,False,-2.2525789662460105e-06,1.826437076234809e-05,1.601179179610208e-05
2025-04-09,300750.SZ,-5.970545517251783e-06,0,-0.0,False,-2.5907340116161714e-06,1.8024756118696204e-05,1.5434022107080033e-05
2025-04-10,300750.SZ,-3.3605984738259564e-05,0,-0.0,False,-3.096266969993536e-06,1.7238175960789877e-05,1.4141908990796342e-05
2025-04-11,300750.SZ,,0,-0.0,False,,,
2025-04-14,300750.SZ,,0,-0.0,False,,,
2025-04-15,300750.SZ,,0,-0.0,False,,,
2025-04-16,300750.SZ,,0,-0.0,False,,,
2025-04-17,300750.SZ,,0,-0.0,False,,,
2025-04-18,300750.SZ,,0,-0.0,False,,,
2025-04-21,300750.SZ,,0,-0.0,False,,,
2025-04-22,300750.SZ,-2.6345447586366176e-05,0,-0.0,False,-3.198921571171378e-06,1.738348253964699e-05,1.4184560968475612e-05
2025-04-23,300750.SZ,4.443416540938921e-06,0,-0.0,False,-3.0821700112149885e-06,1.717766161738726e-05,1.4095491606172274e-05
2025-04-24,300750.SZ,-2.2611279733458617e-05,0,-0.0,False,-2.730636722435387e-06,1.6891690339561887e-05,1.41610536171265e-05
2025-04-25,300750.SZ,-1.8188293258895472e-07,0,-0.0,False,-2.3731013384903357e-06,1.5981116215547417e-05,1.3608014877057081e-05
2025-04-28,300750.SZ,-2.855634282818576e-06,0,-0.0,False,-2.7573020852108656e-06,1.5352109432789387e-05,1.259480734757852e-05
2025-04-29,300750.SZ,2.2555098216065825e-06,0,-0.0,False,-2.3623218256320514e-06,1.4716424947960353e-05,1.23541031223283e-05
2025-04-30,300750.SZ,5.020772583623723e-06,0,-0.0,False,-2.398000928711031e-06,1.4699848529484633e-05,1.2301847600773602e-05
2025-05-06,300750.SZ,2.0286357769058393e-05,1,-1.0,True,-2.3135514025358287e-06,1.471322229204584e-05,1.2399670889510012e-05
2025-05-07,300750.SZ,-3.894911756474616e-05,0,-0.0,False,-2.1782711038622315e-06,1.4846276924269806e-05,1.2668005820407574e-05
2025-05-08,300750.SZ,-2.5648216512026968e-05,0,-0.0,False,-2.54634890920433e-06,1.5204521779582556e-05,1.2658172870378226e-05
2025-05-09,300750.SZ,-2.0142243844889015e-05,0,-0.0,False,-2.8525837998973046e-06,1.5297152232034473e-05,1.2444568432137169e-05
2025-05-12,300750.SZ,-4.182927697617628e-05,0,-0.0,False,-3.090774855463759e-06,1.5342292669592893e-05,1.2251517814129134e-05
2025-05-13,300750.SZ,-3.480908974615759e-05,0,-0.0,False,-3.667640053499929e-06,1.548713515310387e-05,1.1819495099603941e-05
2025-05-14,300750.SZ,-5.262017455721922e-05,0,-0.0,False,-3.993349245646729e-06,1.5727797250943096e-05,1.1734448005296367e-05
2025-05-15,300750.SZ,-1.6074502047250543e-05,0,-0.0,False,-4.365796765278218e-06,1.6339034506194018e-05,1.19732377409158e-05
2025-05-16,300750.SZ,-1.0288531010904202e-05,0,-0.0,False,-4.511442374901638e-06,1.636505586496159e-05,1.1853613490059951e-05
2025-05-19,300750.SZ,-1.3070233031625638e-05,0,-0.0,False,-4.638782094597321e-06,1.6349928783641914e-05,1.1711146689044592e-05
2025-05-20,300750.SZ,-3.356242946410999e-05,0,-0.0,False,-4.780320076542979e-06,1.6348779962105244e-05,1.1568459885562264e-05
2025-05-21,300750.SZ,-3.238234264532498e-05,0,-0.0,False,-5.199941990724513e-06,1.6436415919623103e-05,1.123647392889859e-05
2025-05-22,300750.SZ,1.1400142978568083e-05,1,-1.0,True,-5.548593929250124e-06,1.6566149281345874e-05,1.1017555352095751e-05
2025-05-23,300750.SZ,9.198162344750337e-06,0,-0.0,False,-5.3959776621766e-06,1.663767108651926e-05,1.1241693424342661e-05
2025-05-26,300750.SZ,2.6997043481015374e-05,1,-1.0,True,-5.2100765297460465e-06,1.6675341802931813e-05,1.1465265273185765e-05
2025-05-27,300750.SZ,2.0892899788763025e-05,1,-1.0,True,-4.938706569960536e-06,1.6932468393156563e-05,1.1993761823196028e-05
2025-05-28,300750.SZ,7.316073320746029e-06,0,-0.0,False,-4.633415509460193e-06,1.7065786119455478e-05,1.2432370609995284e-05
2025-05-29,300750.SZ,-1.024696592828185e-05,0,-0.0,False,-4.605252179608858e-06,1.708282781924304e-05,1.2477575639634181e-05
2025-05-30,300750.SZ,-8.334258581764387e-06,0,-0.0,False,-4.544221253930973e-06,1.704916702912638e-05,1.2504945775195406e-05
2025-06-03,300750.SZ,7.528393944007037e-06,0,-0.0,False,-4.8489657355552e-06,1.6783083472365195e-05,1.1934117736809995e-05
2025-06-04,300750.SZ,,0,-0.0,False,,,
2025-06-05,300750.SZ,,0,-0.0,False,,,
2025-06-06,300750.SZ,4.490609722111112e-06,0,-0.0,False,-4.605774598206313e-06,1.6748919342907137e-05,1.2143144744700823e-05
2025-06-09,300750.SZ,2.510484326263513e-05,1,-1.0,True,-4.65763373734978e-06,1.6710678059577034e-05,1.2053044322227254e-05
2025-06-10,300750.SZ,4.501595094252961e-06,0,-0.0,False,-4.586951692474159e-06,1.681903304236948e-05,1.223208134989532e-05
2025-06-11,300750.SZ,-3.5135867756591594e-05,0,-0.0,False,-4.634357518488992e-06,1.6785014783784256e-05,1.2150657265295264e-05
2025-06-12,300750.SZ,,0,-0.0,False,,,
2025-06-13,300750.SZ,,0,-0.0,False,,,
2025-06-16,300750.SZ,1.2875059896931524e-05,1,-1.0,True,-4.97754444669041e-06,1.6984618996398293e-05,1.2007074549707884e-05
2025-06-17,300750.SZ,8.962489704405292e-06,0,-0.0,False,-4.931442211247115e-06,1.7025800086685083e-05,1.2094357875437968e-05
2025-06-18,300750.SZ,2.1327415628291018e-05,1,-1.0,True,-4.798901177472053e-06,1.7071858893149253e-05,1.22729577156772e-05
2025-06-19,300750.SZ,9.313816251051319e-06,0,-0.0,False,-4.637254869210931e-06,1.7227232750308328e-05,1.2589977881097397e-05
2025-06-20,300750.SZ,-4.2634781297854635e-06,0,-0.0,False,-4.577077816315355e-06,1.7263512678568632e-05,1.2686434862253276e-05
2025-06-23,300750.SZ,1.620304770115128e-05,1,-1.0,True,-4.641447043351136e-06,1.724768373673682e-05,1.2606236693385685e-05
2025-06-24,300750.SZ,-1.4083763806421554e-07,0,-0.0,False,-4.444015768878617e-06,1.73501113523128e-05,1.2906095583434181e-05
2025-06-25,300750.SZ,-3.574711990688329e-05,0,-0.0,False,-4.416463324536945e-06,1.7354332463410524e-05,1.293786913887358e-05
2025-06-26,300750.SZ,-2.5104297626463865e-05,0,-0.0,False,-4.6577360302980225e-06,1.7587366491916313e-05,1.292963046161829e-05
2025-06-27,300750.SZ,,0,-0.0,False,,,
2025-06-30,300750.SZ,,0,-0.0,False,,,
2025-07-01,300750.SZ,,0,-0.0,False,,,
2025-07-02,300750.SZ,,0,-0.0,False,,,
2025-07-03,300750.SZ,,0,-0.0,False,,,
2025-07-04,300750.SZ,-3.1059493891110736e-05,0,-0.0,False,-4.885292582751732e-06,1.7674300079908524e-05,1.2789007497156791e-05
2025-07-07,300750.SZ,1.2554993680155598e-05,0,-0.0,False,-5.08847370103173e-06,1.7834497559834604e-05,1.2746023858802874e-05
2025-07-08,300750.SZ,3.336890317796708e-06,0,-0.0,False,-5.003681475563622e-06,1.7894391228086435e-05,1.2890709752522813e-05
2025-07-09,300750.SZ,-3.548676629836048e-05,0,-0.0,False,-4.984143230337976e-06,1.7902271293291498e-05,1.2918128062953522e-05
2025-07-10,300750.SZ,-1.2591565973011996e-05,0,-0.0,False,-5.2592004621414915e-06,1.8115763777577183e-05,1.2856563315435692e-05
2025-07-11,300750.SZ,1.7093345985052776e-05,1,-1.0,True,-5.299224003467691e-06,1.8126701497572896e-05,1.2827477494105205e-05
2025-07-14,300750.SZ,-1.514551425318227e-05,0,-0.0,False,-5.331305437996869e-06,1.8083220951700644e-05,1.2751915513703775e-05
2025-07-15,300750.SZ,-1.0269904654772925e-05,0,-0.0,False,-5.5478678756701076e-06,1.8043471873492388e-05,1.249560399782228e-05
2025-07-16,300750.SZ,-4.5791704249404105e-07,0,-0.0,False,-5.550717060676814e-06,1.8044196318053077e-05,1.2493479257376264e-05
2025-07-17,300750.SZ,,0,-0.0,False,,,
2025-07-18,300750.SZ,-1.910284793497008e-05,0,-0.0,False,-5.618982324898254e-06,1.800897661913913e-05,1.2389994294240877e-05
2025-07-21,300750.SZ,-7.752893578537913e-06,0,-0.0,False,-5.683910703307969e-06,1.8043684169517928e-05,1.2359773466209959e-05
2025-07-22,300750.SZ,-2.1873900345506725e-05,0,-0.0,False,-5.480540974782822e-06,1.7879580714176317e-05,1.2399039739393496e-05
2025-07-23,300750.SZ,-4.557544339474678e-06,0,-0.0,False,-5.681083974324396e-06,1.7927704719186184e-05,1.2246620744861787e-05
2025-07-24,300750.SZ,2.350684208657552e-05,1,-1.0,True,-5.739228779746234e-06,1.7912518692159936e-05,1.2173289912413703e-05
2025-07-25,300750.SZ,-5.03683755337398e-06,0,-0.0,False,-5.6387782082923575e-06,1.8043061857486862e-05,1.2404283649194504e-05
2025-07-28,300750.SZ,2.1172097528522956e-06,0,-0.0,False,-5.5989101095234986e-06,1.8039028230573208e-05,1.244011812104971e-05
2025-07-29,300750.SZ,,0,-0.0,False,,,
2025-07-30,300750.SZ,1.551338709897585e-05,1,-1.0,True,-5.325996084435601e-06,1.7904344239499394e-05,1.2578348155063793e-05
2025-07-31,300750.SZ,1.9872553973490374e-05,1,-1.0,True,-5.1293884724251064e-06,1.8003118075205477e-05,1.287372960278037e-05
2025-08-01,300750.SZ,9.837448147796356e-06,0,-0.0,False,-5.050878179268166e-06,1.8091958846691617e-05,1.3041080667423451e-05
2025-08-04,300750.SZ,8.775668402051273e-06,0,-0.0,False,-4.711986671588875e-06,1.7985591700206875e-05,1.3273605028618e-05
2025-08-05,300750.SZ,1.0254440793503608e-05,0,-0.0,False,-4.51377874716985e-06,1.800220988293724e-05,1.348843113576739e-05
2025-08-06,300750.SZ,8.086801473909304e-06,0,-0.0,False,-4.458911656201757e-06,1.80373622892898e-05,1.3578450633088043e-05
2025-08-07,300750.SZ,3.027778664504907e-06,0,-0.0,False,-4.408351078296024e-06,1.8064158320542543e-05,1.3655807242246518e-05
2025-08-08,300750.SZ,,0,-0.0,False,,,
2025-08-11,300750.SZ,,0,-0.0,False,,,
2025-08-12,300750.SZ,,0,-0.0,False,,,
2025-08-13,300750.SZ,-1.5400268104062156e-05,0,-0.0,False,-4.372065169055668e-06,1.8074771054210345e-05,1.3702705885154677e-05
2025-08-14,300750.SZ,-3.44123331474872e-05,0,-0.0,False,-4.408801331781964e-06,1.809280956896273e-05,1.3684008237180765e-05
2025-08-15,300750.SZ,3.206237130974505e-06,0,-0.0,False,-4.348922654887914e-06,1.7980237321991524e-05,1.363131466710361e-05
2025-08-18,300750.SZ,-1.1463230719172671e-05,0,-0.0,False,-4.338366811018501e-06,1.798433153771916e-05,1.3645964726700658e-05
2025-08-19,300750.SZ,1.7205776822358408e-05,1,-1.0,True,-4.303454454246547e-06,1.7966240166669237e-05,1.366278571242269e-05
2025-08-20,300750.SZ,5.109541902045899e-06,0,-0.0,False,-4.159105085908957e-06,1.806945553633955e-05,1.3910350450430591e-05
2025-08-21,300750.SZ,-2.8667475341226024e-06,0,-0.0,False,-4.033017926991341e-06,1.8080994432776663e-05,1.4047976505785322e-05
2025-08-22,300750.SZ,-2.320198958181913e-06,0,-0.0,False,-4.066069078711296e-06,1.8075157817425997e-05,1.40090887387147e-05
2025-08-25,300750.SZ,,0,-0.0,False,,,
2025-08-26,300750.SZ,,0,-0.0,False,,,
2025-08-27,300750.SZ,6.548725849241135e-06,0,-0.0,False,-4.137545192636517e-06,1.805093607290674e-05,1.3913390880270223e-05
2025-08-28,300750.SZ,-1.313946080951407e-06,0,-0.0,False,-4.201190494324656e-06,1.7999176203030385e-05,1.379798570870573e-05
2025-08-29,300750.SZ,-3.252291918016563e-05,0,-0.0,False,-4.204398381733444e-06,1.7998622413829277e-05,1.3794224032095833e-05
2025-09-01,300750.SZ,-3.0207673403522855e-05,0,-0.0,False,-4.471466409619337e-06,1.817967467735711e-05,1.3708208267737774e-05
2025-09-02,300750.SZ,1.2046721495647314e-06,0,-0.0,False,-4.803240276744505e-06,1.8283610514971522e-05,1.3480370238227017e-05
2025-09-03,300750.SZ,-9.39182133135218e-06,0,-0.0,False,-4.823891213961307e-06,1.827534280909943e-05,1.3451451595138123e-05
2025-09-04,300750.SZ,-3.372143717203284e-06,0,-0.0,False,-4.919037076667371e-06,1.826910268145827e-05,1.33500656047909e-05
2025-09-05,300750.SZ,-5.746458074529799e-06,0,-0.0,False,-5.210093569524575e-06,1.795871826594353e-05,1.2748624696418957e-05
2025-09-08,300750.SZ,2.5208025430375074e-05,1,-1.0,True,-5.298279008197154e-06,1.7934939953879987e-05,1.2636660945682834e-05
2025-09-09,300750.SZ,1.476380982351259e-07,0,-0.0,False,-4.775445035600074e-06,1.7901833707015435e-05,1.312638867141536e-05
2025-09-10,300750.SZ,5.471292180484723e-07,0,-0.0,False,-4.737824129612166e-06,1.79074423130767e-05,1.3169618183464532e-05
2025-09-11,300750.SZ,-6.691139651271722e-06,0,-0.0,False,-4.823598337676525e-06,1.7856778608330512e-05,1.3033180270653987e-05
2025-09-12,300750.SZ,-2.5519378379707e-06,0,-0.0,False,-4.793073370870269e-06,1.7850374754046575e-05,1.3057301383176306e-05
2025-09-15,300750.SZ,-8.872489641871144e-06,0,-0.0,False,-4.399550432997089e-06,1.7364302986707137e-05,1.2964752553710047e-05
2025-09-16,300750.SZ,1.3630954889341467e-05,1,-1.0,True,-4.1794919138903055e-06,1.7135492489504654e-05,1.2956000575614347e-05
2025-09-17,300750.SZ,-7.554427435047315e-06,0,-0.0,False,-4.135119863669559e-06,1.717494456314856e-05,1.3039824699479002e-05
2025-09-18,300750.SZ,-1.244949085768061e-06,0,-0.0,False,-4.175448737484803e-06,1.717726350876631e-05,1.3001814771281506e-05
2025-09-19,300750.SZ,,0,-0.0,False,,,
2025-09-22,300750.SZ,1.098250325192763e-06,0,-0.0,False,-4.202699339172741e-06,1.7169936360877996e-05,1.2967237021705255e-05
2025-09-23,300750.SZ,-9.767781809951847e-08,0,-0.0,False,-4.196015152047061e-06,1.7171858481537494e-05,1.2975843329490432e-05
2025-09-24,300750.SZ,-2.471304516919877e-06,0,-0.0,False,-4.163936960789555e-06,1.717592242599199e-05,1.3011985465202437e-05
2025-09-25,300750.SZ,-4.085954803906906e-06,0,-0.0,False,-4.118015269076349e-06,1.7172995236078646e-05,1.3054979967002298e-05
2025-09-26,300750.SZ,4.0427786001751265e-06,0,-0.0,False,-4.125906179663731e-06,1.7172759172542977e-05,1.3046852992879245e-05
2025-09-29,300750.SZ,-9.954282989654374e-06,0,-0.0,False,-4.23902402280748e-06,1.7072750096498324e-05,1.2833726073690843e-05
2025-09-30,300750.SZ,2.447051600276336e-06,0,-0.0,False,-4.2622346049909085e-06,1.707865919997775e-05,1.2816424594986842e-05
2025-10-09,300750.SZ,4.15386627703716e-06,0,-0.0,False,-4.258005877784947e-06,1.7080270444765377e-05,1.282226456698043e-05
2025-10-10,300750.SZ,2.48091364039264e-07,0,-0.0,False,-4.042497747439625e-06,1.7021305509293958e-05,1.2978807761854332e-05
2025-10-13,300750.SZ,1.4403779239856226e-05,1,-1.0,True,-4.160040853851675e-06,1.694171998291628e-05,1.2781679129064605e-05
2025-10-14,300750.SZ,1.7445824840336757e-06,0,-0.0,False,-4.101629587935074e-06,1.6993894973460215e-05,1.2892265385525141e-05
2025-10-15,300750.SZ,-1.262259487380908e-07,0,-0.0,False,-4.018647528971787e-06,1.6997960784378435e-05,1.2979313255406648e-05
2025-10-16,300750.SZ,3.5154359471526373e-06,0,-0.0,False,-3.951370167469684e-06,1.6997250894774035e-05,1.304588072730435e-05
2025-10-17,300750.SZ,-4.8910019734196825e-06,0,-0.0,False,-3.856800095018348e-06,1.700704035005592e-05,1.3150240255037573e-05
2025-10-20,300750.SZ,-1.4440135965137453e-05,0,-0.0,False,-3.7586361250523208e-06,1.6966404994002076e-05,1.3207768868949755e-05
2025-10-21,300750.SZ,-7.194641104365647e-06,0,-0.0,False,-3.787348436387932e-06,1.698166198325901e-05,1.3194313546871078e-05
2025-10-22,300750.SZ,-8.448747175456745e-07,0,-0.0,False,-3.868341980478366e-06,1.697448068717488e-05,1.3106138706696512e-05
2025-10-23,300750.SZ,6.431669369706137e-07,0,-0.0,False,-3.7966020304132023e-06,1.6968867747271893e-05,1.3172265716858691e-05
2025-10-24,300750.SZ,6.456127428181957e-07,0,-0.0,False,-4.028379534164973e-06,1.6712637699622443e-05,1.268425816545747e-05
2025-10-27,300750.SZ,-1.461301860749702e-05,0,-0.0,False,-4.0806039308034845e-06,1.6687935056159805e-05,1.2607331125356321e-05
2025-10-28,300750.SZ,7.14376414326282e-06,0,-0.0,False,-4.1176043101769375e-06,1.670646845740263e-05,1.2588864147225692e-05
2025-10-29,300750.SZ,-1.305229393726387e-06,0,-0.0,False,-4.091500263987213e-06,1.6721716977245737e-05,1.2630216713258524e-05
2025-10-30,300750.SZ,7.699458786127631e-06,0,-0.0,False,-4.2305231370554035e-06,1.662757754675027e-05,1.2397054409694867e-05
2025-10-31,300750.SZ,-1.7872365283293922e-06,0,-0.0,False,-4.1317797934523595e-06,1.6663206533938148e-05,1.2531426740485789e-05
2025-11-03,300750.SZ,-2.256109142911644e-06,0,-0.0,False,-3.997818583992295e-06,1.661644428931736e-05,1.2618625705325065e-05
2025-11-04,300750.SZ,-5.499428477756637e-06,0,-0.0,False,-4.142040376892704e-06,1.6524577867105295e-05,1.238253749021259e-05
2025-11-05,300750.SZ,1.111769046846392e-06,0,-0.0,False,-4.279098095608712e-06,1.646647557650157e-05,1.218737748089286e-05
2025-11-06,300750.SZ,,0,-0.0,False,,,
2025-11-07,300750.SZ,,0,-0.0,False,,,
2025-11-10,300750.SZ,1.3803640765888511e-08,0,-0.0,False,-4.3110062398473194e-06,1.6452163167204033e-05,1.2141156927356714e-05
2025-11-11,300750.SZ,-1.1923938278951302e-06,0,-0.0,False,-4.343829359898913e-06,1.6439462397190815e-05,1.2095633037291903e-05
2025-11-12,300750.SZ,7.466607547423178e-07,0,-0.0,False,-3.967441610633563e-06,1.5980060634175587e-05,1.2012619023542023e-05
2025-11-13,300750.SZ,1.1249315771113636e-06,0,-0.0,False,-3.878211331269461e-06,1.5976206864367454e-05,1.2097995533097993e-05
2025-11-14,300750.SZ,6.326662909561723e-06,0,-0.0,False,-3.819082355483101e-06,1.5981527449668623e-05,1.216244509418552e-05
2025-11-17,300750.SZ,-1.2348583831565906e-05,0,-0.0,False,-3.486310291751257e-06,1.5770434325552445e-05,1.2284124033801187e-05
2025-11-18,300750.SZ,6.752979304174798e-06,0,-0.0,False,-3.3696697604612544e-06,1.5651255055317788e-05,1.2281585294856533e-05
2025-11-19,300750.SZ,,0,-0.0,False,,,
2025-11-20,300750.SZ,1.2531262296587213e-06,0,-0.0,False,-3.3504234041009557e-06,1.5662359644887788e-05,1.2311936240786832e-05
2025-11-21,300750.SZ,2.243557392253923e-07,0,-0.0,False,-3.151553354408311e-06,1.556695968193557e-05,1.2415406327527259e-05
2025-11-24,300750.SZ,-5.87959326730246e-07,0,-0.0,False,-3.1481680321431916e-06,1.55676550749786e-05,1.241948704283541e-05
2025-11-25,300750.SZ,1.5559831550684072e-06,0,-0.0,False,-3.1292707408424556e-06,1.5569389408318097e-05,1.2440118667475643e-05
2025-11-26,300750.SZ,-2.4178092205514218e-06,0,-0.0,False,-3.135100129730274e-06,1.5567487171608256e-05,1.2432387041877982e-05
2025-11-27,300750.SZ,5.713882215737472e-07,0,-0.0,False,-3.197088311431733e-06,1.5549537890973542e-05,1.2352449579541809e-05
2025-11-28,300750.SZ,,0,-0.0,False,,,
2025-12-01,300750.SZ,,0,-0.0,False,,,
2025-12-02,300750.SZ,,0,-0.0,False,,,
2025-12-03,300750.SZ,,0,-0.0,False,,,
2025-12-04,300750.SZ,,0,-0.0,False,,,
2025-12-05,300750.SZ,,0,-0.0,False,,,
2025-12-08,300750.SZ,,0,-0.0,False,,,
2025-12-09,300750.SZ,,0,-0.0,False,,,
2025-12-10,300750.SZ,,0,-0.0,False,,,
2025-12-11,300750.SZ,-6.599383538927158e-06,0,-0.0,False,-3.3613797243274386e-06,1.5402792904409227e-05,1.2041413180081788e-05
2025-12-12,300750.SZ,-8.355647632125461e-06,0,-0.0,False,-3.0917986074456138e-06,1.5053840122090422e-05,1.1962041514644809e-05
2025-12-15,300750.SZ,-3.0816763134721802e-06,0,-0.0,False,-2.9476938667797677e-06,1.4918258612884747e-05,1.1970564746104979e-05
2025-12-16,300750.SZ,4.82880281943101e-06,0,-0.0,False,-2.8055224706846276e-06,1.4834073382936335e-05,1.2028550912251708e-05
2025-12-17,300750.SZ,-1.4902623449633491e-06,0,-0.0,False,-2.4167051390545665e-06,1.4407982812804933e-05,1.1991277673750366e-05
2025-12-18,300750.SZ,1.4413999649326642e-05,1,-1.0,True,-2.1390482440446148e-06,1.409617231343331e-05,1.1957124069388695e-05
2025-12-19,300750.SZ,9.0668197062751e-06,0,-0.0,False,-1.5804301256567322e-06,1.3389372296669938e-05,1.1808942171013206e-05
2025-12-22,300750.SZ,2.123016306728597e-05,1,-1.0,True,-1.3709191110440187e-06,1.3357331412659564e-05,1.1986412301615546e-05
2025-12-23,300750.SZ,5.556300756990173e-06,0,-0.0,False,-1.1082633270591003e-06,1.3489736073309705e-05,1.2381472746250604e-05
2025-12-24,300750.SZ,1.3680576442358312e-05,1,-1.0,True,-9.530422121539689e-07,1.3458064654105124e-05,1.2505022441951155e-05
2025-12-25,300750.SZ,-3.374884205514723e-06,0,-0.0,False,-5.59350496266733e-07,1.3184340240525046e-05,1.2624989744258313e-05
2025-12-26,300750.SZ,-1.2814067866866752e-05,0,-0.0,False,-3.1762167593498085e-07,1.2857854070277238e-05,1.2540232394342257e-05
2025-12-29,300750.SZ,,0,-0.0,False,,,
2025-12-30,300750.SZ,3.846511918803242e-06,0,-0.0,False,-5.194067663136046e-07,1.2862418070557106e-05,1.2343011304243501e-05
