信号日,股票代码,因子值,分组,目标仓位,是否触发,滚动均值,滚动标准差,历史阈值
2018-12-28,300750.SZ,,0,-0.0,False,,,
2019-01-02,300750.SZ,,0,-0.0,False,,,
2019-01-03,300750.SZ,,0,-0.0,False,,,
2019-01-04,300750.SZ,,0,-0.0,False,,,
2019-01-07,300750.SZ,,0,-0.0,False,,,
2019-01-08,300750.SZ,,0,-0.0,False,,,
2019-01-09,300750.SZ,,0,-0.0,False,,,
2019-01-10,300750.SZ,,0,-0.0,False,,,
2019-01-11,300750.SZ,,0,-0.0,False,,,
2019-01-14,300750.SZ,,0,-0.0,False,,,
2019-01-15,300750.SZ,,0,-0.0,False,,,
2019-01-16,300750.SZ,,0,-0.0,False,,,
2019-01-17,300750.SZ,,0,-0.0,False,,,
2019-01-18,300750.SZ,,0,-0.0,False,,,
2019-01-21,300750.SZ,,0,-0.0,False,,,
2019-01-22,300750.SZ,,0,-0.0,False,,,
2019-01-23,300750.SZ,,0,-0.0,False,,,
2019-01-24,300750.SZ,,0,-0.0,False,,,
2019-01-25,300750.SZ,,0,-0.0,False,,,
2019-01-28,300750.SZ,,0,-0.0,False,,,
2019-01-29,300750.SZ,,0,-0.0,False,,,
2019-01-30,300750.SZ,,0,-0.0,False,,,
2019-01-31,300750.SZ,,0,-0.0,False,,,
2019-02-01,300750.SZ,,0,-0.0,False,,,
2019-02-11,300750.SZ,,0,-0.0,False,,,
2019-02-12,300750.SZ,,0,-0.0,False,,,
2019-02-13,300750.SZ,,0,-0.0,False,,,
2019-02-14,300750.SZ,,0,-0.0,False,,,
2019-02-15,300750.SZ,,0,-0.0,False,,,
2019-02-18,300750.SZ,,0,-0.0,False,,,
2019-02-19,300750.SZ,,0,-0.0,False,,,
2019-02-20,300750.SZ,,0,-0.0,False,,,
2019-02-21,300750.SZ,,0,-0.0,False,,,
2019-02-22,300750.SZ,,0,-0.0,False,,,
2019-02-25,300750.SZ,,0,-0.0,False,,,
2019-02-26,300750.SZ,,0,-0.0,False,,,
2019-02-27,300750.SZ,,0,-0.0,False,,,
2019-02-28,300750.SZ,,0,-0.0,False,,,
2019-03-01,300750.SZ,,0,-0.0,False,,,
2019-03-04,300750.SZ,,0,-0.0,False,,,
2019-03-05,300750.SZ,,0,-0.0,False,,,
2019-03-06,300750.SZ,,0,-0.0,False,,,
2019-03-07,300750.SZ,,0,-0.0,False,,,
2019-03-08,300750.SZ,,0,-0.0,False,,,
2019-03-11,300750.SZ,,0,-0.0,False,,,
2019-03-12,300750.SZ,,0,-0.0,False,,,
2019-03-13,300750.SZ,,0,-0.0,False,,,
2019-03-14,300750.SZ,,0,-0.0,False,,,
2019-03-15,300750.SZ,,0,-0.0,False,,,
2019-03-18,300750.SZ,,0,-0.0,False,,,
2019-03-19,300750.SZ,,0,-0.0,False,,,
2019-03-20,300750.SZ,,0,-0.0,False,,,
2019-03-21,300750.SZ,,0,-0.0,False,,,
2019-03-22,300750.SZ,,0,-0.0,False,,,
2019-03-25,300750.SZ,,0,-0.0,False,,,
2019-03-26,300750.SZ,,0,-0.0,False,,,
2019-03-27,300750.SZ,,0,-0.0,False,,,
2019-03-28,300750.SZ,,0,-0.0,False,,,
2019-03-29,300750.SZ,,0,-0.0,False,,,
2019-04-01,300750.SZ,,0,-0.0,False,,,
2019-04-02,300750.SZ,,0,-0.0,False,,,
2019-04-03,300750.SZ,,0,-0.0,False,,,
2019-04-04,300750.SZ,,0,-0.0,False,,,
2019-04-08,300750.SZ,,0,-0.0,False,,,
2019-04-09,300750.SZ,,0,-0.0,False,,,
2019-04-10,300750.SZ,,0,-0.0,False,,,
2019-04-11,300750.SZ,,0,-0.0,False,,,
2019-04-12,300750.SZ,,0,-0.0,False,,,
2019-04-15,300750.SZ,,0,-0.0,False,,,
2019-04-16,300750.SZ,,0,-0.0,False,,,
2019-04-17,300750.SZ,,0,-0.0,False,,,
2019-04-18,300750.SZ,,0,-0.0,False,,,
2019-04-19,300750.SZ,,0,-0.0,False,,,
2019-04-22,300750.SZ,,0,-0.0,False,,,
2019-04-23,300750.SZ,,0,-0.0,False,,,
2019-04-24,300750.SZ,,0,-0.0,False,,,
2019-04-25,300750.SZ,,0,-0.0,False,,,
2019-04-26,300750.SZ,,0,-0.0,False,,,
2019-04-29,300750.SZ,,0,-0.0,False,,,
2019-04-30,300750.SZ,,0,-0.0,False,,,
2019-05-06,300750.SZ,,0,-0.0,False,,,
2019-05-07,300750.SZ,,0,-0.0,False,,,
2019-05-08,300750.SZ,,0,-0.0,False,,,
2019-05-09,300750.SZ,,0,-0.0,False,,,
2019-05-10,300750.SZ,,0,-0.0,False,,,
2019-05-13,300750.SZ,,0,-0.0,False,,,
2019-05-14,300750.SZ,,0,-0.0,False,,,
2019-05-15,300750.SZ,,0,-0.0,False,,,
2019-05-16,300750.SZ,,0,-0.0,False,,,
2019-05-17,300750.SZ,,0,-0.0,False,,,
2019-05-20,300750.SZ,,0,-0.0,False,,,
2019-05-21,300750.SZ,,0,-0.0,False,,,
2019-05-22,300750.SZ,,0,-0.0,False,,,
2019-05-23,300750.SZ,,0,-0.0,False,,,
2019-05-24,300750.SZ,,0,-0.0,False,,,
2019-05-27,300750.SZ,,0,-0.0,False,,,
2019-05-28,300750.SZ,,0,-0.0,False,,,
2019-05-29,300750.SZ,,0,-0.0,False,,,
2019-05-30,300750.SZ,,0,-0.0,False,,,
2019-05-31,300750.SZ,,0,-0.0,False,,,
2019-06-03,300750.SZ,,0,-0.0,False,,,
2019-06-04,300750.SZ,,0,-0.0,False,,,
2019-06-05,300750.SZ,,0,-0.0,False,,,
2019-06-06,300750.SZ,,0,-0.0,False,,,
2019-06-10,300750.SZ,,0,-0.0,False,,,
2019-06-11,300750.SZ,,0,-0.0,False,,,
2019-06-12,300750.SZ,,0,-0.0,False,,,
2019-06-13,300750.SZ,,0,-0.0,False,,,
2019-06-14,300750.SZ,,0,-0.0,False,,,
2019-06-17,300750.SZ,,0,-0.0,False,,,
2019-06-18,300750.SZ,,0,-0.0,False,,,
2019-06-19,300750.SZ,,0,-0.0,False,,,
2019-06-20,300750.SZ,,0,-0.0,False,,,
2019-06-21,300750.SZ,,0,-0.0,False,,,
2019-06-24,300750.SZ,,0,-0.0,False,,,
2019-06-25,300750.SZ,,0,-0.0,False,,,
2019-06-26,300750.SZ,,0,-0.0,False,,,
2019-06-27,300750.SZ,,0,-0.0,False,,,
2019-06-28,300750.SZ,,0,-0.0,False,,,
2019-07-01,300750.SZ,,0,-0.0,False,,,
2019-07-02,300750.SZ,,0,-0.0,False,,,
2019-07-03,300750.SZ,,0,-0.0,False,,,
2019-07-04,300750.SZ,,0,-0.0,False,,,
2019-07-05,300750.SZ,,0,-0.0,False,,,
2019-07-08,300750.SZ,,0,-0.0,False,,,
2019-07-09,300750.SZ,,0,-0.0,False,,,
2019-07-10,300750.SZ,,0,-0.0,False,,,
2019-07-11,300750.SZ,,0,-0.0,False,,,
2019-07-12,300750.SZ,,0,-0.0,False,,,
2019-07-15,300750.SZ,,0,-0.0,False,,,
2019-07-16,300750.SZ,,0,-0.0,False,,,
2019-07-17,300750.SZ,,0,-0.0,False,,,
2019-07-18,300750.SZ,,0,-0.0,False,,,
2019-07-19,300750.SZ,,0,-0.0,False,,,
2019-07-22,300750.SZ,,0,-0.0,False,,,
2019-07-23,300750.SZ,,0,-0.0,False,,,
2019-07-24,300750.SZ,,0,-0.0,False,,,
2019-07-25,300750.SZ,,0,-0.0,False,,,
2019-07-26,300750.SZ,,0,-0.0,False,,,
2019-07-29,300750.SZ,,0,-0.0,False,,,
2019-07-30,300750.SZ,,0,-0.0,False,,,
2019-07-31,300750.SZ,,0,-0.0,False,,,
2019-08-01,300750.SZ,,0,-0.0,False,,,
2019-08-02,300750.SZ,,0,-0.0,False,,,
2019-08-05,300750.SZ,,0,-0.0,False,,,
2019-08-06,300750.SZ,,0,-0.0,False,,,
2019-08-07,300750.SZ,,0,-0.0,False,,,
2019-08-08,300750.SZ,,0,-0.0,False,,,
2019-08-09,300750.SZ,,0,-0.0,False,,,
2019-08-12,300750.SZ,,0,-0.0,False,,,
2019-08-13,300750.SZ,,0,-0.0,False,,,
2019-08-14,300750.SZ,,0,-0.0,False,,,
2019-08-15,300750.SZ,,0,-0.0,False,,,
2019-08-16,300750.SZ,,0,-0.0,False,,,
2019-08-19,300750.SZ,,0,-0.0,False,,,
2019-08-20,300750.SZ,,0,-0.0,False,,,
2019-08-21,300750.SZ,,0,-0.0,False,,,
2019-08-22,300750.SZ,,0,-0.0,False,,,
2019-08-23,300750.SZ,,0,-0.0,False,,,
2019-08-26,300750.SZ,,0,-0.0,False,,,
2019-08-27,300750.SZ,,0,-0.0,False,,,
2019-08-28,300750.SZ,,0,-0.0,False,,,
2019-08-29,300750.SZ,,0,-0.0,False,,,
2019-08-30,300750.SZ,,0,-0.0,False,,,
2019-09-02,300750.SZ,,0,-0.0,False,,,
2019-09-03,300750.SZ,,0,-0.0,False,,,
2019-09-04,300750.SZ,,0,-0.0,False,,,
2019-09-05,300750.SZ,,0,-0.0,False,,,
2019-09-06,300750.SZ,,0,-0.0,False,,,
2019-09-09,300750.SZ,,0,-0.0,False,,,
2019-09-10,300750.SZ,,0,-0.0,False,,,
2019-09-11,300750.SZ,,0,-0.0,False,,,
2019-09-12,300750.SZ,,0,-0.0,False,,,
2019-09-16,300750.SZ,,0,-0.0,False,,,
2019-09-17,300750.SZ,,0,-0.0,False,,,
2019-09-18,300750.SZ,,0,-0.0,False,,,
2019-09-19,300750.SZ,,0,-0.0,False,,,
2019-09-20,300750.SZ,,0,-0.0,False,,,
2019-09-23,300750.SZ,,0,-0.0,False,,,
2019-09-24,300750.SZ,,0,-0.0,False,,,
2019-09-25,300750.SZ,,0,-0.0,False,,,
2019-09-26,300750.SZ,,0,-0.0,False,,,
2019-09-27,300750.SZ,,0,-0.0,False,,,
2019-09-30,300750.SZ,,0,-0.0,False,,,
2019-10-08,300750.SZ,,0,-0.0,False,,,
2019-10-09,300750.SZ,,0,-0.0,False,,,
2019-10-10,300750.SZ,,0,-0.0,False,,,
2019-10-11,300750.SZ,,0,-0.0,False,,,
2019-10-14,300750.SZ,,0,-0.0,False,,,
2019-10-15,300750.SZ,,0,-0.0,False,,,
2019-10-16,300750.SZ,,0,-0.0,False,,,
2019-10-17,300750.SZ,,0,-0.0,False,,,
2019-10-18,300750.SZ,,0,-0.0,False,,,
2019-10-21,300750.SZ,,0,-0.0,False,,,
2019-10-22,300750.SZ,,0,-0.0,False,,,
2019-10-23,300750.SZ,,0,-0.0,False,,,
2019-10-24,300750.SZ,,0,-0.0,False,,,
2019-10-25,300750.SZ,,0,-0.0,False,,,
2019-10-28,300750.SZ,,0,-0.0,False,,,
2019-10-29,300750.SZ,,0,-0.0,False,,,
2019-10-30,300750.SZ,,0,-0.0,False,,,
2019-10-31,300750.SZ,,0,-0.0,False,,,
2019-11-01,300750.SZ,,0,-0.0,False,,,
2019-11-04,300750.SZ,,0,-0.0,False,,,
2019-11-05,300750.SZ,,0,-0.0,False,,,
2019-11-06,300750.SZ,,0,-0.0,False,,,
2019-11-07,300750.SZ,,0,-0.0,False,,,
2019-11-08,300750.SZ,,0,-0.0,False,,,
2019-11-11,300750.SZ,,0,-0.0,False,,,
2019-11-12,300750.SZ,,0,-0.0,False,,,
2019-11-13,300750.SZ,,0,-0.0,False,,,
2019-11-14,300750.SZ,,0,-0.0,False,,,
2019-11-15,300750.SZ,,0,-0.0,False,,,
2019-11-18,300750.SZ,,0,-0.0,False,,,
2019-11-19,300750.SZ,,0,-0.0,False,,,
2019-11-20,300750.SZ,,0,-0.0,False,,,
2019-11-21,300750.SZ,,0,-0.0,False,,,
2019-11-22,300750.SZ,,0,-0.0,False,,,
2019-11-25,300750.SZ,,0,-0.0,False,,,
2019-11-26,300750.SZ,,0,-0.0,False,,,
2019-11-27,300750.SZ,,0,-0.0,False,,,
2019-11-28,300750.SZ,,0,-0.0,False,,,
2019-11-29,300750.SZ,,0,-0.0,False,,,
2019-12-02,300750.SZ,,0,-0.0,False,,,
2019-12-03,300750.SZ,,0,-0.0,False,,,
2019-12-04,300750.SZ,,0,-0.0,False,,,
2019-12-05,300750.SZ,,0,-0.0,False,,,
2019-12-06,300750.SZ,,0,-0.0,False,,,
2019-12-09,300750.SZ,,0,-0.0,False,,,
2019-12-10,300750.SZ,,0,-0.0,False,,,
2019-12-11,300750.SZ,,0,-0.0,False,,,
2019-12-12,300750.SZ,,0,-0.0,False,,,
2019-12-13,300750.SZ,,0,-0.0,False,,,
2019-12-16,300750.SZ,,0,-0.0,False,,,
2019-12-17,300750.SZ,,0,-0.0,False,,,
2019-12-18,300750.SZ,,0,-0.0,False,,,
2019-12-19,300750.SZ,,0,-0.0,False,,,
2019-12-20,300750.SZ,,0,-0.0,False,,,
2019-12-23,300750.SZ,,0,-0.0,False,,,
2019-12-24,300750.SZ,,0,-0.0,False,,,
2019-12-25,300750.SZ,,0,-0.0,False,,,
2019-12-26,300750.SZ,,0,-0.0,False,,,
2019-12-27,300750.SZ,,0,-0.0,False,,,
2019-12-30,300750.SZ,,0,-0.0,False,,,
2019-12-31,300750.SZ,,0,-0.0,False,,,
2020-01-02,300750.SZ,,0,-0.0,False,,,
2020-01-03,300750.SZ,,0,-0.0,False,,,
2020-01-06,300750.SZ,,0,-0.0,False,,,
2020-01-07,300750.SZ,,0,-0.0,False,,,
2020-01-08,300750.SZ,,0,-0.0,False,,,
2020-01-09,300750.SZ,,0,-0.0,False,,,
2020-01-10,300750.SZ,,0,-0.0,False,,,
2020-01-13,300750.SZ,,0,-0.0,False,,,
2020-01-14,300750.SZ,,0,-0.0,False,,,
2020-01-15,300750.SZ,,0,-0.0,False,,,
2020-01-16,300750.SZ,,0,-0.0,False,,,
2020-01-17,300750.SZ,,0,-0.0,False,,,
2020-01-20,300750.SZ,,0,-0.0,False,,,
2020-01-21,300750.SZ,,0,-0.0,False,,,
2020-01-22,300750.SZ,,0,-0.0,False,,,
2020-01-23,300750.SZ,,0,-0.0,False,,,
2020-02-03,300750.SZ,,0,-0.0,False,,,
2020-02-04,300750.SZ,,0,-0.0,False,,,
2020-02-05,300750.SZ,,0,-0.0,False,,,
2020-02-06,300750.SZ,,0,-0.0,False,,,
2020-02-07,300750.SZ,,0,-0.0,False,,,
2020-02-10,300750.SZ,,0,-0.0,False,,,
2020-02-11,300750.SZ,,0,-0.0,False,,,
2020-02-12,300750.SZ,,0,-0.0,False,,,
2020-02-13,300750.SZ,,0,-0.0,False,,,
2020-02-14,300750.SZ,,0,-0.0,False,,,
2020-02-17,300750.SZ,,0,-0.0,False,,,
2020-02-18,300750.SZ,,0,-0.0,False,,,
2020-02-19,300750.SZ,,0,-0.0,False,,,
2020-02-20,300750.SZ,,0,-0.0,False,,,
2020-02-21,300750.SZ,,0,-0.0,False,,,
2020-02-24,300750.SZ,,0,-0.0,False,,,
2020-02-25,300750.SZ,,0,-0.0,False,,,
2020-02-26,300750.SZ,,0,-0.0,False,,,
2020-02-27,300750.SZ,,0,-0.0,False,,,
2020-02-28,300750.SZ,,0,-0.0,False,,,
2020-03-02,300750.SZ,,0,-0.0,False,,,
2020-03-03,300750.SZ,,0,-0.0,False,,,
2020-03-04,300750.SZ,,0,-0.0,False,,,
2020-03-05,300750.SZ,,0,-0.0,False,,,
2020-03-06,300750.SZ,,0,-0.0,False,,,
2020-03-09,300750.SZ,,0,-0.0,False,,,
2020-03-10,300750.SZ,,0,-0.0,False,,,
2020-03-11,300750.SZ,,0,-0.0,False,,,
2020-03-12,300750.SZ,,0,-0.0,False,,,
2020-03-13,300750.SZ,,0,-0.0,False,,,
2020-03-16,300750.SZ,,0,-0.0,False,,,
2020-03-17,300750.SZ,,0,-0.0,False,,,
2020-03-18,300750.SZ,,0,-0.0,False,,,
2020-03-19,300750.SZ,,0,-0.0,False,,,
2020-03-20,300750.SZ,,0,-0.0,False,,,
2020-03-23,300750.SZ,,0,-0.0,False,,,
2020-03-24,300750.SZ,,0,-0.0,False,,,
2020-03-25,300750.SZ,,0,-0.0,False,,,
2020-03-26,300750.SZ,,0,-0.0,False,,,
2020-03-27,300750.SZ,,0,-0.0,False,,,
2020-03-30,300750.SZ,,0,-0.0,False,,,
2020-03-31,300750.SZ,,0,-0.0,False,,,
2020-04-01,300750.SZ,,0,-0.0,False,,,
2020-04-02,300750.SZ,,0,-0.0,False,,,
2020-04-03,300750.SZ,,0,-0.0,False,,,
2020-04-07,300750.SZ,,0,-0.0,False,,,
2020-04-08,300750.SZ,,0,-0.0,False,,,
2020-04-09,300750.SZ,,0,-0.0,False,,,
2020-04-10,300750.SZ,,0,-0.0,False,,,
2020-04-13,300750.SZ,,0,-0.0,False,,,
2020-04-14,300750.SZ,,0,-0.0,False,,,
2020-04-15,300750.SZ,,0,-0.0,False,,,
2020-04-16,300750.SZ,,0,-0.0,False,,,
2020-04-17,300750.SZ,,0,-0.0,False,,,
2020-04-20,300750.SZ,,0,-0.0,False,,,
2020-04-21,300750.SZ,,0,-0.0,False,,,
2020-04-22,300750.SZ,,0,-0.0,False,,,
2020-04-23,300750.SZ,,0,-0.0,False,,,
2020-04-24,300750.SZ,,0,-0.0,False,,,
2020-04-27,300750.SZ,,0,-0.0,False,,,
2020-04-28,300750.SZ,,0,-0.0,False,,,
2020-04-29,300750.SZ,,0,-0.0,False,,,
2020-04-30,300750.SZ,,0,-0.0,False,,,
2020-05-06,300750.SZ,,0,-0.0,False,,,
2020-05-07,300750.SZ,,0,-0.0,False,,,
2020-05-08,300750.SZ,,0,-0.0,False,,,
2020-05-11,300750.SZ,,0,-0.0,False,,,
2020-05-12,300750.SZ,,0,-0.0,False,,,
2020-05-13,300750.SZ,,0,-0.0,False,,,
2020-05-14,300750.SZ,,0,-0.0,False,,,
2020-05-15,300750.SZ,,0,-0.0,False,,,
2020-05-18,300750.SZ,,0,-0.0,False,,,
2020-05-19,300750.SZ,,0,-0.0,False,,,
2020-05-20,300750.SZ,,0,-0.0,False,,,
2020-05-21,300750.SZ,,0,-0.0,False,,,
2020-05-22,300750.SZ,,0,-0.0,False,,,
2020-05-25,300750.SZ,,0,-0.0,False,,,
2020-05-26,300750.SZ,,0,-0.0,False,,,
2020-05-27,300750.SZ,,0,-0.0,False,,,
2020-05-28,300750.SZ,,0,-0.0,False,,,
2020-05-29,300750.SZ,,0,-0.0,False,,,
2020-06-01,300750.SZ,,0,-0.0,False,,,
2020-06-02,300750.SZ,,0,-0.0,False,,,
2020-06-03,300750.SZ,,0,-0.0,False,,,
2020-06-04,300750.SZ,,0,-0.0,False,,,
2020-06-05,300750.SZ,,0,-0.0,False,,,
2020-06-08,300750.SZ,,0,-0.0,False,,,
2020-06-09,300750.SZ,,0,-0.0,False,,,
2020-06-10,300750.SZ,,0,-0.0,False,,,
2020-06-11,300750.SZ,,0,-0.0,False,,,
2020-06-12,300750.SZ,,0,-0.0,False,,,
2020-06-15,300750.SZ,,0,-0.0,False,,,
2020-06-16,300750.SZ,,0,-0.0,False,,,
2020-06-17,300750.SZ,,0,-0.0,False,,,
2020-06-18,300750.SZ,,0,-0.0,False,,,
2020-06-19,300750.SZ,,0,-0.0,False,,,
2020-06-22,300750.SZ,,0,-0.0,False,,,
2020-06-23,300750.SZ,,0,-0.0,False,,,
2020-06-24,300750.SZ,,0,-0.0,False,,,
2020-06-29,300750.SZ,,0,-0.0,False,,,
2020-06-30,300750.SZ,,0,-0.0,False,,,
2020-07-01,300750.SZ,,0,-0.0,False,,,
2020-07-02,300750.SZ,,0,-0.0,False,,,
2020-07-03,300750.SZ,,0,-0.0,False,,,
2020-07-06,300750.SZ,,0,-0.0,False,,,
2020-07-07,300750.SZ,,0,-0.0,False,,,
2020-07-08,300750.SZ,,0,-0.0,False,,,
2020-07-09,300750.SZ,,0,-0.0,False,,,
2020-07-10,300750.SZ,,0,-0.0,False,,,
2020-07-13,300750.SZ,,0,-0.0,False,,,
2020-07-14,300750.SZ,,0,-0.0,False,,,
2020-07-15,300750.SZ,,0,-0.0,False,,,
2020-07-16,300750.SZ,,0,-0.0,False,,,
2020-07-17,300750.SZ,,0,-0.0,False,,,
2020-07-20,300750.SZ,,0,-0.0,False,,,
2020-07-21,300750.SZ,,0,-0.0,False,,,
2020-07-22,300750.SZ,,0,-0.0,False,,,
2020-07-23,300750.SZ,,0,-0.0,False,,,
2020-07-24,300750.SZ,,0,-0.0,False,,,
2020-07-27,300750.SZ,,0,-0.0,False,,,
2020-07-28,300750.SZ,,0,-0.0,False,,,
2020-07-29,300750.SZ,,0,-0.0,False,,,
2020-07-30,300750.SZ,,0,-0.0,False,,,
2020-07-31,300750.SZ,,0,-0.0,False,,,
2020-08-03,300750.SZ,,0,-0.0,False,,,
2020-08-04,300750.SZ,,0,-0.0,False,,,
2020-08-05,300750.SZ,,0,-0.0,False,,,
2020-08-06,300750.SZ,,0,-0.0,False,,,
2020-08-07,300750.SZ,,0,-0.0,False,,,
2020-08-10,300750.SZ,,0,-0.0,False,,,
2020-08-11,300750.SZ,,0,-0.0,False,,,
2020-08-12,300750.SZ,,0,-0.0,False,,,
2020-08-13,300750.SZ,,0,-0.0,False,,,
2020-08-14,300750.SZ,,0,-0.0,False,,,
2020-08-17,300750.SZ,,0,-0.0,False,,,
2020-08-18,300750.SZ,,0,-0.0,False,,,
2020-08-19,300750.SZ,,0,-0.0,False,,,
2020-08-20,300750.SZ,,0,-0.0,False,,,
2020-08-21,300750.SZ,,0,-0.0,False,,,
2020-08-24,300750.SZ,,0,-0.0,False,,,
2020-08-25,300750.SZ,,0,-0.0,False,,,
2020-08-26,300750.SZ,,0,-0.0,False,,,
2020-08-27,300750.SZ,,0,-0.0,False,,,
2020-08-28,300750.SZ,,0,-0.0,False,,,
2020-08-31,300750.SZ,,0,-0.0,False,,,
2020-09-01,300750.SZ,,0,-0.0,False,,,
2020-09-02,300750.SZ,,0,-0.0,False,,,
2020-09-03,300750.SZ,,0,-0.0,False,,,
2020-09-04,300750.SZ,,0,-0.0,False,,,
2020-09-07,300750.SZ,,0,-0.0,False,,,
2020-09-08,300750.SZ,,0,-0.0,False,,,
2020-09-09,300750.SZ,,0,-0.0,False,,,
2020-09-10,300750.SZ,,0,-0.0,False,,,
2020-09-11,300750.SZ,,0,-0.0,False,,,
2020-09-14,300750.SZ,,0,-0.0,False,,,
2020-09-15,300750.SZ,,0,-0.0,False,,,
2020-09-16,300750.SZ,,0,-0.0,False,,,
2020-09-17,300750.SZ,,0,-0.0,False,,,
2020-09-18,300750.SZ,,0,-0.0,False,,,
2020-09-21,300750.SZ,,0,-0.0,False,,,
2020-09-22,300750.SZ,,0,-0.0,False,,,
2020-09-23,300750.SZ,,0,-0.0,False,,,
2020-09-24,300750.SZ,,0,-0.0,False,,,
2020-09-25,300750.SZ,,0,-0.0,False,,,
2020-09-28,300750.SZ,,0,-0.0,False,,,
2020-09-29,300750.SZ,,0,-0.0,False,,,
2020-09-30,300750.SZ,,0,-0.0,False,,,
2020-10-09,300750.SZ,,0,-0.0,False,,,
2020-10-12,300750.SZ,,0,-0.0,False,,,
2020-10-13,300750.SZ,,0,-0.0,False,,,
2020-10-14,300750.SZ,,0,-0.0,False,,,
2020-10-15,300750.SZ,,0,-0.0,False,,,
2020-10-16,300750.SZ,,0,-0.0,False,,,
2020-10-19,300750.SZ,,0,-0.0,False,,,
2020-10-20,300750.SZ,,0,-0.0,False,,,
2020-10-21,300750.SZ,,0,-0.0,False,,,
2020-10-22,300750.SZ,,0,-0.0,False,,,
2020-10-23,300750.SZ,,0,-0.0,False,,,
2020-10-26,300750.SZ,,0,-0.0,False,,,
2020-10-27,300750.SZ,,0,-0.0,False,,,
2020-10-28,300750.SZ,,0,-0.0,False,,,
2020-10-29,300750.SZ,,0,-0.0,False,,,
2020-10-30,300750.SZ,,0,-0.0,False,,,
2020-11-02,300750.SZ,,0,-0.0,False,,,
2020-11-03,300750.SZ,,0,-0.0,False,,,
2020-11-04,300750.SZ,,0,-0.0,False,,,
2020-11-05,300750.SZ,,0,-0.0,False,,,
2020-11-06,300750.SZ,,0,-0.0,False,,,
2020-11-09,300750.SZ,,0,-0.0,False,,,
2020-11-10,300750.SZ,,0,-0.0,False,,,
2020-11-11,300750.SZ,,0,-0.0,False,,,
2020-11-12,300750.SZ,,0,-0.0,False,,,
2020-11-13,300750.SZ,,0,-0.0,False,,,
2020-11-16,300750.SZ,,0,-0.0,False,,,
2020-11-17,300750.SZ,,0,-0.0,False,,,
2020-11-18,300750.SZ,,0,-0.0,False,,,
2020-11-19,300750.SZ,,0,-0.0,False,,,
2020-11-20,300750.SZ,,0,-0.0,False,,,
2020-11-23,300750.SZ,,0,-0.0,False,,,
2020-11-24,300750.SZ,,0,-0.0,False,,,
2020-11-25,300750.SZ,,0,-0.0,False,,,
2020-11-26,300750.SZ,,0,-0.0,False,,,
2020-11-27,300750.SZ,,0,-0.0,False,,,
2020-11-30,300750.SZ,,0,-0.0,False,,,
2020-12-01,300750.SZ,,0,-0.0,False,,,
2020-12-02,300750.SZ,,0,-0.0,False,,,
2020-12-03,300750.SZ,,0,-0.0,False,,,
2020-12-04,300750.SZ,,0,-0.0,False,,,
2020-12-07,300750.SZ,,0,-0.0,False,,,
2020-12-08,300750.SZ,,0,-0.0,False,,,
2020-12-09,300750.SZ,,0,-0.0,False,,,
2020-12-10,300750.SZ,,0,-0.0,False,,,
2020-12-11,300750.SZ,,0,-0.0,False,,,
2020-12-14,300750.SZ,,0,-0.0,False,,,
2020-12-15,300750.SZ,,0,-0.0,False,,,
2020-12-16,300750.SZ,,0,-0.0,False,,,
2020-12-17,300750.SZ,,0,-0.0,False,,,
2020-12-18,300750.SZ,,0,-0.0,False,,,
2020-12-21,300750.SZ,,0,-0.0,False,,,
2020-12-22,300750.SZ,,0,-0.0,False,,,
2020-12-23,300750.SZ,,0,-0.0,False,,,
2020-12-24,300750.SZ,,0,-0.0,False,,,
2020-12-25,300750.SZ,,0,-0.0,False,,,
2020-12-28,300750.SZ,,0,-0.0,False,,,
2020-12-29,300750.SZ,,0,-0.0,False,,,
2020-12-30,300750.SZ,,0,-0.0,False,,,
2020-12-31,300750.SZ,,0,-0.0,False,,,
2021-01-04,300750.SZ,,0,-0.0,False,,,
2021-01-05,300750.SZ,,0,-0.0,False,,,
2021-01-06,300750.SZ,,0,-0.0,False,,,
2021-01-07,300750.SZ,,0,-0.0,False,,,
2021-01-08,300750.SZ,,0,-0.0,False,,,
2021-01-11,300750.SZ,,0,-0.0,False,,,
2021-01-12,300750.SZ,,0,-0.0,False,,,
2021-01-13,300750.SZ,,0,-0.0,False,,,
2021-01-14,300750.SZ,,0,-0.0,False,,,
2021-01-15,300750.SZ,,0,-0.0,False,,,
2021-01-18,300750.SZ,,0,-0.0,False,,,
2021-01-19,300750.SZ,,0,-0.0,False,,,
2021-01-20,300750.SZ,,0,-0.0,False,,,
2021-01-21,300750.SZ,,0,-0.0,False,,,
2021-01-22,300750.SZ,,0,-0.0,False,,,
2021-01-25,300750.SZ,,0,-0.0,False,,,
2021-01-26,300750.SZ,,0,-0.0,False,,,
2021-01-27,300750.SZ,,0,-0.0,False,,,
2021-01-28,300750.SZ,,0,-0.0,False,,,
2021-01-29,300750.SZ,,0,-0.0,False,,,
2021-02-01,300750.SZ,,0,-0.0,False,,,
2021-02-02,300750.SZ,,0,-0.0,False,,,
2021-02-03,300750.SZ,,0,-0.0,False,,,
2021-02-04,300750.SZ,,0,-0.0,False,,,
2021-02-05,300750.SZ,,0,-0.0,False,,,
2021-02-08,300750.SZ,,0,-0.0,False,,,
2021-02-09,300750.SZ,,0,-0.0,False,,,
2021-02-10,300750.SZ,,0,-0.0,False,,,
2021-02-18,300750.SZ,,0,-0.0,False,,,
2021-02-19,300750.SZ,,0,-0.0,False,,,
2021-02-22,300750.SZ,,0,-0.0,False,,,
2021-02-23,300750.SZ,,0,-0.0,False,,,
2021-02-24,300750.SZ,,0,-0.0,False,,,
2021-02-25,300750.SZ,,0,-0.0,False,,,
2021-02-26,300750.SZ,,0,-0.0,False,,,
2021-03-01,300750.SZ,,0,-0.0,False,,,
2021-03-02,300750.SZ,,0,-0.0,False,,,
2021-03-03,300750.SZ,,0,-0.0,False,,,
2021-03-04,300750.SZ,,0,-0.0,False,,,
2021-03-05,300750.SZ,,0,-0.0,False,,,
2021-03-08,300750.SZ,,0,-0.0,False,,,
2021-03-09,300750.SZ,,0,-0.0,False,,,
2021-03-10,300750.SZ,,0,-0.0,False,,,
2021-03-11,300750.SZ,,0,-0.0,False,,,
2021-03-12,300750.SZ,,0,-0.0,False,,,
2021-03-15,300750.SZ,,0,-0.0,False,,,
2021-03-16,300750.SZ,,0,-0.0,False,,,
2021-03-17,300750.SZ,,0,-0.0,False,,,
2021-03-18,300750.SZ,,0,-0.0,False,,,
2021-03-19,300750.SZ,,0,-0.0,False,,,
2021-03-22,300750.SZ,,0,-0.0,False,,,
2021-03-23,300750.SZ,,0,-0.0,False,,,
2021-03-24,300750.SZ,,0,-0.0,False,,,
2021-03-25,300750.SZ,,0,-0.0,False,,,
2021-03-26,300750.SZ,,0,-0.0,False,,,
2021-03-29,300750.SZ,,0,-0.0,False,,,
2021-03-30,300750.SZ,,0,-0.0,False,,,
2021-03-31,300750.SZ,,0,-0.0,False,,,
2021-04-01,300750.SZ,,0,-0.0,False,,,
2021-04-02,300750.SZ,,0,-0.0,False,,,
2021-04-06,300750.SZ,,0,-0.0,False,,,
2021-04-07,300750.SZ,,0,-0.0,False,,,
2021-04-08,300750.SZ,,0,-0.0,False,,,
2021-04-09,300750.SZ,,0,-0.0,False,,,
2021-04-12,300750.SZ,,0,-0.0,False,,,
2021-04-13,300750.SZ,,0,-0.0,False,,,
2021-04-14,300750.SZ,,0,-0.0,False,,,
2021-04-15,300750.SZ,,0,-0.0,False,,,
2021-04-16,300750.SZ,,0,-0.0,False,,,
2021-04-19,300750.SZ,,0,-0.0,False,,,
2021-04-20,300750.SZ,,0,-0.0,False,,,
2021-04-21,300750.SZ,,0,-0.0,False,,,
2021-04-22,300750.SZ,,0,-0.0,False,,,
2021-04-23,300750.SZ,,0,-0.0,False,,,
2021-04-26,300750.SZ,,0,-0.0,False,,,
2021-04-27,300750.SZ,,0,-0.0,False,,,
2021-04-28,300750.SZ,,0,-0.0,False,,,
2021-04-29,300750.SZ,,0,-0.0,False,,,
2021-04-30,300750.SZ,,0,-0.0,False,,,
2021-05-06,300750.SZ,,0,-0.0,False,,,
2021-05-07,300750.SZ,,0,-0.0,False,,,
2021-05-10,300750.SZ,,0,-0.0,False,,,
2021-05-11,300750.SZ,,0,-0.0,False,,,
2021-05-12,300750.SZ,,0,-0.0,False,,,
2021-05-13,300750.SZ,,0,-0.0,False,,,
2021-05-14,300750.SZ,,0,-0.0,False,,,
2021-05-17,300750.SZ,,0,-0.0,False,,,
2021-05-18,300750.SZ,,0,-0.0,False,,,
2021-05-19,300750.SZ,,0,-0.0,False,,,
2021-05-20,300750.SZ,,0,-0.0,False,,,
2021-05-21,300750.SZ,,0,-0.0,False,,,
2021-05-24,300750.SZ,,0,-0.0,False,,,
2021-05-25,300750.SZ,,0,-0.0,False,,,
2021-05-26,300750.SZ,,0,-0.0,False,,,
2021-05-27,300750.SZ,,0,-0.0,False,,,
2021-05-28,300750.SZ,,0,-0.0,False,,,
2021-05-31,300750.SZ,,0,-0.0,False,,,
2021-06-01,300750.SZ,,0,-0.0,False,,,
2021-06-02,300750.SZ,,0,-0.0,False,,,
2021-06-03,300750.SZ,,0,-0.0,False,,,
2021-06-04,300750.SZ,,0,-0.0,False,,,
2021-06-07,300750.SZ,,0,-0.0,False,,,
2021-06-08,300750.SZ,,0,-0.0,False,,,
2021-06-09,300750.SZ,,0,-0.0,False,,,
2021-06-10,300750.SZ,,0,-0.0,False,,,
2021-06-11,300750.SZ,,0,-0.0,False,,,
2021-06-15,300750.SZ,,0,-0.0,False,,,
2021-06-16,300750.SZ,,0,-0.0,False,,,
2021-06-17,300750.SZ,,0,-0.0,False,,,
2021-06-18,300750.SZ,,0,-0.0,False,,,
2021-06-21,300750.SZ,,0,-0.0,False,,,
2021-06-22,300750.SZ,,0,-0.0,False,,,
2021-06-23,300750.SZ,,0,-0.0,False,,,
2021-06-24,300750.SZ,,0,-0.0,False,,,
2021-06-25,300750.SZ,,0,-0.0,False,,,
2021-06-28,300750.SZ,,0,-0.0,False,,,
2021-06-29,300750.SZ,,0,-0.0,False,,,
2021-06-30,300750.SZ,,0,-0.0,False,,,
2021-07-01,300750.SZ,,0,-0.0,False,,,
2021-07-02,300750.SZ,,0,-0.0,False,,,
2021-07-05,300750.SZ,,0,-0.0,False,,,
2021-07-06,300750.SZ,,0,-0.0,False,,,
2021-07-07,300750.SZ,,0,-0.0,False,,,
2021-07-08,300750.SZ,,0,-0.0,False,,,
2021-07-09,300750.SZ,,0,-0.0,False,,,
2021-07-12,300750.SZ,,0,-0.0,False,,,
2021-07-13,300750.SZ,,0,-0.0,False,,,
2021-07-14,300750.SZ,,0,-0.0,False,,,
2021-07-15,300750.SZ,,0,-0.0,False,,,
2021-07-16,300750.SZ,,0,-0.0,False,,,
2021-07-19,300750.SZ,,0,-0.0,False,,,
2021-07-20,300750.SZ,,0,-0.0,False,,,
2021-07-21,300750.SZ,,0,-0.0,False,,,
2021-07-22,300750.SZ,,0,-0.0,False,,,
2021-07-23,300750.SZ,,0,-0.0,False,,,
2021-07-26,300750.SZ,,0,-0.0,False,,,
2021-07-27,300750.SZ,,0,-0.0,False,,,
2021-07-28,300750.SZ,,0,-0.0,False,,,
2021-07-29,300750.SZ,,0,-0.0,False,,,
2021-07-30,300750.SZ,,0,-0.0,False,,,
2021-08-02,300750.SZ,,0,-0.0,False,,,
2021-08-03,300750.SZ,,0,-0.0,False,,,
2021-08-04,300750.SZ,,0,-0.0,False,,,
2021-08-05,300750.SZ,,0,-0.0,False,,,
2021-08-06,300750.SZ,,0,-0.0,False,,,
2021-08-09,300750.SZ,,0,-0.0,False,,,
2021-08-10,300750.SZ,,0,-0.0,False,,,
2021-08-11,300750.SZ,,0,-0.0,False,,,
2021-08-12,300750.SZ,,0,-0.0,False,,,
2021-08-13,300750.SZ,,0,-0.0,False,,,
2021-08-16,300750.SZ,,0,-0.0,False,,,
2021-08-17,300750.SZ,,0,-0.0,False,,,
2021-08-18,300750.SZ,,0,-0.0,False,,,
2021-08-19,300750.SZ,,0,-0.0,False,,,
2021-08-20,300750.SZ,,0,-0.0,False,,,
2021-08-23,300750.SZ,,0,-0.0,False,,,
2021-08-24,300750.SZ,,0,-0.0,False,,,
2021-08-25,300750.SZ,,0,-0.0,False,,,
2021-08-26,300750.SZ,,0,-0.0,False,,,
2021-08-27,300750.SZ,,0,-0.0,False,,,
2021-08-30,300750.SZ,,0,-0.0,False,,,
2021-08-31,300750.SZ,,0,-0.0,False,,,
2021-09-01,300750.SZ,,0,-0.0,False,,,
2021-09-02,300750.SZ,,0,-0.0,False,,,
2021-09-03,300750.SZ,,0,-0.0,False,,,
2021-09-06,300750.SZ,,0,-0.0,False,,,
2021-09-07,300750.SZ,,0,-0.0,False,,,
2021-09-08,300750.SZ,,0,-0.0,False,,,
2021-09-09,300750.SZ,,0,-0.0,False,,,
2021-09-10,300750.SZ,,0,-0.0,False,,,
2021-09-13,300750.SZ,,0,-0.0,False,,,
2021-09-14,300750.SZ,,0,-0.0,False,,,
2021-09-15,300750.SZ,,0,-0.0,False,,,
2021-09-16,300750.SZ,,0,-0.0,False,,,
2021-09-17,300750.SZ,,0,-0.0,False,,,
2021-09-22,300750.SZ,,0,-0.0,False,,,
2021-09-23,300750.SZ,,0,-0.0,False,,,
2021-09-24,300750.SZ,,0,-0.0,False,,,
2021-09-27,300750.SZ,,0,-0.0,False,,,
2021-09-28,300750.SZ,,0,-0.0,False,,,
2021-09-29,300750.SZ,,0,-0.0,False,,,
2021-09-30,300750.SZ,,0,-0.0,False,,,
2021-10-08,300750.SZ,,0,-0.0,False,,,
2021-10-11,300750.SZ,,0,-0.0,False,,,
2021-10-12,300750.SZ,,0,-0.0,False,,,
2021-10-13,300750.SZ,,0,-0.0,False,,,
2021-10-14,300750.SZ,,0,-0.0,False,,,
2021-10-15,300750.SZ,,0,-0.0,False,,,
2021-10-18,300750.SZ,,0,-0.0,False,,,
2021-10-19,300750.SZ,,0,-0.0,False,,,
2021-10-20,300750.SZ,,0,-0.0,False,,,
2021-10-21,300750.SZ,,0,-0.0,False,,,
2021-10-22,300750.SZ,,0,-0.0,False,,,
2021-10-25,300750.SZ,,0,-0.0,False,,,
2021-10-26,300750.SZ,,0,-0.0,False,,,
2021-10-27,300750.SZ,,0,-0.0,False,,,
2021-10-28,300750.SZ,,0,-0.0,False,,,
2021-10-29,300750.SZ,,0,-0.0,False,,,
2021-11-01,300750.SZ,,0,-0.0,False,,,
2021-11-02,300750.SZ,,0,-0.0,False,,,
2021-11-03,300750.SZ,,0,-0.0,False,,,
2021-11-04,300750.SZ,,0,-0.0,False,,,
2021-11-05,300750.SZ,,0,-0.0,False,,,
2021-11-08,300750.SZ,,0,-0.0,False,,,
2021-11-09,300750.SZ,,0,-0.0,False,,,
2021-11-10,300750.SZ,,0,-0.0,False,,,
2021-11-11,300750.SZ,,0,-0.0,False,,,
2021-11-12,300750.SZ,,0,-0.0,False,,,
2021-11-15,300750.SZ,,0,-0.0,False,,,
2021-11-16,300750.SZ,,0,-0.0,False,,,
2021-11-17,300750.SZ,,0,-0.0,False,,,
2021-11-18,300750.SZ,,0,-0.0,False,,,
2021-11-19,300750.SZ,,0,-0.0,False,,,
2021-11-22,300750.SZ,,0,-0.0,False,,,
2021-11-23,300750.SZ,,0,-0.0,False,,,
2021-11-24,300750.SZ,,0,-0.0,False,,,
2021-11-25,300750.SZ,,0,-0.0,False,,,
2021-11-26,300750.SZ,,0,-0.0,False,,,
2021-11-29,300750.SZ,,0,-0.0,False,,,
2021-11-30,300750.SZ,,0,-0.0,False,,,
2021-12-01,300750.SZ,,0,-0.0,False,,,
2021-12-02,300750.SZ,,0,-0.0,False,,,
2021-12-03,300750.SZ,,0,-0.0,False,,,
2021-12-06,300750.SZ,,0,-0.0,False,,,
2021-12-07,300750.SZ,,0,-0.0,False,,,
2021-12-08,300750.SZ,,0,-0.0,False,,,
2021-12-09,300750.SZ,,0,-0.0,False,,,
2021-12-10,300750.SZ,,0,-0.0,False,,,
2021-12-13,300750.SZ,,0,-0.0,False,,,
2021-12-14,300750.SZ,,0,-0.0,False,,,
2021-12-15,300750.SZ,,0,-0.0,False,,,
2021-12-16,300750.SZ,,0,-0.0,False,,,
2021-12-17,300750.SZ,-0.6615581098339719,0,-0.0,False,,,
2021-12-20,300750.SZ,-0.20076726342711,0,-0.0,False,,,
2021-12-21,300750.SZ,-0.12531969309462915,0,-0.0,False,,,
2021-12-22,300750.SZ,-0.20614596670934698,0,-0.0,False,,,
2021-12-23,300750.SZ,-0.5403329065300896,0,-0.0,False,,,
2021-12-24,300750.SZ,-0.09603072983354674,0,-0.0,False,,,
2021-12-27,300750.SZ,-0.11395646606914213,0,-0.0,False,,,
2021-12-28,300750.SZ,-0.0973111395646607,0,-0.0,False,,,
2021-12-29,300750.SZ,-0.09961685823754789,0,-0.0,False,,,
2021-12-30,300750.SZ,-0.09067688378033206,0,-0.0,False,,,
2021-12-31,300750.SZ,-0.3780332056194125,0,-0.0,False,,,
2022-01-04,300750.SZ,-0.1417624521072797,0,-0.0,False,,,
2022-01-05,300750.SZ,-0.14194373401534527,0,-0.0,False,,,
2022-01-06,300750.SZ,-0.20971867007672634,0,-0.0,False,,,
2022-01-07,300750.SZ,-0.19820971867007672,0,-0.0,False,,,
2022-01-10,300750.SZ,-0.34610472541507026,0,-0.0,False,,,
2022-01-11,300750.SZ,-0.12005108556832694,0,-0.0,False,,,
2022-01-12,300750.SZ,-0.7100893997445722,0,-0.0,False,,,
2022-01-13,300750.SZ,-0.789272030651341,0,-0.0,False,,,
2022-01-14,300750.SZ,-0.520460358056266,0,-0.0,False,,,
2022-01-17,300750.SZ,-0.6978233034571063,0,-0.0,False,,,
2022-01-18,300750.SZ,-0.0793854033290653,0,-0.0,False,,,
2022-01-19,300750.SZ,-0.17285531370038412,0,-0.0,False,,,
2022-01-20,300750.SZ,-0.34314980793854033,0,-0.0,False,,,
2022-01-21,300750.SZ,-0.3034571062740077,0,-0.0,False,,,
2022-01-24,300750.SZ,-0.3700384122919334,0,-0.0,False,,,
2022-01-25,300750.SZ,-0.22279129321382843,0,-0.0,False,,,
2022-01-26,300750.SZ,-0.7797695262483995,0,-0.0,False,,,
2022-01-27,300750.SZ,-0.5390524967989757,0,-0.0,False,,,
2022-01-28,300750.SZ,-0.8565941101152369,0,-0.0,False,,,
2022-02-07,300750.SZ,-0.7708066581306018,0,-0.0,False,,,
2022-02-08,300750.SZ,-0.645326504481434,0,-0.0,False,,,
2022-02-09,300750.SZ,-0.7084398976982097,0,-0.0,False,,,
2022-02-10,300750.SZ,-0.07662835249042145,0,-0.0,False,,,
2022-02-11,300750.SZ,-0.036989795918367346,0,-0.0,False,,,
2022-02-14,300750.SZ,-0.044642857142857144,0,-0.0,False,,,
2022-02-15,300750.SZ,-0.02806122448979592,0,-0.0,False,,,
2022-02-16,300750.SZ,-0.06768837803320563,0,-0.0,False,,,
2022-02-17,300750.SZ,-0.05236270753512133,0,-0.0,False,,,
2022-02-18,300750.SZ,-0.13793103448275862,0,-0.0,False,,,
2022-02-21,300750.SZ,-0.24648786717752236,0,-0.0,False,,,
2022-02-22,300750.SZ,-0.3887468030690537,0,-0.0,False,,,
2022-02-23,300750.SZ,-0.16112531969309463,0,-0.0,False,,,
2022-02-24,300750.SZ,-0.17774936061381075,0,-0.0,False,,,
2022-02-25,300750.SZ,-0.16751918158567775,0,-0.0,False,,,
2022-02-28,300750.SZ,-0.17135549872122763,0,-0.0,False,,,
2022-03-01,300750.SZ,-0.11892583120204604,0,-0.0,False,,,
2022-03-02,300750.SZ,-0.052429667519181586,0,-0.0,False,,,
2022-03-03,300750.SZ,-0.14066496163682865,0,-0.0,False,,,
2022-03-04,300750.SZ,-0.056265984654731455,0,-0.0,False,,,
2022-03-07,300750.SZ,-0.028132992327365727,0,-0.0,False,,,
2022-03-08,300750.SZ,-0.06521739130434782,0,-0.0,False,,,
2022-03-09,300750.SZ,-0.06130268199233716,0,-0.0,False,,,
2022-03-10,300750.SZ,-0.21328224776500637,0,-0.0,False,,,
2022-03-11,300750.SZ,-0.14687100893997446,0,-0.0,False,,,
2022-03-14,300750.SZ,-0.6143039591315453,0,-0.0,False,,,
2022-03-15,300750.SZ,-0.5951468710089399,0,-0.0,False,,,
2022-03-16,300750.SZ,-0.756066411238825,0,-0.0,False,,,
2022-03-17,300750.SZ,-0.8671775223499362,0,-0.0,False,,,
2022-03-18,300750.SZ,-0.7704081632653061,0,-0.0,False,,,
2022-03-21,300750.SZ,-0.610969387755102,0,-0.0,False,,,
2022-03-22,300750.SZ,-0.5063775510204082,0,-0.0,False,,,
2022-03-23,300750.SZ,-0.45408163265306123,0,-0.0,False,,,
2022-03-24,300750.SZ,-0.2385204081632653,0,-0.0,False,,,
2022-03-25,300750.SZ,-0.1798469387755102,0,-0.0,False,,,
2022-03-28,300750.SZ,-0.05229591836734694,0,-0.0,False,,,
2022-03-29,300750.SZ,-0.08035714285714286,0,-0.0,False,,,
2022-03-30,300750.SZ,-0.09693877551020408,0,-0.0,False,,,
2022-03-31,300750.SZ,-0.09578544061302682,0,-0.0,False,,,
2022-04-01,300750.SZ,-0.06896551724137931,0,-0.0,False,,,
2022-04-06,300750.SZ,-0.3282247765006386,0,-0.0,False,,,
2022-04-07,300750.SZ,-0.5031928480204342,0,-0.0,False,,,
2022-04-08,300750.SZ,-0.4680306905370844,0,-0.0,False,,,
2022-04-11,300750.SZ,-0.11381074168797954,0,-0.0,False,,,
2022-04-12,300750.SZ,-0.0959079283887468,0,-0.0,False,,,
2022-04-13,300750.SZ,-0.13810741687979539,0,-0.0,False,,,
2022-04-14,300750.SZ,-0.10485933503836317,0,-0.0,False,,,
2022-04-15,300750.SZ,-0.070242656449553,0,-0.0,False,,,
2022-04-18,300750.SZ,-0.07279693486590039,0,-0.0,False,,,
2022-04-19,300750.SZ,-0.10089399744572158,0,-0.0,False,,,
2022-04-20,300750.SZ,-0.0140485312899106,0,-0.0,False,,,
2022-04-21,300750.SZ,-0.029411764705882353,0,-0.0,False,,,
2022-04-22,300750.SZ,-0.04092071611253197,0,-0.0,False,,,
2022-04-25,300750.SZ,-0.08439897698209718,0,-0.0,False,,,
2022-04-26,300750.SZ,-0.2391304347826087,0,-0.0,False,,,
2022-04-27,300750.SZ,-0.8746803069053708,0,-0.0,False,,,
2022-04-28,300750.SZ,-0.7762148337595908,0,-0.0,False,,,
2022-04-29,300750.SZ,-0.6342710997442456,0,-0.0,False,,,
2022-05-05,300750.SZ,-0.06017925736235595,0,-0.0,False,,,
2022-05-06,300750.SZ,-0.04353393085787452,0,-0.0,False,,,
2022-05-09,300750.SZ,-0.08450704225352113,0,-0.0,False,,,
2022-05-10,300750.SZ,-0.056265984654731455,0,-0.0,False,,,
2022-05-11,300750.SZ,-0.035759897828863345,0,-0.0,False,,,
2022-05-12,300750.SZ,-0.11096938775510204,0,-0.0,False,,,
2022-05-13,300750.SZ,-0.06760204081632654,0,-0.0,False,,,
2022-05-16,300750.SZ,-0.058673469387755105,0,-0.0,False,,,
2022-05-17,300750.SZ,-0.1377551020408163,0,-0.0,False,,,
2022-05-18,300750.SZ,-0.09821428571428571,0,-0.0,False,,,
2022-05-19,300750.SZ,-0.09948979591836735,0,-0.0,False,,,
2022-05-20,300750.SZ,-0.13010204081632654,0,-0.0,False,,,
2022-05-23,300750.SZ,-0.15178571428571427,0,-0.0,False,,,
2022-05-24,300750.SZ,-0.4030612244897959,0,-0.0,False,,,
2022-05-25,300750.SZ,-0.19157088122605365,0,-0.0,False,,,
2022-05-26,300750.SZ,-0.5159642401021711,0,-0.0,False,,,
2022-05-27,300750.SZ,-0.0499359795134443,0,-0.0,False,,,
2022-05-30,300750.SZ,-0.0793854033290653,0,-0.0,False,,,
2022-05-31,300750.SZ,-0.4148527528809219,0,-0.0,False,,,
2022-06-01,300750.SZ,-0.5487179487179488,0,-0.0,False,,,
2022-06-02,300750.SZ,-0.4564102564102564,0,-0.0,False,,,
2022-06-06,300750.SZ,-0.43918053777208704,0,-0.0,False,,,
2022-06-07,300750.SZ,-0.03324808184143223,0,-0.0,False,,,
2022-06-08,300750.SZ,-0.05370843989769821,0,-0.0,False,,,
2022-06-09,300750.SZ,-0.06649616368286446,0,-0.0,False,,,
2022-06-10,300750.SZ,-0.06905370843989769,0,-0.0,False,,,
2022-06-13,300750.SZ,-0.563858695652174,0,-0.0,False,,,
2022-06-14,300750.SZ,-0.9157608695652174,0,-0.0,False,,,
2022-06-15,300750.SZ,-0.6766304347826086,0,-0.0,False,,,
2022-06-16,300750.SZ,-0.7146739130434783,0,-0.0,False,,,
2022-06-17,300750.SZ,-0.7872611464968153,0,-0.0,False,,,
2022-06-20,300750.SZ,-0.7401273885350318,0,-0.0,False,,,
2022-06-21,300750.SZ,-0.03821656050955414,0,-0.0,False,-0.2870696168757976,0.26245712014475425,-0.02461249673104332
2022-06-22,300750.SZ,-0.035668789808917196,0,-0.0,False,-0.2818751039647608,0.2611482934013402,-0.020726810563420572
2022-06-23,300750.SZ,-0.03694267515923567,0,-0.0,False,-0.28049928335127583,0.2620126565015952,-0.01848662684968061
2022-06-24,300750.SZ,-0.3746819338422392,0,-0.0,False,-0.27976280820181415,0.2625761075193252,-0.017186700682488953
2022-06-27,300750.SZ,-0.6539440203562341,0,-0.0,False,-0.28116727459458823,0.2626297639170389,-0.01853751067754933
2022-06-28,300750.SZ,-0.5585241730279898,0,-0.0,False,-0.2821140338764728,0.26377417240853035,-0.018339861467942475
2022-06-29,300750.SZ,-0.7022900763358778,0,-0.0,False,-0.2859681459030932,0.2644104578619854,-0.021557688041107803
2022-06-30,300750.SZ,-0.7582697201017812,0,-0.0,False,-0.29087092598864933,0.2666392993413974,-0.024231626647251925
2022-07-01,300750.SZ,-0.5114503816793893,0,-0.0,False,-0.296378914159792,0.2694195610956225,-0.026959353064169522
2022-07-04,300750.SZ,-0.4173027989821883,0,-0.0,False,-0.29981086018847397,0.26951509721014405,-0.03029576297832992
2022-07-05,300750.SZ,-0.2480916030534351,0,-0.0,False,-0.30253274281515613,0.2690341646085562,-0.033498578206599905
2022-07-06,300750.SZ,-0.3791348600508906,0,-0.0,False,-0.3014498961271063,0.26898922593226643,-0.03246067019483989
2022-07-07,300750.SZ,-0.7582697201017812,0,-0.0,False,-0.30342799952663646,0.2686776607840812,-0.03475033874255529
2022-07-08,300750.SZ,-0.811704834605598,0,-0.0,False,-0.3085640494106901,0.2714414201606828,-0.03712262925000731
2022-07-11,300750.SZ,-0.7760814249363868,0,-0.0,False,-0.313580600781764,0.275136837629563,-0.038443763152200994
2022-07-12,300750.SZ,-0.7493638676844784,0,-0.0,False,-0.31839619833398325,0.27814129510991487,-0.040254903224068384
2022-07-13,300750.SZ,-0.7760814249363868,0,-0.0,False,-0.3217566911862283,0.2809012692590825,-0.04085542192714581
2022-07-14,300750.SZ,-0.8651399491094147,0,-0.0,False,-0.3272236106809621,0.28331614601882565,-0.043907464662136464
2022-07-15,300750.SZ,-0.8804071246819338,0,-0.0,False,-0.3285156985923358,0.28542264148753327,-0.043093057104802546
2022-07-18,300750.SZ,-0.7455470737913485,0,-0.0,False,-0.3292751577092574,0.2867769689991662,-0.0424981887100912
2022-07-19,300750.SZ,-0.5585241730279898,0,-0.0,False,-0.3311508803403831,0.2887671693159343,-0.04238371102444877
2022-07-20,300750.SZ,-0.7255400254129606,0,-0.0,False,-0.32999005425347383,0.2875582387075585,-0.04243181554591535
2022-07-21,300750.SZ,-0.24777636594663277,0,-0.0,False,-0.335374676104173,0.28887287378001353,-0.04650180232415946
2022-07-22,300750.SZ,-0.4675984752223634,0,-0.0,False,-0.335999018206225,0.2885995025520849,-0.047399515654140134
2022-07-25,300750.SZ,-0.23027989821882952,0,-0.0,False,-0.3370360904335902,0.28884890780039957,-0.048187182633190606
2022-07-26,300750.SZ,-0.5966921119592875,0,-0.0,False,-0.3364262803664637,0.2889976011816558,-0.04742867918480792
2022-07-27,300750.SZ,-0.4847328244274809,0,-0.0,False,-0.338315061197025,0.2899581893024114,-0.04835687189461357
2022-07-28,300750.SZ,-0.455470737913486,0,-0.0,False,-0.34049790729047213,0.29006714777604536,-0.05043075951442677
2022-07-29,300750.SZ,-0.3982188295165394,0,-0.0,False,-0.3377954173876812,0.28743896478042835,-0.050356452607252855
2022-08-01,300750.SZ,-0.7414012738853503,0,-0.0,False,-0.33662180349366083,0.2868973281460354,-0.04972447534762542
2022-08-02,300750.SZ,-0.589058524173028,0,-0.0,False,-0.3356618631917451,0.28533135377989083,-0.050330509411854296
2022-08-03,300750.SZ,-0.38295165394402036,0,-0.0,False,-0.33414729540876537,0.2834785038891391,-0.05066879151962628
2022-08-04,300750.SZ,-0.2035623409669211,0,-0.0,False,-0.3319608383209536,0.2820665499249486,-0.04989428839600496
2022-08-05,300750.SZ,-0.14885496183206107,0,-0.0,False,-0.32775352534819285,0.28016274690846293,-0.04759077843972992
2022-08-08,300750.SZ,-0.08651399491094147,0,-0.0,False,-0.3283554137593731,0.2796959029498712,-0.04865951080950193
2022-08-09,300750.SZ,-0.41475826972010177,0,-0.0,False,-0.3287681154176446,0.2792986246644961,-0.04946949075314849
2022-08-10,300750.SZ,-0.5229007633587787,0,-0.0,False,-0.331852410522455,0.2781759990325034,-0.053676411489951614
2022-08-11,300750.SZ,-0.5267175572519084,0,-0.0,False,-0.3359760733463632,0.2773011335740078,-0.05867493977235538
2022-08-12,300750.SZ,-0.6055979643765903,0,-0.0,False,-0.33980131650651907,0.2767345974107708,-0.06306671909574829
2022-08-15,300750.SZ,-0.7490445859872611,0,-0.0,False,-0.3444116103135313,0.27651399554442574,-0.06789761476910555
2022-08-16,300750.SZ,-0.8535031847133758,0,-0.0,False,-0.3495042232427354,0.27830097108226914,-0.07120325216046625
2022-08-17,300750.SZ,-0.9426020408163265,0,-0.0,False,-0.35456268422220094,0.28190606115184497,-0.07265662307035597
2022-08-18,300750.SZ,-0.923469387755102,0,-0.0,False,-0.3591781445367615,0.2869591029397164,-0.07221904159704512
2022-08-19,300750.SZ,-0.7206632653061225,0,-0.0,False,-0.3655310117706116,0.29094852557430356,-0.07458248619630803
2022-08-22,300750.SZ,-0.6364795918367347,0,-0.0,False,-0.3700552943097142,0.2922223593993853,-0.07783293491032889
2022-08-23,300750.SZ,-0.7757961783439491,0,-0.0,False,-0.373963297728473,0.29262651940296197,-0.081336778325511
2022-08-24,300750.SZ,-0.11082802547770701,0,-0.0,False,-0.37900030339199564,0.2943070264980366,-0.08469327689395906
2022-08-25,300750.SZ,-0.09044585987261146,0,-0.0,False,-0.37893282167762615,0.29436808217767957,-0.08456473949994658
2022-08-26,300750.SZ,-0.15796178343949044,0,-0.0,False,-0.37924962328057144,0.29403401081868014,-0.0852156124618913
2022-08-29,300750.SZ,-0.6331210191082802,0,-0.0,False,-0.3793937634622602,0.29392028755279603,-0.08547347590946419
2022-08-30,300750.SZ,-0.6675159235668789,0,-0.0,False,-0.3842008887493732,0.2933077092045049,-0.09089317954486831
2022-08-31,300750.SZ,-0.12468193384223919,0,-0.0,False,-0.3895290798430358,0.2925916701690892,-0.0969374096739466
2022-09-01,300750.SZ,-0.09414758269720101,1,-1.0,True,-0.3900246176975182,0.2920877162098014,-0.09793690148771683
2022-09-02,300750.SZ,-0.11181702668360864,0,-0.0,False,-0.3902983252033921,0.29179233089963497,-0.09850599430375712
2022-09-05,300750.SZ,-0.1372299872935197,0,-0.0,False,-0.3894527816943804,0.29245584754665616,-0.09699693414772426
2022-09-06,300750.SZ,-0.022871664548919948,1,-1.0,True,-0.3893724398473266,0.2925243645086125,-0.09684807533871409
2022-09-07,300750.SZ,-0.021601016518424398,1,-1.0,True,-0.3844438373924714,0.29368284000617206,-0.09076099738629934
2022-09-08,300750.SZ,-0.015247776365946633,1,-1.0,True,-0.3796642886050504,0.2948895464074714,-0.08477474219757902
2022-09-09,300750.SZ,-0.017789072426937738,1,-1.0,True,-0.37349079998110984,0.29469780713544874,-0.0787929928456611
2022-09-13,300750.SZ,-0.23155216284987276,0,-0.0,False,-0.36641256289841817,0.29293579002800596,-0.07347677287041221
2022-09-14,300750.SZ,-0.23791348600508905,0,-0.0,False,-0.3619220962282895,0.29081324741703996,-0.07110884881124957
2022-09-15,300750.SZ,-0.09287531806615776,0,-0.0,False,-0.3588132970470394,0.29012171983419843,-0.06869157721284097
2022-09-16,300750.SZ,-0.13740458015267176,0,-0.0,False,-0.3553674451057541,0.2908091551008852,-0.0645582900048689
2022-09-19,300750.SZ,-0.15267175572519084,0,-0.0,False,-0.3527284696682508,0.291342205657396,-0.061386264010854785
2022-09-20,300750.SZ,-0.7595419847328244,0,-0.0,False,-0.3520130642312668,0.2917301505171297,-0.06028291371413713
2022-09-21,300750.SZ,-0.09414758269720101,0,-0.0,False,-0.35684385628091114,0.2936485847225952,-0.06319527155831595
2022-09-22,300750.SZ,-0.5273189326556544,0,-0.0,False,-0.35719262015032655,0.2933084927036644,-0.06388412744666216
2022-09-23,300750.SZ,-0.2770012706480305,0,-0.0,False,-0.3609173017319808,0.29260055436761034,-0.06831674736437043
2022-09-26,300750.SZ,-0.8233799237611181,0,-0.0,False,-0.362417822524796,0.2916957390293911,-0.07072208349540487
2022-09-27,300750.SZ,-0.8564167725540025,0,-0.0,False,-0.3684811098843634,0.29366223828625815,-0.07481887159810524
2022-09-28,300750.SZ,-0.7573062261753494,0,-0.0,False,-0.37504320367863536,0.2957040879059845,-0.07933911577265085
2022-09-29,300750.SZ,-0.7636594663278272,0,-0.0,False,-0.3786188824259246,0.29772056721135354,-0.08089831521457108
2022-09-30,300750.SZ,-0.7061068702290076,0,-0.0,False,-0.3807894375784862,0.2995800845767218,-0.0812093530017644
2022-10-10,300750.SZ,-0.17938931297709923,0,-0.0,False,-0.38277340574258556,0.3009479013810301,-0.08182550436155545
2022-10-11,300750.SZ,-0.8625954198473282,0,-0.0,False,-0.38331989383666154,0.30051462049694266,-0.08280527333971888
2022-10-12,300750.SZ,-0.9389312977099237,0,-0.0,False,-0.38970895626548313,0.3024962864757407,-0.0872126697897424
2022-10-13,300750.SZ,-0.6399491094147582,0,-0.0,False,-0.39638248860573416,0.30571549796901776,-0.0906669906367164
2022-10-14,300750.SZ,-0.6480304955527318,0,-0.0,False,-0.4008415700588708,0.3053297825720325,-0.09551178748683825
2022-10-17,300750.SZ,-0.6921119592875318,0,-0.0,False,-0.40565646871806393,0.3046274980035443,-0.10102897071451966
2022-10-18,300750.SZ,-0.8536895674300254,0,-0.0,False,-0.4108174272549108,0.30418670477256843,-0.1066307224823424
2022-10-19,300750.SZ,-0.638676844783715,0,-0.0,False,-0.4170907236714468,0.3055010666107153,-0.11158965706073148
2022-10-20,300750.SZ,-0.15139949109414758,0,-0.0,False,-0.4222959596172284,0.3038932719109116,-0.11840268770631679
2022-10-21,300750.SZ,-0.41475826972010177,0,-0.0,False,-0.42331252400379726,0.30276993321305207,-0.1205425907907452
2022-10-24,300750.SZ,-0.638676844783715,0,-0.0,False,-0.426427836950527,0.30071862559843726,-0.12570921135208973
2022-10-25,300750.SZ,-0.72264631043257,0,-0.0,False,-0.43104681918220716,0.2996759737888314,-0.1313708453933758
2022-10-26,300750.SZ,-0.6259541984732825,0,-0.0,False,-0.43507611814595687,0.30032373509303556,-0.1347523830529213
2022-10-27,300750.SZ,-0.1821656050955414,0,-0.0,False,-0.4330034005756895,0.2981144416366445,-0.13488895893904496
2022-10-28,300750.SZ,-0.07133757961783439,1,-1.0,True,-0.42805299033682237,0.29729846562021967,-0.1307545247166027
2022-10-31,300750.SZ,-0.13885350318471337,0,-0.0,False,-0.4233618776691023,0.2984562258711069,-0.12490565179799545
2022-11-01,300750.SZ,-0.13121019108280255,0,-0.0,False,-0.4240174963842886,0.2977372643557113,-0.1262802320285773
2022-11-02,300750.SZ,-0.15903307888040713,0,-0.0,False,-0.42474813188616306,0.2969021323452915,-0.12784599954087156
2022-11-03,300750.SZ,-0.12833545108005082,1,-1.0,True,-0.4253691821913871,0.29626170115036093,-0.12910748104102615
2022-11-04,300750.SZ,-0.420584498094028,0,-0.0,False,-0.4259697610782647,0.2955794345912176,-0.13039032648704707
2022-11-07,300750.SZ,-0.27064803049555275,0,-0.0,False,-0.4291766327471411,0.2933897547776551,-0.13578687796948596
2022-11-08,300750.SZ,-0.3748411689961881,0,-0.0,False,-0.4305072881033115,0.29229447604631814,-0.13821281205699337
2022-11-09,300750.SZ,-0.16772554002541296,0,-0.0,False,-0.433067614171477,0.2904285893006222,-0.14263902487085478
2022-11-10,300750.SZ,-0.31512071156289706,0,-0.0,False,-0.43397638142679085,0.28941609472193847,-0.14456028670485238
2022-11-11,300750.SZ,-0.2388818297331639,0,-0.0,False,-0.43545442817280816,0.2883414890039879,-0.14711293916882023
2022-11-14,300750.SZ,-0.21092757306226176,0,-0.0,False,-0.4366266577062988,0.2872427877931978,-0.14938386991310104
2022-11-15,300750.SZ,-0.1473951715374841,1,-1.0,True,-0.43755530584916463,0.28632233707575144,-0.1512329687734132
2022-11-16,300750.SZ,-0.2617534942820839,0,-0.0,False,-0.437699415271841,0.2861706035436992,-0.15152881172814175
2022-11-17,300750.SZ,-0.13468869123252858,1,-1.0,True,-0.43861581343847733,0.2854224298807478,-0.15319338355772955
2022-11-18,300750.SZ,-0.09796437659033079,1,-1.0,True,-0.43637937566133345,0.2867516863064271,-0.14962768935490633
2022-11-21,300750.SZ,-0.11577608142493638,1,-1.0,True,-0.43559932145603575,0.2875494479486166,-0.14804987350741916
2022-11-22,300750.SZ,-0.07888040712468193,1,-1.0,True,-0.43226442013372546,0.28892689479175054,-0.14333752534197491
2022-11-23,300750.SZ,-0.05089058524173028,1,-1.0,True,-0.43250562369715245,0.2886169505931148,-0.14388867310403763
2022-11-24,300750.SZ,-0.07760814249363868,1,-1.0,True,-0.432268166879758,0.2889214795114081,-0.14334668736834988
2022-11-25,300750.SZ,-0.272264631043257,0,-0.0,False,-0.42945779512653065,0.29072687218389853,-0.13873092294263212
2022-11-28,300750.SZ,-0.22646310432569974,0,-0.0,False,-0.42715401747924153,0.2908691901926524,-0.13628482728658914
2022-11-29,300750.SZ,-0.21374045801526717,0,-0.0,False,-0.4252377912118703,0.2914317265122195,-0.13380606469965078
2022-11-30,300750.SZ,-0.6361323155216285,0,-0.0,False,-0.4233591238805634,0.2920670305500409,-0.1312920933305225
2022-12-01,300750.SZ,-0.9083969465648855,0,-0.0,False,-0.4283831591612317,0.29048108146621454,-0.13790207769501717
2022-12-02,300750.SZ,-0.7035623409669212,0,-0.0,False,-0.43550556338345825,0.2916927766481735,-0.14381278673528475
2022-12-05,300750.SZ,-0.7002551020408163,0,-0.0,False,-0.4408144481941587,0.29071602167674476,-0.15009842651741395
2022-12-06,300750.SZ,-0.39285714285714285,0,-0.0,False,-0.44607445980749977,0.2896413909158993,-0.15643306889160047
2022-12-07,300750.SZ,-0.9400510204081632,0,-0.0,False,-0.4446494468675411,0.2894776428814569,-0.1551718039860842
2022-12-08,300750.SZ,-0.923469387755102,0,-0.0,False,-0.44485186479123234,0.2898181291683828,-0.15503373562284956
2022-12-09,300750.SZ,-0.8354591836734694,0,-0.0,False,-0.44690885606600317,0.2923419905552226,-0.15456686551078058
2022-12-12,300750.SZ,-0.7639077340569878,0,-0.0,False,-0.4479153999879197,0.2934773916426396,-0.1544380083452801
2022-12-13,300750.SZ,-0.6852103120759837,0,-0.0,False,-0.4477207882175878,0.29325813368771925,-0.15446265452986857
2022-12-14,300750.SZ,-0.14925373134328357,1,-1.0,True,-0.44726314591376237,0.29284053861299014,-0.15442260730077223
2022-12-15,300750.SZ,-0.8018995929443691,0,-0.0,False,-0.44818845567071014,0.29171042830618304,-0.1564780273645271
2022-12-16,300750.SZ,-0.9326556543837357,0,-0.0,False,-0.4545737123635056,0.29099002867018287,-0.1635836836933227
2022-12-19,300750.SZ,-0.8106734434561627,0,-0.0,False,-0.4620379871903764,0.2916745226106509,-0.1703634645797255
2022-12-20,300750.SZ,-0.7827191867852605,0,-0.0,False,-0.46567124977049246,0.29328823633819556,-0.1723830134322969
2022-12-21,300750.SZ,-0.09541984732824428,1,-1.0,True,-0.466744376157401,0.29421702567634195,-0.17252735048105905
2022-12-22,300750.SZ,-0.6683608640406608,0,-0.0,False,-0.4628851734432365,0.29603466874346146,-0.16685050469977503
2022-12-23,300750.SZ,-0.3020304568527919,0,-0.0,False,-0.462602430007443,0.29582021631508104,-0.16678221369236196
2022-12-26,300750.SZ,-0.06734434561626429,1,-1.0,True,-0.45880043614703475,0.2949187616179386,-0.16388167452909613
2022-12-27,300750.SZ,-0.052096569250317665,1,-1.0,True,-0.4550995525131754,0.2970314516329945,-0.15806810088018092
2022-12-28,300750.SZ,-0.03299492385786802,1,-1.0,True,-0.4520561672654098,0.2992843797361837,-0.1527717875292261
2022-12-29,300750.SZ,-0.08756345177664974,1,-1.0,True,-0.45026369493878005,0.30115451353896067,-0.14910918139981938
2022-12-30,300750.SZ,-0.8286802030456852,0,-0.0,False,-0.44783393320316134,0.30290435282317585,-0.1449295803799855
2023-01-03,300750.SZ,-0.8807106598984772,0,-0.0,False,-0.4484206872276939,0.3035781955664077,-0.1448424916612862
2023-01-04,300750.SZ,-0.7753807106598984,0,-0.0,False,-0.4489957357718012,0.30433653344343425,-0.14465920232836693
2023-01-05,300750.SZ,-0.2068527918781726,0,-0.0,False,-0.44898989648616383,0.30433021159023604,-0.1446596848959278
2023-01-06,300750.SZ,-0.7157360406091371,0,-0.0,False,-0.4444689708544446,0.3038597869834097,-0.14060918387103488
2023-01-09,300750.SZ,-0.10546378653113088,1,-1.0,True,-0.44396609265171755,0.30335588419177983,-0.1406102084599377
2023-01-10,300750.SZ,-0.035578144853875476,1,-1.0,True,-0.4376354579635652,0.3024179514534984,-0.13521750651006675
2023-01-11,300750.SZ,-0.036848792884371026,1,-1.0,True,-0.43059521646499804,0.3018569002630245,-0.12873831620197357
2023-01-12,300750.SZ,-0.09923664122137404,1,-1.0,True,-0.4246893974574399,0.30257507062110994,-0.12211432683632995
2023-01-13,300750.SZ,-0.8384223918575063,0,-0.0,False,-0.4208620013590514,0.3037704103746851,-0.11709159098436628
2023-01-16,300750.SZ,-0.399746192893401,0,-0.0,False,-0.42180268774608926,0.30489453747062484,-0.11690815027546442
2023-01-17,300750.SZ,-0.5977157360406091,0,-0.0,False,-0.42306910297064565,0.30448095620010834,-0.1185881467705373
2023-01-18,300750.SZ,-0.5774111675126904,0,-0.0,False,-0.42415341347746444,0.30487229953561423,-0.1192811139418502
2023-01-19,300750.SZ,-0.6641318124207858,0,-0.0,False,-0.42704617405491324,0.30466408000064416,-0.12238209405426909
2023-01-20,300750.SZ,-0.48860759493670886,0,-0.0,False,-0.4276081715587591,0.30504161377778666,-0.12256655778097242
2023-01-30,300750.SZ,-0.8607594936708861,0,-0.0,False,-0.4276404613130026,0.30504791645614915,-0.12259254485685345
2023-01-31,300750.SZ,-0.8936708860759494,0,-0.0,False,-0.431017867610981,0.3075916516536178,-0.1234262159573632
2023-02-01,300750.SZ,-0.8187579214195184,0,-0.0,False,-0.435146634748976,0.3104595226366622,-0.12468711211231381
2023-02-02,300750.SZ,-0.5259822560202788,0,-0.0,False,-0.43579127347842744,0.3111802492662576,-0.12461102421216985
2023-02-03,300750.SZ,-0.5335868187579215,0,-0.0,False,-0.4352656379104879,0.31097238339030486,-0.12429325452018303
2023-02-06,300750.SZ,-0.1394169835234474,0,-0.0,False,-0.43652093095060374,0.3110634534277987,-0.12545747752280506
2023-02-07,300750.SZ,-0.2953105196451204,0,-0.0,False,-0.43598638630524145,0.3115219206353647,-0.12446446566987673
2023-02-08,300750.SZ,-0.15862944162436549,0,-0.0,False,-0.437206849287017,0.3106732921242499,-0.1265335571627671
2023-02-09,300750.SZ,-0.030456852791878174,1,-1.0,True,-0.4378078113429621,0.31005835712009544,-0.12774945422286665
2023-02-10,300750.SZ,-0.0799492385786802,1,-1.0,True,-0.4346052995352269,0.31227518011544,-0.12233011941978694
2023-02-13,300750.SZ,-0.7093908629441624,0,-0.0,False,-0.43091403682872614,0.31383676868444166,-0.11707726814428449
2023-02-14,300750.SZ,-0.5888324873096447,0,-0.0,False,-0.4324363143761616,0.31474708422972875,-0.11768923014643284
2023-02-15,300750.SZ,-0.6548223350253807,0,-0.0,False,-0.4322966020672704,0.3146732863540308,-0.11762331571323958
2023-02-16,300750.SZ,-0.7703045685279187,0,-0.0,False,-0.4315114166425881,0.3139931008021385,-0.11751831584044958
2023-02-17,300750.SZ,-0.015228426395939087,1,-1.0,True,-0.43081809484104255,0.31314418617434187,-0.11767390866670069
2023-02-20,300750.SZ,-0.008883248730964468,1,-1.0,True,-0.4230899813875393,0.31184837399848486,-0.11124160738905442
2023-02-21,300750.SZ,-0.005069708491761723,1,-1.0,True,-0.41546843022900487,0.310690430616296,-0.1047779996127089
2023-02-22,300750.SZ,-0.035487959442332066,1,-1.0,True,-0.4095051505888852,0.3116493482631144,-0.09785580232577079
2023-02-23,300750.SZ,-0.9455696202531646,0,-0.0,False,-0.4044968869855985,0.3127980820268446,-0.09169880495875388
2023-02-24,300750.SZ,-0.6962025316455697,0,-0.0,False,-0.40591166566817527,0.314868660378225,-0.0910430052899503
2023-02-27,300750.SZ,-0.18354430379746836,0,-0.0,False,-0.4107897865529075,0.3147931083390681,-0.09599667821383939
2023-02-28,300750.SZ,-0.1810126582278481,0,-0.0,False,-0.411565606918948,0.3141109566346981,-0.09745465028424988
2023-03-01,300750.SZ,-0.5569620253164557,0,-0.0,False,-0.4117576975421843,0.31396157784633827,-0.097796119695846
2023-03-02,300750.SZ,-0.18227848101265823,0,-0.0,False,-0.41112303926058574,0.3135870947468577,-0.09753594451372805
2023-03-03,300750.SZ,-0.5721518987341773,0,-0.0,False,-0.4070793939059672,0.31338162958509175,-0.09369776432087545
2023-03-06,300750.SZ,-0.6620253164556962,0,-0.0,False,-0.4108083102800667,0.3126545261500091,-0.0981537841300576
2023-03-07,300750.SZ,-0.5215189873417722,0,-0.0,False,-0.41554062472805414,0.31211851425195236,-0.10342211047610178
2023-03-08,300750.SZ,-0.4962025316455696,0,-0.0,False,-0.4189548077335389,0.3110070746524966,-0.10794773308104227
2023-03-09,300750.SZ,-0.7721518987341772,0,-0.0,False,-0.4219462456031392,0.30999928367928675,-0.11194696192385245
2023-03-10,300750.SZ,-0.9658227848101266,0,-0.0,False,-0.4281902475546831,0.3094390712744984,-0.11875117628018472
2023-03-13,300750.SZ,-0.920253164556962,0,-0.0,False,-0.4360587622904473,0.31101428593116065,-0.12504447635928667
2023-03-14,300750.SZ,-0.910126582278481,0,-0.0,False,-0.4436004738587057,0.31169627378718556,-0.13190420007152015
2023-03-15,300750.SZ,-0.8658227848101265,0,-0.0,False,-0.45103661977413523,0.3120963166399152,-0.13894030313422
2023-03-16,300750.SZ,-0.830379746835443,0,-0.0,False,-0.45632220829047065,0.31371467573381984,-0.14260753255665082
2023-03-17,300750.SZ,-0.09620253164556962,1,-1.0,True,-0.46125942713072365,0.3149083149390052,-0.14635111219171848
2023-03-20,300750.SZ,-0.09367088607594937,1,-1.0,True,-0.4612871539105521,0.3148757519956748,-0.14641140191487728
2023-03-21,300750.SZ,-0.13037974683544304,1,-1.0,True,-0.46092270645991273,0.31527882583470423,-0.1456438806252085
2023-03-22,300750.SZ,-0.620253164556962,0,-0.0,False,-0.4607369397191648,0.3154684882551939,-0.14526845146397088
2023-03-23,300750.SZ,-0.04430379746835443,1,-1.0,True,-0.4595761995510326,0.3146149170243234,-0.1449612825267092
2023-03-24,300750.SZ,-0.18354430379746836,0,-0.0,False,-0.45916083467412555,0.31513389666241,-0.14402693801171557
2023-03-27,300750.SZ,-0.17468354430379746,0,-0.0,False,-0.4562960461003074,0.3160702702210301,-0.14022577587927726
2023-03-28,300750.SZ,-0.8126582278481013,0,-0.0,False,-0.4554433983807721,0.31669540032801097,-0.1387479980527611
2023-03-29,300750.SZ,-0.6949367088607595,0,-0.0,False,-0.45535405091483033,0.31659221981192237,-0.13876183110290796
2023-03-30,300750.SZ,-0.7,0,-0.0,False,-0.4540083837173866,0.3152133684284144,-0.1387950152889722
2023-03-31,300750.SZ,-0.879746835443038,0,-0.0,False,-0.45353083183259196,0.31479313703809436,-0.1387376947944976
2023-04-03,300750.SZ,-0.8936708860759494,0,-0.0,False,-0.45449822657521877,0.31593052615612544,-0.13856770041909333
2023-04-04,300750.SZ,-0.36835443037974686,0,-0.0,False,-0.45606126004060993,0.3176451184531271,-0.13841614158748283
2023-04-06,300750.SZ,-0.6164556962025316,0,-0.0,False,-0.45763596935229867,0.31672907714150633,-0.14090689221079233
2023-04-07,300750.SZ,-0.8443037974683544,0,-0.0,False,-0.45558480498859205,0.314876077592763,-0.14070872739582907
2023-04-10,300750.SZ,-0.14050632911392405,1,-1.0,True,-0.45479624248657896,0.3137719876519869,-0.14102425483459208
2023-04-11,300750.SZ,-0.1189873417721519,1,-1.0,True,-0.4506342193174053,0.31460670713930233,-0.136027512178103
2023-04-12,300750.SZ,-0.7240506329113924,0,-0.0,False,-0.44622552636923385,0.31552277832993253,-0.13070274803930132
2023-04-13,300750.SZ,-0.789873417721519,0,-0.0,False,-0.44649168198276606,0.3157453282492282,-0.13074635373353788
2023-04-14,300750.SZ,-0.8487341772151898,0,-0.0,False,-0.4459598807351951,0.3151068289712348,-0.13085305176396028
2023-04-17,300750.SZ,-0.85297845373891,0,-0.0,False,-0.44771035850545743,0.3167654930255482,-0.13094486547990924
2023-04-18,300750.SZ,-0.8238276299112801,0,-0.0,False,-0.45355684986083045,0.3177235896972465,-0.13583326016358394
2023-04-19,300750.SZ,-0.5057034220532319,0,-0.0,False,-0.456965761195757,0.3194933738232936,-0.13747238737246337
2023-04-20,300750.SZ,-0.09378960709759189,1,-1.0,True,-0.4558576493396696,0.3190881834119413,-0.13676946592772832
2023-04-21,300750.SZ,-0.8783269961977186,0,-0.0,False,-0.4506171768118781,0.31983289436238593,-0.13078428244949214
2023-04-24,300750.SZ,-0.8759493670886076,0,-0.0,False,-0.4527202834595817,0.3218191256851751,-0.13090115777440658
2023-04-25,300750.SZ,-0.8556962025316456,0,-0.0,False,-0.4585018148095239,0.3231469512457382,-0.13535486356378568
2023-04-26,300750.SZ,-0.9480354879594424,0,-0.0,False,-0.465038136667139,0.32318258122477217,-0.14185555544236683
2023-04-27,300750.SZ,-0.9455006337135615,0,-0.0,False,-0.4717813198735951,0.32475749556186667,-0.14702382431172845
2023-04-28,300750.SZ,-0.9467680608365019,0,-0.0,False,-0.47856707356218475,0.326086032882374,-0.15248104067981078
2023-05-04,300750.SZ,-0.9252217997465145,0,-0.0,False,-0.48513153174515217,0.3275252140842848,-0.15760631766086736
2023-05-05,300750.SZ,-0.8580481622306717,0,-0.0,False,-0.49177225131737273,0.3283079006706934,-0.16346435064667936
2023-05-08,300750.SZ,-0.8517110266159695,0,-0.0,False,-0.49541778185184476,0.32993555264568464,-0.16548222920616013
2023-05-09,300750.SZ,-0.7110266159695817,0,-0.0,False,-0.5002599734861816,0.3308716349105205,-0.16938833857566105
2023-05-10,300750.SZ,-0.861850443599493,0,-0.0,False,-0.5030615188776265,0.33122385075908245,-0.17183766811854406
2023-05-11,300750.SZ,-0.9544303797468354,0,-0.0,False,-0.5088458930740772,0.3313793894903198,-0.17746650358375743
2023-05-12,300750.SZ,-0.9493670886075949,0,-0.0,False,-0.5141734736422767,0.33337179623847585,-0.18080167740380088
2023-05-15,300750.SZ,-0.9405063291139241,0,-0.0,False,-0.520094184132897,0.3347478067973368,-0.1853463773355602
2023-05-16,300750.SZ,-0.8620253164556962,0,-0.0,False,-0.5261740070999941,0.335709481659928,-0.1904645254400661
2023-05-17,300750.SZ,-0.8569620253164557,0,-0.0,False,-0.5321292583076459,0.3352719799822031,-0.1968572783254428
2023-05-18,300750.SZ,-0.1759493670886076,1,-1.0,True,-0.537089329399599,0.3356409867062836,-0.20144834269331535
2023-05-19,300750.SZ,-0.09873417721518987,1,-1.0,True,-0.5374331683650663,0.33524619543214423,-0.20218697293292204
2023-05-22,300750.SZ,-0.10253164556962026,1,-1.0,True,-0.5374395833702734,0.3352377226974995,-0.2022018606727739
2023-05-23,300750.SZ,-0.5670886075949367,0,-0.0,False,-0.5373292130714792,0.33537986364023953,-0.20194934943123966
2023-05-24,300750.SZ,-0.5025316455696203,0,-0.0,False,-0.5413976147420647,0.33272244452934147,-0.20867517021272325
2023-05-25,300750.SZ,-0.46835443037974683,0,-0.0,False,-0.5451612902447971,0.3296677264455272,-0.21549356379926987
2023-05-26,300750.SZ,-0.1850443599493029,1,-1.0,True,-0.5484175093105147,0.3269291466623798,-0.22148836264813487
2023-05-29,300750.SZ,-0.2623574144486692,0,-0.0,False,-0.547690673718065,0.3276444271218113,-0.22004624659625371
2023-05-30,300750.SZ,-0.16096324461343473,1,-1.0,True,-0.5479897929690897,0.32736496715955776,-0.2206248258095319
2023-05-31,300750.SZ,-0.20532319391634982,1,-1.0,True,-0.5475499828574079,0.32785288902682347,-0.2196970938305844
2023-06-01,300750.SZ,-0.6907477820025348,0,-0.0,False,-0.5439599068440305,0.32923058013030815,-0.21472932671372236
2023-06-02,300750.SZ,-0.7325728770595691,0,-0.0,False,-0.542146163806011,0.32780243303038115,-0.21434373077562985
2023-06-05,300750.SZ,-0.6603295310519645,0,-0.0,False,-0.5423879182734497,0.3279331495005476,-0.2144547687729021
2023-06-06,300750.SZ,-0.550063371356147,0,-0.0,False,-0.5420552051818759,0.32779185862314736,-0.21426334655872853
2023-06-07,300750.SZ,-0.04568527918781726,1,-1.0,True,-0.5433652570860341,0.3275045823988799,-0.2158606746871542
2023-06-08,300750.SZ,-0.03299492385786802,1,-1.0,True,-0.5359122092425312,0.32857613551157655,-0.2073360737309547
2023-06-09,300750.SZ,-0.06472081218274112,1,-1.0,True,-0.5284915887100544,0.3298029498103645,-0.1986886388996899
2023-06-12,300750.SZ,-0.128686327077748,1,-1.0,True,-0.5220687689476317,0.33127627168867074,-0.1907924972589609
2023-06-13,300750.SZ,-0.5227882037533512,0,-0.0,False,-0.5167752572228046,0.3324524774587929,-0.18432277976401168
2023-06-14,300750.SZ,-0.29222520107238603,0,-0.0,False,-0.5154217396534494,0.3320914026895286,-0.18333033696392081
2023-06-15,300750.SZ,-0.8914209115281502,0,-0.0,False,-0.5166131685678585,0.3310214216998335,-0.18559174686802504
2023-06-16,300750.SZ,-0.914249684741488,0,-0.0,False,-0.5173591795560568,0.33176979375372617,-0.18558938580233064
2023-06-19,300750.SZ,-0.8877679697351829,0,-0.0,False,-0.5172057964757047,0.3315803820004118,-0.18562541447529296
2023-06-20,300750.SZ,-0.880201765447667,0,-0.0,False,-0.5178482508613632,0.3322278244370032,-0.18562042642436
2023-06-21,300750.SZ,-0.8940731399747793,0,-0.0,False,-0.5186606056835499,0.3329992078457299,-0.18566139783781999
2023-06-26,300750.SZ,-0.05926860025220681,1,-1.0,True,-0.5253160497889378,0.3324497138660063,-0.19286633592293145
2023-06-27,300750.SZ,-0.05296343001261034,1,-1.0,True,-0.520240280924034,0.33488818468168763,-0.18535209624234633
2023-06-28,300750.SZ,-0.06565656565656566,1,-1.0,True,-0.5181647223670324,0.3370170260687387,-0.1811476962982937
2023-06-29,300750.SZ,-0.4898989898989899,0,-0.0,False,-0.5181506575340349,0.33703603307627533,-0.18111462445775955
2023-06-30,300750.SZ,-0.6254728877679697,0,-0.0,False,-0.5217990110394405,0.33430720674034664,-0.18749180429909384
2023-07-03,300750.SZ,-0.5800756620428752,0,-0.0,False,-0.526736327405358,0.3313898576782371,-0.19534646972712094
2023-07-04,300750.SZ,-0.532156368221942,0,-0.0,False,-0.5308405958242433,0.32894586107248275,-0.2018947347517605
2023-07-05,300750.SZ,-0.24968474148802017,0,-0.0,False,-0.5283695638673788,0.3278014456190751,-0.20056811824830367
2023-07-06,300750.SZ,-0.1601513240857503,1,-1.0,True,-0.5231110145472916,0.32716253308636195,-0.19594848146092964
2023-07-07,300750.SZ,-0.43954659949622166,0,-0.0,False,-0.517984102992507,0.3279955543134235,-0.1899885486790835
2023-07-10,300750.SZ,-0.7858942065491183,0,-0.0,False,-0.5199232180559907,0.32682644487654733,-0.1930967731794434
2023-07-11,300750.SZ,-0.7241813602015114,0,-0.0,False,-0.5205078694388239,0.32724216061742284,-0.19326570882140104
2023-07-12,300750.SZ,-0.7682619647355163,0,-0.0,False,-0.5256638492194105,0.32551750105095517,-0.20014634816845528
2023-07-13,300750.SZ,-0.8740554156171285,0,-0.0,False,-0.5317695477184241,0.3231103029509535,-0.2086592447674706
2023-07-14,300750.SZ,-0.8664987405541562,0,-0.0,False,-0.5387462695745305,0.32136792680309406,-0.21737834277143647
2023-07-17,300750.SZ,-0.8110831234256927,0,-0.0,False,-0.5451401204023035,0.32018050568623546,-0.22495961471606807
2023-07-18,300750.SZ,-0.8727959697732998,0,-0.0,False,-0.5449122931653717,0.3199797282422867,-0.224932564923085
2023-07-19,300750.SZ,-0.7808564231738035,0,-0.0,False,-0.5488543746393709,0.32108829985031273,-0.2277660747890582
2023-07-20,300750.SZ,-0.18387909319899245,1,-1.0,True,-0.5503805470321477,0.3217570443283692,-0.22862350270377846
2023-07-21,300750.SZ,-0.10831234256926953,1,-1.0,True,-0.5471011130795335,0.32348010436123054,-0.22362100871830293
2023-07-24,300750.SZ,-0.07808564231738035,1,-1.0,True,-0.5424692841641041,0.3257615629558629,-0.21670772120824122
2023-07-25,300750.SZ,-0.05919395465994962,1,-1.0,True,-0.5390482678922763,0.3284762068177858,-0.21057206107449056
2023-07-26,300750.SZ,-0.08827238335435057,1,-1.0,True,-0.5323685550671853,0.330025532708797,-0.2023430223583883
2023-07-27,300750.SZ,-0.501891551071879,0,-0.0,False,-0.5256569008778386,0.3308047469966938,-0.19485215388114474
2023-07-28,300750.SZ,-0.1853720050441362,1,-1.0,True,-0.5230163477916083,0.3297083225458874,-0.19330802524572094
2023-07-31,300750.SZ,-0.6658259773013872,0,-0.0,False,-0.5201779290334738,0.33114557828134267,-0.18903235075213115
2023-08-01,300750.SZ,-0.1424968474148802,1,-1.0,True,-0.521279922021336,0.3314105037415113,-0.18986941827982468
2023-08-02,300750.SZ,-0.1210592686002522,1,-1.0,True,-0.5213055875537645,0.3313808004205683,-0.18992478713319627
2023-08-03,300750.SZ,-0.510718789407314,0,-0.0,False,-0.5198534937950573,0.3327583379753319,-0.1870951558197254
2023-08-04,300750.SZ,-0.6544766708701135,0,-0.0,False,-0.5227875716932486,0.3310946047359411,-0.19169296695730753
2023-08-07,300750.SZ,-0.29508196721311475,0,-0.0,False,-0.5279877368439005,0.3281847234614332,-0.19980301338246736
2023-08-08,300750.SZ,-0.23551637279596976,0,-0.0,False,-0.5297805095825209,0.32629884264172143,-0.20348166694079944
2023-08-09,300750.SZ,-0.13602015113350127,1,-1.0,True,-0.5258315554979526,0.32697366358840635,-0.19885789190954622
2023-08-10,300750.SZ,-0.17632241813602015,1,-1.0,True,-0.5220581193631514,0.3288479582796972,-0.19321016108345418
2023-08-11,300750.SZ,-0.510705289672544,0,-0.0,False,-0.51807062005574,0.3301231677475523,-0.1879474523081877
2023-08-14,300750.SZ,-0.16498740554156172,1,-1.0,True,-0.5159072927319452,0.32930594297390947,-0.18660134975803577
2023-08-15,300750.SZ,-0.21788413098236775,0,-0.0,False,-0.5171552842248255,0.32767226693105433,-0.18948301729377115
2023-08-16,300750.SZ,-0.3261964735516373,0,-0.0,False,-0.5188969582435872,0.32549617428032346,-0.1934007839632637
2023-08-17,300750.SZ,-0.32871536523929473,0,-0.0,False,-0.5215730146190861,0.32254292995420947,-0.19903008466487665
2023-08-18,300750.SZ,-0.3904282115869018,0,-0.0,False,-0.5240165763340607,0.31992958693203244,-0.2040869894020283
2023-08-21,300750.SZ,-0.5264483627204031,0,-0.0,False,-0.5193903979285086,0.3177892202177645,-0.2016011777107441
2023-08-22,300750.SZ,-0.4704030226700252,0,-0.0,False,-0.5179757798541321,0.31737309085189086,-0.20060268900224126
2023-08-23,300750.SZ,-0.5044080604534005,0,-0.0,False,-0.5203662691780702,0.3159099009832815,-0.20445636819478868
2023-08-24,300750.SZ,-0.5125944584382871,0,-0.0,False,-0.5230612308632832,0.3143662566101627,-0.20869497425312045
2023-08-25,300750.SZ,-0.23425692695214106,0,-0.0,False,-0.5226915011392984,0.3143521407322052,-0.20833936040709322
2023-08-28,300750.SZ,-0.16750629722921914,1,-1.0,True,-0.5231246548554608,0.3139146421237915,-0.20921001273166928
2023-08-29,300750.SZ,-0.5151133501259446,0,-0.0,False,-0.5197526081762527,0.31555263200151434,-0.20419997617473834
2023-08-30,300750.SZ,-0.5113350125944585,0,-0.0,False,-0.5185283417901715,0.31528088455620856,-0.20324745723396292
2023-08-31,300750.SZ,-0.6574307304785895,0,-0.0,False,-0.5184434753339439,0.3152814434244019,-0.20316203190954196
2023-09-01,300750.SZ,-0.681360201511335,0,-0.0,False,-0.5197870436575525,0.3155293060738343,-0.20425773758371818
2023-09-04,300750.SZ,-0.6687657430730478,0,-0.0,False,-0.5190304461806954,0.3150275376581617,-0.20400290852253367
2023-09-05,300750.SZ,-0.517632241813602,0,-0.0,False,-0.5165549708328864,0.31264528046659873,-0.20390969036628764
2023-09-06,300750.SZ,-0.4811083123425693,0,-0.0,False,-0.5131997964766917,0.3104290817652451,-0.2027707147114466
2023-09-07,300750.SZ,-0.08564231738035265,1,-1.0,True,-0.5096246442272258,0.30828237555554366,-0.2013422686716821
2023-09-08,300750.SZ,-0.02644836272040302,1,-1.0,True,-0.5031231403319777,0.3089333274740429,-0.1941898128579348
2023-09-11,300750.SZ,-0.022670025188916875,1,-1.0,True,-0.496423712131019,0.3104898863642328,-0.1859338257667862
2023-09-12,300750.SZ,-0.031486146095717885,1,-1.0,True,-0.4958109412438802,0.3113577325767557,-0.1844532086671245
2023-09-13,300750.SZ,-0.4181360201511335,0,-0.0,False,-0.4952927350773783,0.31208355842826413,-0.18320917664911418
2023-09-14,300750.SZ,-0.26700251889168763,0,-0.0,False,-0.4976907040216757,0.31035684509758305,-0.18733385892409266
2023-09-15,300750.SZ,-0.013853904282115869,1,-1.0,True,-0.4947469486411318,0.31085945895115724,-0.18388748968997454
2023-09-18,300750.SZ,-0.022670025188916875,1,-1.0,True,-0.4944931995312464,0.3112424295478434,-0.18325076998340295
2023-09-19,300750.SZ,-0.021410579345088162,1,-1.0,True,-0.49315258054284183,0.31293490564193704,-0.1802176749009048
2023-09-20,300750.SZ,-0.04534005037783375,1,-1.0,True,-0.4918753058348526,0.3145543009607485,-0.17732100487410413
2023-09-21,300750.SZ,-0.06675062972292191,1,-1.0,True,-0.485480987689267,0.31577529183202924,-0.16970569585723777
2023-09-22,300750.SZ,-0.4899244332493703,0,-0.0,False,-0.4802461036964517,0.317476196277831,-0.16276990741862069
2023-09-25,300750.SZ,-0.3035264483627204,0,-0.0,False,-0.4784954739735298,0.31683279289458904,-0.16166268107894077
2023-09-26,300750.SZ,-0.061712846347607056,1,-1.0,True,-0.4736936374145272,0.31506200281441493,-0.15863163460011226
2023-09-27,300750.SZ,-0.022670025188916875,1,-1.0,True,-0.46676065375012427,0.3148963166668324,-0.1518643370832919
2023-09-28,300750.SZ,-0.0491183879093199,1,-1.0,True,-0.4638799503735341,0.3173755301197306,-0.1465044202538035
2023-10-09,300750.SZ,-0.010075566750629723,1,-1.0,True,-0.45915213947109057,0.3193034114504795,-0.13984872802061105
2023-10-10,300750.SZ,-0.09319899244332494,1,-1.0,True,-0.4522002375484429,0.31992822271123333,-0.13227201483720957
2023-10-11,300750.SZ,-0.07052896725440806,1,-1.0,True,-0.4518060097428546,0.3203444077068515,-0.1314616020360031
2023-10-12,300750.SZ,-0.04534005037783375,1,-1.0,True,-0.4514021899552067,0.32079770000728614,-0.13060448994792057
2023-10-13,300750.SZ,-0.0818639798488665,1,-1.0,True,-0.4457462684340937,0.321931397113247,-0.12381487132084673
2023-10-16,300750.SZ,-0.07682619647355164,1,-1.0,True,-0.43984618978515494,0.32205940032164354,-0.1177867894635114
2023-10-17,300750.SZ,-0.09949622166246852,1,-1.0,True,-0.43341362327897465,0.3215322742505825,-0.11188134902839214
2023-10-18,300750.SZ,-0.15491183879093198,0,-0.0,False,-0.42713460467833764,0.3206258645602831,-0.10650874011805456
2023-10-19,300750.SZ,-0.10579345088161209,0,-0.0,False,-0.4215603064190014,0.31948387473737094,-0.10207643168163044
2023-10-20,300750.SZ,-0.08690176322418136,1,-1.0,True,-0.4182277233259046,0.3206823018778819,-0.0975454214480227
2023-10-23,300750.SZ,-0.181360201511335,0,-0.0,False,-0.4181703246269595,0.3207414717849223,-0.09742885284203723
2023-10-24,300750.SZ,-0.22544080604534006,0,-0.0,False,-0.41236226800457293,0.31864237697909603,-0.0937198910254769
2023-10-25,300750.SZ,-0.34760705289672544,0,-0.0,False,-0.40694136332921244,0.31621345644012666,-0.09072790688908577
2023-10-26,300750.SZ,-0.8375314861460957,0,-0.0,False,-0.40270728708225473,0.31354454229709,-0.08916274478516473
2023-10-27,300750.SZ,-0.9219143576826196,0,-0.0,False,-0.4017864204004768,0.3120883695483829,-0.08969805085209387
2023-10-30,300750.SZ,-0.8375314861460957,0,-0.0,False,-0.40158986810021896,0.3117503066237829,-0.08983956147643607
2023-10-31,300750.SZ,-0.5957178841309824,0,-0.0,False,-0.40067956331113225,0.31030113568194223,-0.09037842762919002
2023-11-01,300750.SZ,-0.12090680100755667,0,-0.0,False,-0.3979336973476695,0.3070614204709073,-0.09087227687676219
2023-11-02,300750.SZ,-0.35642317380352645,0,-0.0,False,-0.39179085267081015,0.305146742942288,-0.08664410972852216
2023-11-03,300750.SZ,-0.18639798488664988,0,-0.0,False,-0.38766345389737317,0.3022090890704291,-0.08545436482694407
2023-11-06,300750.SZ,-0.7263556116015133,0,-0.0,False,-0.3832915486383488,0.30128520389522306,-0.08200634474312574
2023-11-07,300750.SZ,-0.5762925598991173,0,-0.0,False,-0.3821624250383656,0.2997265064446187,-0.08243591859374694
2023-11-08,300750.SZ,-0.7288776796973518,0,-0.0,False,-0.3790112765396346,0.29561907396367204,-0.08339220257596258
2023-11-09,300750.SZ,-0.8184110970996217,0,-0.0,False,-0.3771738647987159,0.2927152143383971,-0.08445865046031881
2023-11-10,300750.SZ,-0.8890290037831021,0,-0.0,False,-0.37615640453193006,0.29094751050886536,-0.0852088940230647
2023-11-13,300750.SZ,-0.819672131147541,0,-0.0,False,-0.37638143525965845,0.2913366419980704,-0.08504479326158804
2023-11-14,300750.SZ,-0.005044136191677175,1,-1.0,True,-0.3760706861415841,0.2908391941735433,-0.0852314919680408
2023-11-15,300750.SZ,-0.0012610340479192938,1,-1.0,True,-0.37464647588410976,0.2922424707094853,-0.08240400517462448
2023-11-16,300750.SZ,-0.003778337531486146,1,-1.0,True,-0.37383419969104914,0.2931498549468038,-0.08068434474424535
2023-11-17,300750.SZ,-0.04785894206549118,1,-1.0,True,-0.373011255457398,0.2940550833604577,-0.07895617209694028
2023-11-20,300750.SZ,-0.8425692695214105,0,-0.0,False,-0.368684341577986,0.29499394667211915,-0.07369039490586687
2023-11-21,300750.SZ,-0.77455919395466,0,-0.0,False,-0.3715179884442509,0.2979092168667993,-0.0736087715774516
2023-11-22,300750.SZ,-0.7846347607052897,0,-0.0,False,-0.37406969480737523,0.30004932157613395,-0.07402037323124128
2023-11-23,300750.SZ,-0.792191435768262,0,-0.0,False,-0.37906628148034177,0.3018619953021744,-0.07720428617816738
2023-11-24,300750.SZ,-0.760705289672544,0,-0.0,False,-0.3834815649913383,0.30400783806200654,-0.07947372692933174
2023-11-27,300750.SZ,-0.5251889168765743,0,-0.0,False,-0.3884794153668309,0.3052462433622693,-0.0832331720045616
2023-11-28,300750.SZ,-0.06675062972292191,1,-1.0,True,-0.39114496305816615,0.3050299295183475,-0.08611503353981864
2023-11-29,300750.SZ,-0.02518891687657431,1,-1.0,True,-0.3859449867891694,0.3051982790452684,-0.08074670774390097
2023-11-30,300750.SZ,-0.0327455919395466,1,-1.0,True,-0.380050120454311,0.3052784493945451,-0.0747716710597659
2023-12-01,300750.SZ,-0.7670025188916877,0,-0.0,False,-0.3748202542950409,0.3058117531530766,-0.06900850114196427
2023-12-04,300750.SZ,-0.792191435768262,0,-0.0,False,-0.37662808052450375,0.3074930232989538,-0.06913505722554997
2023-12-05,300750.SZ,-0.6070528967254408,0,-0.0,False,-0.38284896516267414,0.30829170135377865,-0.07455726380889549
2023-12-06,300750.SZ,-0.7150063051702396,0,-0.0,False,-0.3876327816032372,0.3072695196424064,-0.08036326196083082
2023-12-07,300750.SZ,-0.8486759142496847,0,-0.0,False,-0.39305182737813305,0.3072610053486559,-0.08579082202947713
2023-12-08,300750.SZ,-0.5145018915510718,0,-0.0,False,-0.3990517406045659,0.30907960465022033,-0.08997213595434556
2023-12-11,300750.SZ,-0.1260053619302949,0,-0.0,False,-0.3989826880028802,0.3090526523921918,-0.08993003561068841
2023-12-12,300750.SZ,-0.839142091152815,0,-0.0,False,-0.39759752267669607,0.3099064742315301,-0.08769104844516595
2023-12-13,300750.SZ,-0.257372654155496,0,-0.0,False,-0.39716186584023494,0.3092424737459342,-0.08791939209430072
2023-12-14,300750.SZ,-0.030831099195710455,1,-1.0,True,-0.3916878905853517,0.30580714913914214,-0.08588074144620955
2023-12-15,300750.SZ,-0.013836477987421384,1,-1.0,True,-0.38454674999752275,0.304126330390578,-0.08042041960694474
2023-12-18,300750.SZ,-0.018891687657430732,1,-1.0,True,-0.3773270392686874,0.30254027386956917,-0.07478676539911822
2023-12-19,300750.SZ,-0.04150943396226415,1,-1.0,True,-0.37003386049937614,0.30052069622319233,-0.06951316427618381
2023-12-20,300750.SZ,-0.050314465408805034,1,-1.0,True,-0.36988586744695995,0.3006793512202862,-0.06920651622667373
2023-12-21,300750.SZ,-0.1471698113207547,0,-0.0,False,-0.36986379274192827,0.3007029102674756,-0.06916088247445268
2023-12-22,300750.SZ,-0.0830188679245283,0,-0.0,False,-0.3705430697891298,0.30010140850799805,-0.07044166128113177
2023-12-25,300750.SZ,-0.050314465408805034,1,-1.0,True,-0.36715240210600936,0.3010386296290267,-0.06611377247698264
2023-12-26,300750.SZ,-0.061635220125786164,0,-0.0,False,-0.3623594152530163,0.30146960219969876,-0.06088981305331753
2023-12-27,300750.SZ,-0.07412060301507538,0,-0.0,False,-0.35803907823704056,0.30203763810466877,-0.056001440132371794
2023-12-28,300750.SZ,-0.7625628140703518,0,-0.0,False,-0.3542221135269833,0.3027121939081105,-0.0515099196188728
2023-12-29,300750.SZ,-0.7902010050251256,0,-0.0,False,-0.35849609746516936,0.3048370282524675,-0.05365906921270186
2024-01-02,300750.SZ,-0.7311557788944724,0,-0.0,False,-0.36374651147299747,0.30681158505122375,-0.056934926421773724
2024-01-03,300750.SZ,-0.7437185929648241,0,-0.0,False,-0.36617658796798297,0.3085668114966236,-0.05760977647135934
2024-01-04,300750.SZ,-0.24246231155778894,0,-0.0,False,-0.3658251245214472,0.3081084067202204,-0.057716717801226836
2024-01-05,300750.SZ,-0.1457286432160804,0,-0.0,False,-0.3618107991160828,0.3065342929760015,-0.05527650614008134
2024-01-08,300750.SZ,-0.22487437185929648,0,-0.0,False,-0.35662302143675423,0.30486102141851285,-0.05176200001824138
2024-01-09,300750.SZ,-0.2550251256281407,0,-0.0,False,-0.3512131794054389,0.3013415145767554,-0.04987166482868349
2024-01-10,300750.SZ,-0.714824120603015,0,-0.0,False,-0.34611756594772214,0.29770290587017484,-0.0484146600775473
2024-01-11,300750.SZ,-0.9422110552763819,0,-0.0,False,-0.34531540759086643,0.2965670490927674,-0.048748358498099054
2024-01-12,300750.SZ,-0.9169811320754717,0,-0.0,False,-0.34589386663672544,0.2976702006643775,-0.04822366597234795
2024-01-15,300750.SZ,-0.70062893081761,0,-0.0,False,-0.34702823921090603,0.2995948535741452,-0.047433385636760805
2024-01-16,300750.SZ,-0.6654088050314465,0,-0.0,False,-0.35133448785772786,0.3009408583995519,-0.05039362945817594
2024-01-17,300750.SZ,-0.6226415094339622,0,-0.0,False,-0.35597695837824606,0.30145695569039416,-0.0545200026878519
2024-01-18,300750.SZ,-0.4691823899371069,0,-0.0,False,-0.36051492393755086,0.3013372780705045,-0.05917764586704638
2024-01-19,300750.SZ,-0.7374371859296482,0,-0.0,False,-0.36393149423152715,0.30021432121390906,-0.06371717301761809
2024-01-22,300750.SZ,-0.9158291457286433,0,-0.0,False,-0.36934120091965467,0.3010529807070113,-0.06828822021264336
2024-01-23,300750.SZ,-0.9271356783919598,0,-0.0,False,-0.3727906808751277,0.3049309933642247,-0.06785968751090299
2024-01-24,300750.SZ,-0.8844221105527639,0,-0.0,False,-0.37897204481969293,0.30859608748306655,-0.07037595733662638
2024-01-25,300750.SZ,-0.6256281407035176,0,-0.0,False,-0.38079367926345437,0.3109398908121815,-0.06985378845127288
2024-01-26,300750.SZ,-0.7399497487437185,0,-0.0,False,-0.38481977337419304,0.31095628687740834,-0.0738634864967847
2024-01-29,300750.SZ,-0.30402010050251255,0,-0.0,False,-0.3899771940420553,0.31167640359586085,-0.07830079044619442
2024-01-30,300750.SZ,-0.157035175879397,0,-0.0,False,-0.38825470496784853,0.31157466077622675,-0.07668004419162178
2024-01-31,300750.SZ,-0.9522613065326633,0,-0.0,False,-0.3841093591762592,0.31131194072065305,-0.07279741845560617
2024-02-01,300750.SZ,-0.9535175879396985,0,-0.0,False,-0.3895858536705888,0.31548510768735066,-0.07410074598323813
2024-02-02,300750.SZ,-0.9246231155778895,0,-0.0,False,-0.3955691971301199,0.3193238270438223,-0.07624537008629761
2024-02-05,300750.SZ,-0.45979899497487436,0,-0.0,False,-0.40214088850048973,0.32204059144019254,-0.0801002970602972
2024-02-06,300750.SZ,-0.6884422110552764,0,-0.0,False,-0.40450319330748025,0.3214092887867098,-0.08309390452077042
2024-02-07,300750.SZ,-0.7613065326633166,0,-0.0,False,-0.405984334319003,0.322311074313255,-0.08367326000574798
2024-02-08,300750.SZ,-0.7763819095477387,0,-0.0,False,-0.41095366037835096,0.32316005409746323,-0.08779360628088773
2024-02-19,300750.SZ,-0.8341708542713567,0,-0.0,False,-0.41560780853306234,0.32437555625318554,-0.0912322522798768
2024-02-20,300750.SZ,-0.7298994974874372,0,-0.0,False,-0.41984092837239334,0.32650647615874745,-0.09333445221364589
2024-02-21,300750.SZ,-0.16457286432160803,0,-0.0,False,-0.4231841294744612,0.3276176061419931,-0.09556652333246812
2024-02-22,300750.SZ,-0.14698492462311558,0,-0.0,False,-0.4213020015805838,0.32845505370616485,-0.09284694787441894
2024-02-23,300750.SZ,-0.3806532663316583,0,-0.0,False,-0.4181398062631064,0.32925990497982743,-0.08887990128327894
2024-02-26,300750.SZ,-0.018844221105527637,1,-1.0,True,-0.4173918916269533,0.32924212425873556,-0.08814976736821772
2024-02-27,300750.SZ,-0.008793969849246231,1,-1.0,True,-0.4133455262990544,0.33114200733168103,-0.08220351896737338
2024-02-28,300750.SZ,-0.020100502512562814,1,-1.0,True,-0.4091471888941457,0.3330612397344233,-0.07608594915972239
2024-02-29,300750.SZ,-0.032663316582914576,1,-1.0,True,-0.4073625520238159,0.33457653492803424,-0.07278601709578164
2024-03-01,300750.SZ,-0.09547738693467336,0,-0.0,False,-0.40623886051843006,0.3356137040272197,-0.07062515649121037
2024-03-04,300750.SZ,-0.1444723618090452,0,-0.0,False,-0.40274189415850276,0.33665435017481377,-0.06608754398368899
2024-03-05,300750.SZ,-0.24371859296482412,0,-0.0,False,-0.3996847054019577,0.33732500779396585,-0.06235969760799187
2024-03-06,300750.SZ,-0.11306532663316583,0,-0.0,False,-0.39623710425600955,0.33678231811316117,-0.05945478614284838
2024-03-07,300750.SZ,-0.14321608040201006,0,-0.0,False,-0.3915013136320249,0.3367349030255651,-0.054766410606459814
2024-03-08,300750.SZ,-0.12060301507537688,0,-0.0,False,-0.3871217331097663,0.3365160765211007,-0.05060565658866556
2024-03-11,300750.SZ,-0.9761306532663316,0,-0.0,False,-0.383813156220281,0.33717325837668827,-0.04663989784359274
2024-03-12,300750.SZ,-0.992462311557789,0,-0.0,False,-0.38793834239464575,0.3413756469107381,-0.04656269548390768
2024-03-13,300750.SZ,-0.9798994974874372,0,-0.0,False,-0.3954951756794577,0.34464884332201634,-0.05084633235744135
2024-03-14,300750.SZ,-0.949748743718593,0,-0.0,False,-0.4034406018025163,0.3470513667066395,-0.05638923509587679
2024-03-15,300750.SZ,-0.02763819095477387,1,-1.0,True,-0.41116625779026356,0.3488181432173798,-0.06234811457288375
2024-03-18,300750.SZ,-0.6331658291457286,0,-0.0,False,-0.41113419149742236,0.34885351498201306,-0.062280676515409306
2024-03-19,300750.SZ,-0.550251256281407,0,-0.0,False,-0.4129261065723773,0.34944154633479363,-0.0634845602375837
2024-03-20,300750.SZ,-0.08679245283018867,0,-0.0,False,-0.4152865127172917,0.34940422093815016,-0.06588229177914157
2024-03-21,300750.SZ,-0.045283018867924525,1,-1.0,True,-0.4158943339551923,0.348762876250177,-0.06713145770501533
2024-03-22,300750.SZ,-0.15974842767295597,0,-0.0,False,-0.416082775569184,0.348554672981628,-0.06752810258755598
2024-03-25,300750.SZ,-0.08930817610062892,0,-0.0,False,-0.41723559097191626,0.3474654269030693,-0.06977016406884695
2024-03-26,300750.SZ,-0.8955974842767296,0,-0.0,False,-0.41760199201960624,0.34709295137731494,-0.0705090406422913
2024-03-27,300750.SZ,-0.9044025157232705,0,-0.0,False,-0.42450904914088794,0.34829725822338664,-0.0762117909175013
2024-03-28,300750.SZ,-0.8943396226415095,0,-0.0,False,-0.42796303316150375,0.35099610470129156,-0.07696692846021219
2024-03-29,300750.SZ,-0.8251572327044026,0,-0.0,False,-0.4328864762804937,0.3533716045915741,-0.07951487168891963
2024-04-01,300750.SZ,-0.47044025157232705,0,-0.0,False,-0.439248512833467,0.35350533784802957,-0.08574317498543743
2024-04-02,300750.SZ,-0.42462311557788945,0,-0.0,False,-0.44297993138666203,0.3514283138421914,-0.09155161754447061
2024-04-03,300750.SZ,-0.5087939698492462,0,-0.0,False,-0.44610913745056685,0.3495586213110308,-0.09655051613953602
2024-04-08,300750.SZ,-0.4472361809045226,0,-0.0,False,-0.45026512414305525,0.3472882679375469,-0.10297685620550834
2024-04-09,300750.SZ,-0.5113065326633166,0,-0.0,False,-0.4532154340468986,0.3457297265821667,-0.1074857074647319
2024-04-10,300750.SZ,-0.6595477386934674,0,-0.0,False,-0.45688858042530617,0.3439667613976635,-0.11292181902764264
2024-04-11,300750.SZ,-0.6193467336683417,0,-0.0,False,-0.4620069778279364,0.3423573444360898,-0.11964963339184664
2024-04-12,300750.SZ,-0.49246231155778897,0,-0.0,False,-0.4664860007764321,0.34085479924085205,-0.12563120153558005
2024-04-15,300750.SZ,-0.6658291457286433,0,-0.0,False,-0.4699496350688007,0.3389685008026131,-0.13098113426618763
2024-04-16,300750.SZ,-0.6934673366834171,0,-0.0,False,-0.4746690761026855,0.3377075207153762,-0.1369615553873093
2024-04-17,300750.SZ,-0.7081761006289308,0,-0.0,False,-0.4791570385851229,0.3370002237653557,-0.14215681481976716
2024-04-18,300750.SZ,-0.7761006289308177,0,-0.0,False,-0.48417689399968383,0.335876558403101,-0.14830033559658284
2024-04-19,300750.SZ,-0.8566037735849057,0,-0.0,False,-0.4899202178805725,0.33491737449454567,-0.15500284338602682
2024-04-22,300750.SZ,-0.8880503144654088,0,-0.0,False,-0.4955472476478523,0.3353617889808263,-0.160185458667026
2024-04-23,300750.SZ,-0.8817610062893082,0,-0.0,False,-0.5010689935513528,0.33633064985543454,-0.16473834369591828
2024-04-24,300750.SZ,-0.7974842767295598,0,-0.0,False,-0.5055202764962909,0.33781398825687076,-0.1677062882394202
2024-04-25,300750.SZ,-0.7647798742138365,0,-0.0,False,-0.5051865497511533,0.33750287590500566,-0.16768367384614763
2024-04-26,300750.SZ,-0.7770780856423174,0,-0.0,False,-0.5038770957222467,0.3361746698083994,-0.16770242591384732
2024-04-29,300750.SZ,-0.9584382871536524,0,-0.0,False,-0.5033733173847152,0.3357154494809601,-0.16765786790375514
2024-04-30,300750.SZ,-0.8702770780856424,0,-0.0,False,-0.5063959874099041,0.33817775300927266,-0.16821823440063144
2024-05-06,300750.SZ,-0.7984886649874056,0,-0.0,False,-0.5126407397188882,0.337918328685963,-0.17472241103292524
2024-05-07,300750.SZ,-0.7556675062972292,0,-0.0,False,-0.5163246188120871,0.33860990444530814,-0.177714714366779
2024-05-08,300750.SZ,-0.756926952141058,0,-0.0,False,-0.5210685314905086,0.3379358534966564,-0.1831326779938522
2024-05-09,300750.SZ,-0.6624685138539043,0,-0.0,False,-0.5213232926616714,0.3381033966121973,-0.18321989604947414
2024-05-10,300750.SZ,-0.0779874213836478,1,-1.0,True,-0.5220414256112947,0.3383125870052581,-0.18372883860603662
2024-05-13,300750.SZ,-0.012578616352201259,1,-1.0,True,-0.5166173401253472,0.34018118769440375,-0.17643615243094346
2024-05-14,300750.SZ,-0.6716981132075471,0,-0.0,False,-0.509902069452452,0.3421217753979111,-0.16778029405454087
2024-05-15,300750.SZ,-0.8905660377358491,0,-0.0,False,-0.5080909786976557,0.3406700875356238,-0.16742089116203196
2024-05-16,300750.SZ,-0.8150943396226416,0,-0.0,False,-0.5086817612525584,0.3412758980203631,-0.16740586323219525
2024-05-17,300750.SZ,-0.7496855345911949,0,-0.0,False,-0.5154321796144831,0.3392355348293312,-0.17619664478515185
2024-05-20,300750.SZ,-0.8413098236775819,0,-0.0,False,-0.5216690504523437,0.33657248976672605,-0.18509656068561764
2024-05-21,300750.SZ,-0.6792452830188679,0,-0.0,False,-0.5286484795035612,0.33441982628212724,-0.19422865322143396
2024-05-22,300750.SZ,-0.6993710691823899,0,-0.0,False,-0.5339100323448392,0.3317480636481398,-0.20216196869669945
2024-05-23,300750.SZ,-0.6867924528301886,0,-0.0,False,-0.5327167140086808,0.3308848907384345,-0.2018318232702463
2024-05-24,300750.SZ,-0.6855345911949685,0,-0.0,False,-0.5319853244993101,0.33044253312249006,-0.20154279137682007
2024-05-27,300750.SZ,-0.657035175879397,0,-0.0,False,-0.5311594897533908,0.32992924700132903,-0.20123024275206175
2024-05-28,300750.SZ,-0.785175879396985,0,-0.0,False,-0.5300331875876503,0.3292606747429019,-0.2007725128447484
2024-05-29,300750.SZ,-0.6746231155778895,0,-0.0,False,-0.5302371091686873,0.329412280622283,-0.20082482854640427
2024-05-30,300750.SZ,-0.6231155778894473,0,-0.0,False,-0.5314823941578649,0.3296753861887432,-0.2018070079691217
2024-05-31,300750.SZ,-0.535175879396985,0,-0.0,False,-0.5361187687259192,0.3269859668817644,-0.20913280184415484
2024-06-03,300750.SZ,-0.6670854271356784,0,-0.0,False,-0.5403686600802561,0.32358603947617504,-0.21678262060408104
2024-06-04,300750.SZ,-0.5753768844221105,0,-0.0,False,-0.5456548253735571,0.3203892826872963,-0.22526554268626087
2024-06-05,300750.SZ,-0.20603015075376885,1,-1.0,True,-0.5440579450863107,0.3197536919585651,-0.22430425312774555
2024-06-06,300750.SZ,-0.1306532663316583,1,-1.0,True,-0.5391732677111899,0.32040779885900517,-0.21876546885218473
2024-06-07,300750.SZ,-0.00628140703517588,1,-1.0,True,-0.5352032707912416,0.3225042165474824,-0.21269905424375923
2024-06-11,300750.SZ,-0.001256281407035176,1,-1.0,True,-0.5292972299734495,0.3256578454210331,-0.20363938455241642
2024-06-12,300750.SZ,-0.001256281407035176,1,-1.0,True,-0.5222353996997607,0.3278546384137931,-0.19438076128596765
2024-06-13,300750.SZ,-0.017587939698492462,1,-1.0,True,-0.5179583529485605,0.3312862032435362,-0.18667214970502433
2024-06-14,300750.SZ,-0.9271356783919598,0,-0.0,False,-0.5170548744299621,0.3325096917417172,-0.18454518268824494
2024-06-17,300750.SZ,-0.7112299465240641,0,-0.0,False,-0.5177881543236216,0.33332198937908397,-0.1844661649445376
2024-06-18,300750.SZ,-0.07754010695187166,1,-1.0,True,-0.521570298426693,0.3329169430372637,-0.1886533553894293
2024-06-19,300750.SZ,-0.04946524064171123,1,-1.0,True,-0.5219595401579944,0.3323652047813966,-0.1895943353765978
2024-06-20,300750.SZ,-0.04679144385026738,1,-1.0,True,-0.5222564465134467,0.33192309693176253,-0.19033334958168419
2024-06-21,300750.SZ,-0.1329987452948557,1,-1.0,True,-0.5224889444817203,0.3315771394918558,-0.19091180498986454
2024-06-24,300750.SZ,-0.2860727728983689,0,-0.0,False,-0.523251355409492,0.33056554678551203,-0.19268580862397994
2024-06-25,300750.SZ,-0.3124215809284818,0,-0.0,False,-0.525216007971905,0.32842477747635096,-0.19679123049555408
2024-06-26,300750.SZ,-0.18569636135508155,1,-1.0,True,-0.5265931060519694,0.32717035207912903,-0.19942275397284037
2024-06-27,300750.SZ,-0.24215809284818068,0,-0.0,False,-0.5274487518305574,0.32613314938906196,-0.20131560244149543
2024-06-28,300750.SZ,-0.2396486825595985,0,-0.0,False,-0.5290474487258855,0.3242393015739292,-0.20480814715195628
2024-07-01,300750.SZ,-0.026348808030112924,1,-1.0,True,-0.5305308942461673,0.3224853226895662,-0.20804557155660108
2024-07-02,300750.SZ,-0.03513174404015056,1,-1.0,True,-0.5301327959546259,0.3230824155713994,-0.20705038038322654
2024-07-03,300750.SZ,-0.05269761606022585,1,-1.0,True,-0.5240708703710409,0.3255000047500813,-0.19857086562095966
2024-07-04,300750.SZ,-0.05269761606022585,1,-1.0,True,-0.5179250087963335,0.32738992018170193,-0.1905350886146316
2024-07-05,300750.SZ,-0.03638644918444166,1,-1.0,True,-0.5122711907727147,0.3295279066133375,-0.18274328415937718
2024-07-08,300750.SZ,-0.7026348808030113,0,-0.0,False,-0.5063767562412116,0.33167232705405475,-0.17470442918715684
2024-07-09,300750.SZ,-0.6762860727728983,0,-0.0,False,-0.5102115276515884,0.3312553044726683,-0.17895622317892007
2024-07-10,300750.SZ,-0.25251256281407036,0,-0.0,False,-0.5146328395645619,0.32988750761305613,-0.18474533195150572
2024-07-11,300750.SZ,-0.22989949748743718,0,-0.0,False,-0.5148631578225183,0.32969309714262673,-0.1851700606798916
2024-07-12,300750.SZ,-0.22110552763819097,0,-0.0,False,-0.5146537775880125,0.32986743303714355,-0.1847863445508689
2024-07-15,300750.SZ,-0.16834170854271358,1,-1.0,True,-0.5105394559799723,0.3304283109652416,-0.1801111450147307
2024-07-16,300750.SZ,-0.18090452261306533,0,-0.0,False,-0.5040905447571917,0.32948303902726783,-0.1746075057299239
2024-07-17,300750.SZ,-0.42085427135678394,0,-0.0,False,-0.4979565730116716,0.3285821998186123,-0.1693743731930593
2024-07-18,300750.SZ,-0.8919597989949749,0,-0.0,False,-0.4956251175161647,0.32812430495309863,-0.1675008125630661
2024-07-19,300750.SZ,-0.9007537688442211,0,-0.0,False,-0.4975130424658608,0.3297570859011001,-0.16775595656476072
2024-07-22,300750.SZ,-0.8316582914572864,0,-0.0,False,-0.49983064462761295,0.33161598152493804,-0.1682146631026749
2024-07-23,300750.SZ,-0.6457286432160804,0,-0.0,False,-0.5028512771402812,0.3329825153801581,-0.1698687617601231
2024-07-24,300750.SZ,-0.6871859296482412,0,-0.0,False,-0.5020870392843347,0.33254453946098533,-0.1695424998233494
2024-07-25,300750.SZ,-0.6716981132075471,0,-0.0,False,-0.5001816791503314,0.330804494767065,-0.16937718438326638
2024-07-26,300750.SZ,-0.20628930817610064,0,-0.0,False,-0.4980530327737946,0.3288501289590389,-0.16920290381475567
2024-07-29,300750.SZ,-0.08553459119496855,1,-1.0,True,-0.4924019260873224,0.3279803139788524,-0.16442161210847
2024-07-30,300750.SZ,-0.3018867924528302,0,-0.0,False,-0.4879011465080845,0.3298372432671827,-0.1580639032409018
2024-07-31,300750.SZ,-0.789937106918239,0,-0.0,False,-0.4842506218723271,0.3294481497426903,-0.15480247212963677
2024-08-01,300750.SZ,-0.7103274559193955,0,-0.0,False,-0.48829993025912477,0.33019967831288627,-0.1581002519462385
2024-08-02,300750.SZ,-0.5377833753148614,0,-0.0,False,-0.4929106992594582,0.32939716087052223,-0.16351353838893595
2024-08-05,300750.SZ,-0.1070528967254408,1,-1.0,True,-0.48945671649930983,0.32670207483120817,-0.16275464166810166
2024-08-06,300750.SZ,-0.12090680100755667,1,-1.0,True,-0.4824028440725243,0.32573491017646855,-0.15666793389605577
2024-08-07,300750.SZ,-0.5151133501259446,0,-0.0,False,-0.47570520811777156,0.32482732574527534,-0.15087788237249622
2024-08-08,300750.SZ,-0.3937106918238994,0,-0.0,False,-0.4761661610773638,0.3248438110959384,-0.1513223499814254
2024-08-09,300750.SZ,-0.2600502512562814,0,-0.0,False,-0.473710065083769,0.32433915470097124,-0.14937091038279776
2024-08-12,300750.SZ,-0.23115577889447236,0,-0.0,False,-0.469532929405377,0.3238315201252398,-0.1457014092801372
2024-08-13,300750.SZ,-0.6155778894472361,0,-0.0,False,-0.4649893783165998,0.32331457824599563,-0.14167480007060418
2024-08-14,300750.SZ,-0.18444165621079048,0,-0.0,False,-0.4631677702763988,0.3218294528652513,-0.14133831741114755
2024-08-15,300750.SZ,-0.13174404015056462,1,-1.0,True,-0.45862228826576007,0.3218824942782292,-0.1367397939875309
2024-08-16,300750.SZ,-0.11794228356336262,1,-1.0,True,-0.45834871473100136,0.3221483532523596,-0.13620036147864178
2024-08-19,300750.SZ,-0.16311166875784192,0,-0.0,False,-0.45810669272217014,0.322395053845137,-0.13571163887703314
2024-08-20,300750.SZ,-0.36762860727728985,0,-0.0,False,-0.4562938460757217,0.3234441567254636,-0.1328496893502581
2024-08-21,300750.SZ,-0.3996235884567127,0,-0.0,False,-0.459200382627153,0.3210382863562369,-0.13816209627091613
2024-08-22,300750.SZ,-0.9422110552763819,0,-0.0,False,-0.4624572961155486,0.31840219182022667,-0.14405510429532192
2024-08-23,300750.SZ,-0.9673366834170855,0,-0.0,False,-0.4701415507219137,0.31876354002251517,-0.15137801069939855
2024-08-26,300750.SZ,-0.9711055276381909,0,-0.0,False,-0.47793049544553173,0.3194026569496904,-0.15852783849584134
2024-08-27,300750.SZ,-0.7474874371859297,0,-0.0,False,-0.48522739661806114,0.3205917673638805,-0.16463562925418063
2024-08-28,300750.SZ,-0.10427135678391959,1,-1.0,True,-0.4902525222462018,0.3199310165075062,-0.1703215057386956
2024-08-29,300750.SZ,-0.18090452261306533,0,-0.0,False,-0.4890904619446943,0.32108517704451245,-0.16800528490018185
2024-08-30,300750.SZ,-0.28391959798994976,0,-0.0,False,-0.4896557885778601,0.320476700325336,-0.1691790882525241
2024-09-02,300750.SZ,-0.2650753768844221,0,-0.0,False,-0.4908283178910929,0.31945429399719383,-0.17137402389389905
2024-09-03,300750.SZ,-0.43647798742138366,0,-0.0,False,-0.49203225423950164,0.31831750636873923,-0.1737147478707624
2024-09-04,300750.SZ,-0.6188679245283019,0,-0.0,False,-0.4875351486907938,0.3152177623986271,-0.1723173862921667
2024-09-05,300750.SZ,-0.6364779874213836,0,-0.0,False,-0.4844218621322147,0.3120175609403529,-0.17240430119186184
2024-09-06,300750.SZ,-0.3211586901763224,0,-0.0,False,-0.48156001621499755,0.30899512112407235,-0.1725648950909252
2024-09-09,300750.SZ,-0.17632241813602015,0,-0.0,False,-0.476321765768812,0.30630785015940953,-0.1700139156094025
2024-09-10,300750.SZ,-0.16498740554156172,1,-1.0,True,-0.47756080099532233,0.304774525040438,-0.17278627595488433
2024-09-11,300750.SZ,-0.8339622641509434,0,-0.0,False,-0.4736593141319544,0.30576088357896486,-0.16789843055298953
2024-09-12,300750.SZ,-0.9383647798742139,0,-0.0,False,-0.47602357253086713,0.30745031104131376,-0.16857326148955337
2024-09-13,300750.SZ,-0.9220125786163522,0,-0.0,False,-0.48312000858956733,0.3082176050608584,-0.17490240352870895
2024-09-18,300750.SZ,-0.7522012578616353,0,-0.0,False,-0.4904260882541376,0.3081428916425917,-0.1822831966115459
2024-09-19,300750.SZ,-0.5647798742138365,0,-0.0,False,-0.49536319517237654,0.30754580829749845,-0.1878173868748781
2024-09-20,300750.SZ,-0.7333333333333333,0,-0.0,False,-0.4993254593233199,0.3053252919182888,-0.19400016740503112
2024-09-23,300750.SZ,-0.12578616352201258,1,-1.0,True,-0.4979732580654583,0.30391160377058396,-0.19406165429487432
2024-09-24,300750.SZ,-0.6779874213836478,0,-0.0,False,-0.4914847884637812,0.3034728366728597,-0.1880119517909215
2024-09-25,300750.SZ,-0.8391959798994975,0,-0.0,False,-0.489681853453299,0.30169683841581657,-0.18798501503748244
2024-09-26,300750.SZ,-0.6231155778894473,0,-0.0,False,-0.4897988430132581,0.3018307117348385,-0.1879681312784196
2024-09-27,300750.SZ,-0.7010050251256281,0,-0.0,False,-0.49107113739923414,0.30207011256629196,-0.18900102483294218
2024-09-30,300750.SZ,-0.7534591194968554,0,-0.0,False,-0.49337431997879855,0.30261238394910955,-0.190761936029689
2024-10-08,300750.SZ,-0.8452830188679246,0,-0.0,False,-0.49541319622586205,0.3035399525262973,-0.19187324369956477
2024-10-09,300750.SZ,-0.7723270440251573,0,-0.0,False,-0.49873025320889036,0.30517953601017955,-0.1935507171987108
2024-10-10,300750.SZ,-0.41509433962264153,0,-0.0,False,-0.5009054241369058,0.3061984394138714,-0.19470698472303433
2024-10-11,300750.SZ,-0.589937106918239,0,-0.0,False,-0.49886831247798213,0.30594719722139574,-0.1929211152565864
2024-10-14,300750.SZ,-0.4930817610062893,0,-0.0,False,-0.4986232322550646,0.305861643882994,-0.19276158837207058
2024-10-15,300750.SZ,-0.3383647798742138,0,-0.0,False,-0.4986283943338021,0.3058615442575806,-0.19276685007622152
2024-10-16,300750.SZ,-0.6092964824120602,0,-0.0,False,-0.4958995246183485,0.3058180591872538,-0.19008146543109472
2024-10-17,300750.SZ,-0.6494974874371859,0,-0.0,False,-0.4951981008327539,0.30545742450325764,-0.18974067632949626
2024-10-18,300750.SZ,-0.45603015075376885,0,-0.0,False,-0.4947091123894894,0.3051604389023931,-0.1895486734870963
2024-10-21,300750.SZ,-0.12562814070351758,1,-1.0,True,-0.4920418584046807,0.3040771337667232,-0.1879647246379575
2024-10-22,300750.SZ,-0.35175879396984927,0,-0.0,False,-0.48595039479733576,0.3040343081225126,-0.18191608667482317
2024-10-23,300750.SZ,-0.47361809045226133,0,-0.0,False,-0.48148129879320606,0.30200885822882767,-0.1794724405643784
2024-10-24,300750.SZ,-0.5891959798994975,0,-0.0,False,-0.47808010782789734,0.299752874646574,-0.17832723318132332
2024-10-25,300750.SZ,-0.766624843161857,0,-0.0,False,-0.4763443720209802,0.29848818928067655,-0.17785618274030363
2024-10-28,300750.SZ,-0.7377666248431619,0,-0.0,False,-0.47635974676221365,0.29850321820684544,-0.1778565285553682
2024-10-29,300750.SZ,-0.6532663316582915,0,-0.0,False,-0.47603215125555404,0.29819182733183947,-0.17784032392371457
2024-10-30,300750.SZ,-0.5547169811320755,0,-0.0,False,-0.473489051626426,0.2953306896361789,-0.1781583619902471
2024-10-31,300750.SZ,-0.7761006289308177,0,-0.0,False,-0.470859384151813,0.2931648968568853,-0.1776944872949277
2024-11-01,300750.SZ,-0.5823899371069182,0,-0.0,False,-0.4706728171846748,0.2929616983616949,-0.1777111188229799
2024-11-04,300750.SZ,-0.519496855345912,0,-0.0,False,-0.4692288374414222,0.2919705404284372,-0.177258297012985
2024-11-05,300750.SZ,-0.6025157232704402,0,-0.0,False,-0.46725025330146264,0.2908066970939619,-0.17644355620750074
2024-11-06,300750.SZ,-0.3421383647798742,0,-0.0,False,-0.46675064671326705,0.2905198513472545,-0.17623079536601255
2024-11-07,300750.SZ,-0.2641509433962264,0,-0.0,False,-0.4689519045749023,0.2885434620611811,-0.18040844251372123
2024-11-08,300750.SZ,-0.6105527638190955,0,-0.0,False,-0.4710483406336025,0.2861033729338469,-0.1849449676997556
2024-11-11,300750.SZ,-0.5816582914572864,0,-0.0,False,-0.47053879605536536,0.2857973022240054,-0.18474149383135996
2024-11-12,300750.SZ,-0.6599749058971142,0,-0.0,False,-0.46796456483637733,0.2833630731474461,-0.18460149168893125
2024-11-13,300750.SZ,-0.7841907151819323,0,-0.0,False,-0.46667190288866467,0.2821172872660165,-0.1845546156226482
2024-11-14,300750.SZ,-0.8092848180677541,0,-0.0,False,-0.4669594460602541,0.28242558397941625,-0.18453386208083783
2024-11-15,300750.SZ,-0.5420326223337516,0,-0.0,False,-0.4666925710135056,0.2820837970179939,-0.18460877399551168
2024-11-18,300750.SZ,-0.06775407779171895,1,-1.0,True,-0.4655491321744629,0.2814924440369452,-0.18405668813751774
2024-11-19,300750.SZ,-0.12547051442910917,1,-1.0,True,-0.46028565724620735,0.28298477015770696,-0.1773008870885004
2024-11-20,300750.SZ,-0.45294855708908405,0,-0.0,False,-0.4556079744261983,0.28384715087659024,-0.1717608235496081
2024-11-21,300750.SZ,-0.4090338770388959,0,-0.0,False,-0.45366975747531596,0.2830569236844401,-0.17061283379087588
2024-11-22,300750.SZ,-0.7415307402760352,0,-0.0,False,-0.45160307998497845,0.2824643615975989,-0.16913871838737954
2024-11-25,300750.SZ,-0.8404522613065326,0,-0.0,False,-0.4512393704923039,0.282059042551137,-0.16918032794116689
2024-11-26,300750.SZ,-0.8756281407035176,0,-0.0,False,-0.45262128004004254,0.2835648863931872,-0.16905639364685532
2024-11-27,300750.SZ,-0.8153266331658291,0,-0.0,False,-0.4547255513968265,0.28576907104937943,-0.1689564803474471
2024-11-28,300750.SZ,-0.8065326633165829,0,-0.0,False,-0.4570601410115669,0.28757050026504555,-0.16948964074652134
2024-11-29,300750.SZ,-0.6884422110552764,0,-0.0,False,-0.45822220131307445,0.28870584458544085,-0.1695163567276336
2024-12-02,300750.SZ,-0.885678391959799,0,-0.0,False,-0.45916441236835076,0.28927533627039886,-0.1698890760979519
2024-12-03,300750.SZ,-0.7361809045226131,0,-0.0,False,-0.46482814771173436,0.2909262818255938,-0.17390186588614054
2024-12-04,300750.SZ,-0.6532663316582915,0,-0.0,False,-0.4698742113633257,0.2903321483810806,-0.17954206298224507
2024-12-05,300750.SZ,-0.6909547738693468,0,-0.0,False,-0.4752657524018516,0.28764567585065914,-0.18762007655119245
2024-12-06,300750.SZ,-0.8266331658291457,0,-0.0,False,-0.48101323983903754,0.2849728998969011,-0.19604033994213643
2024-12-09,300750.SZ,-0.8153266331658291,0,-0.0,False,-0.4878913805425551,0.2832516211192494,-0.2046397594233057
2024-12-10,300750.SZ,-0.7939698492462312,0,-0.0,False,-0.49453920298811627,0.28147677063034166,-0.2130624323577746
2024-12-11,300750.SZ,-0.4824120603015075,0,-0.0,False,-0.4934294877452352,0.2800156469423129,-0.2134138408029223
2024-12-12,300750.SZ,-0.22801507537688442,0,-0.0,False,-0.4915226720267139,0.2792982017063423,-0.21222447032037162
2024-12-13,300750.SZ,-0.25972396486825594,0,-0.0,False,-0.49277663009692235,0.27775747797112027,-0.21501915212580208
2024-12-16,300750.SZ,-0.1901595744680851,1,-1.0,True,-0.49452878613214357,0.275592210656247,-0.21893657547589657
2024-12-17,300750.SZ,-0.6928191489361702,0,-0.0,False,-0.49572352055395874,0.2739407027299302,-0.22178281782402853
2024-12-18,300750.SZ,-0.6422872340425532,0,-0.0,False,-0.500388690584303,0.2724745503746023,-0.22791414020970074
2024-12-19,300750.SZ,-0.6276595744680851,0,-0.0,False,-0.5033571444271712,0.2720601417923244,-0.23129700263484676
2024-12-20,300750.SZ,-0.0740276035131744,1,-1.0,True,-0.5059841277066679,0.2717227385267162,-0.2342613891799517
2024-12-23,300750.SZ,-0.06532663316582915,1,-1.0,True,-0.505053554724652,0.2730169850174219,-0.23203656970723008
2024-12-24,300750.SZ,-0.031407035175879394,1,-1.0,True,-0.503579959227299,0.2749184719863519,-0.22866148724094715
2024-12-25,300750.SZ,-0.031407035175879394,1,-1.0,True,-0.5018446121657681,0.27724584791809365,-0.2245987642476745
2024-12-26,300750.SZ,-0.022613065326633167,1,-1.0,True,-0.5018867640586494,0.27717332203391365,-0.22471344202473575
2024-12-27,300750.SZ,-0.03768844221105527,1,-1.0,True,-0.5017824417360368,0.2773527730701828,-0.224429668665854
2024-12-30,300750.SZ,-0.04522613065326633,1,-1.0,True,-0.5016573652872938,0.27756030322574565,-0.2240970620615481
2024-12-31,300750.SZ,-0.08040201005025126,1,-1.0,True,-0.5015951029089024,0.27766267939027844,-0.22393242351862397
2025-01-02,300750.SZ,-0.08427672955974842,1,-1.0,True,-0.5019618992494508,0.27707141094557897,-0.22489048830387182
2025-01-03,300750.SZ,-0.0779874213836478,1,-1.0,True,-0.49680891465575694,0.2790509773956083,-0.21775793726014864
2025-01-06,300750.SZ,-0.1220125786163522,1,-1.0,True,-0.4918230925608465,0.28115429378257883,-0.21066879877826766
2025-01-07,300750.SZ,-0.016352201257861635,1,-1.0,True,-0.4907355926925322,0.2823376169050316,-0.20839797578750058
2025-01-08,300750.SZ,-0.013836477987421384,1,-1.0,True,-0.4889560318906191,0.2846589168414354,-0.2042971150491837
2025-01-09,300750.SZ,-0.012578616352201259,1,-1.0,True,-0.48722878981019596,0.28691769480673,-0.20031109500346594
2025-01-10,300750.SZ,-0.03647798742138365,1,-1.0,True,-0.4859307640419417,0.2887191578296954,-0.19721160621224626
2025-01-13,300750.SZ,-0.11557788944723618,1,-1.0,True,-0.48472720958201104,0.29029808593347234,-0.1944291236485387
2025-01-14,300750.SZ,-0.2751256281407035,0,-0.0,False,-0.48218323973276483,0.2921939513478351,-0.18998928838492973
2025-01-15,300750.SZ,-0.507537688442211,0,-0.0,False,-0.47704295497564586,0.29034440056824057,-0.1866985544074053
2025-01-16,300750.SZ,-0.6727386934673367,0,-0.0,False,-0.47376615430562913,0.28772937837288376,-0.18603677593274537
2025-01-17,300750.SZ,-0.7236180904522613,0,-0.0,False,-0.4724418243223795,0.2864310680680757,-0.1860107562543038
2025-01-20,300750.SZ,-0.8932160804020101,0,-0.0,False,-0.4730909030493477,0.2869148951861377,-0.18617600786320998
2025-01-21,300750.SZ,-0.8580402010050251,0,-0.0,False,-0.4748078209722958,0.2888169645127647,-0.18599085645953112
2025-01-22,300750.SZ,-0.8932160804020101,0,-0.0,False,-0.4763606717039414,0.2903811657366633,-0.18597950596727814
2025-01-23,300750.SZ,-0.8406524466750314,0,-0.0,False,-0.4820850614724907,0.2917798612185294,-0.1903052002539613
2025-01-24,300750.SZ,-0.15307402760351319,1,-1.0,True,-0.48837771026815785,0.29129801663411886,-0.197079693634039
2025-01-27,300750.SZ,-0.5050188205771644,0,-0.0,False,-0.4871376038944136,0.2924132387078817,-0.19472436518653186
2025-02-05,300750.SZ,-0.39272271016311167,0,-0.0,False,-0.48476328484157133,0.29108765133470615,-0.19367563350686517
2025-02-06,300750.SZ,-0.1884422110552764,1,-1.0,True,-0.4821165786269356,0.2904627159869857,-0.19165386263994988
2025-02-07,300750.SZ,-0.2964824120603015,0,-0.0,False,-0.4792054022581057,0.2916483289280864,-0.1875570733300193
2025-02-10,300750.SZ,-0.17964824120603015,1,-1.0,True,-0.48078398155256286,0.2901257646520984,-0.19065821690046447
2025-02-11,300750.SZ,-0.32578616352201256,0,-0.0,False,-0.48127349355421684,0.2895624713496204,-0.19171102220459646
2025-02-12,300750.SZ,-0.15849056603773584,1,-1.0,True,-0.47969576699918404,0.28989214192821566,-0.18980362507096837
2025-02-13,300750.SZ,-0.19748427672955976,0,-0.0,False,-0.4777355992842994,0.29127040336555227,-0.1864651959187471
2025-02-14,300750.SZ,-0.5376884422110553,0,-0.0,False,-0.4772142161632434,0.29171899350671,-0.1854952226565334
2025-02-17,300750.SZ,-0.478643216080402,0,-0.0,False,-0.4797686550242149,0.29088716701363776,-0.18888148801057714
2025-02-18,300750.SZ,-0.08417085427135679,1,-1.0,True,-0.4786275327461579,0.2906183900458043,-0.18800914270035357
2025-02-19,300750.SZ,-0.08040201005025126,1,-1.0,True,-0.477791942729996,0.29161379062824777,-0.1861781521017482
2025-02-20,300750.SZ,-0.13190954773869346,1,-1.0,True,-0.47736409247916006,0.2921629190990318,-0.18520117338012826
2025-02-21,300750.SZ,-0.21231155778894473,0,-0.0,False,-0.4774804863472878,0.2920212747564182,-0.1854592115908696
2025-02-24,300750.SZ,-0.19622641509433963,0,-0.0,False,-0.477890485422547,0.2916104400331714,-0.1862800453893756
2025-02-25,300750.SZ,-0.1949685534591195,0,-0.0,False,-0.47646213382102237,0.29257324506722004,-0.18388888875380233
2025-02-26,300750.SZ,-0.39622641509433965,0,-0.0,False,-0.4747566751960424,0.29361952724553586,-0.18113714795050656
2025-02-27,300750.SZ,-0.435929648241206,0,-0.0,False,-0.4702068031945254,0.29052904555288933,-0.17967775764163607
2025-02-28,300750.SZ,-0.3731155778894472,0,-0.0,False,-0.46577841123472646,0.2869153764764262,-0.1788630347583003
2025-03-03,300750.SZ,-0.5489949748743719,0,-0.0,False,-0.46079516165348694,0.28323435868342894,-0.177560802970058
2025-03-04,300750.SZ,-0.6394472361809045,0,-0.0,False,-0.4591410578008906,0.28212341523998946,-0.17701764256090113
2025-03-05,300750.SZ,-0.47361809045226133,0,-0.0,False,-0.4636008567958655,0.28069289995582153,-0.18290795684004396
2025-03-06,300750.SZ,-0.3869346733668342,0,-0.0,False,-0.4660401365278588,0.27948483676076635,-0.18655529976709245
2025-03-07,300750.SZ,-0.6130653266331658,0,-0.0,False,-0.4668985954893328,0.27907865300570295,-0.18781994248362988
2025-03-10,300750.SZ,-0.1028858218318695,1,-1.0,True,-0.469798511737239,0.2787716967939152,-0.1910268149433238
2025-03-11,300750.SZ,-0.42910915934755334,0,-0.0,False,-0.4670185770239931,0.28076295682818003,-0.18625562019581304
2025-03-12,300750.SZ,-0.4366373902132999,0,-0.0,False,-0.46543725398082014,0.2804347097129778,-0.18500254426784235
2025-03-13,300750.SZ,-0.4886934673366834,0,-0.0,False,-0.4637719156707528,0.2800034999850153,-0.18376841568573754
2025-03-14,300750.SZ,-0.6361355081555834,0,-0.0,False,-0.4651680388137558,0.2797039535317101,-0.18546408528204567
2025-03-17,300750.SZ,-0.720754716981132,0,-0.0,False,-0.4689998145639188,0.27886200429469843,-0.1901378102692204
2025-03-18,300750.SZ,-0.6867924528301886,0,-0.0,False,-0.4736312088259152,0.2783852159062601,-0.1952459929196551
2025-03-19,300750.SZ,-0.739294710327456,0,-0.0,False,-0.4724047937315756,0.2771056868280592,-0.19529910690351643
2025-03-20,300750.SZ,-0.17002518891687657,1,-1.0,True,-0.47074587648535265,0.2748796698869906,-0.19586620659836207
2025-03-21,300750.SZ,-0.20151133501259447,0,-0.0,False,-0.46447931490452365,0.27307123516297405,-0.1914080797415496
2025-03-24,300750.SZ,-0.5730478589420654,0,-0.0,False,-0.459890232214115,0.27282248850318114,-0.18706774371093388
2025-03-25,300750.SZ,-0.5138539042821159,0,-0.0,False,-0.45995913208685024,0.2728502430315067,-0.18710888905534356
2025-03-26,300750.SZ,-0.22544080604534006,0,-0.0,False,-0.45813013684475673,0.2717356773848296,-0.1863944594599271
2025-03-27,300750.SZ,-0.22544080604534006,0,-0.0,False,-0.4589605921991178,0.27086233556692757,-0.1880982566321902
2025-03-28,300750.SZ,-0.22544080604534006,0,-0.0,False,-0.4551893704046319,0.2709375918029775,-0.18425177860165443
2025-03-31,300750.SZ,-0.2607052896725441,0,-0.0,False,-0.4500747439558473,0.2694164009941427,-0.18065834296170458
2025-04-01,300750.SZ,-0.21032745591939547,0,-0.0,False,-0.4470546582207064,0.2694916098801122,-0.17756304834059417
2025-04-02,300750.SZ,-0.20979899497487436,0,-0.0,False,-0.44296567847732116,0.2693285179087887,-0.17363716056853246
2025-04-03,300750.SZ,-0.1306532663316583,1,-1.0,True,-0.43843517743963795,0.268633355599476,-0.16980182184016196
2025-04-07,300750.SZ,-0.05012531328320802,1,-1.0,True,-0.4324799295018357,0.2674569066130227,-0.16502302288881304
2025-04-08,300750.SZ,-0.10651629072681704,1,-1.0,True,-0.42646158174565285,0.26787057831724775,-0.1585910034284051
2025-04-09,300750.SZ,-0.12030075187969924,1,-1.0,True,-0.42389009800485433,0.26945705185060187,-0.15443304615425246
2025-04-10,300750.SZ,-0.2568922305764411,0,-0.0,False,-0.41997646171286646,0.2704338582097424,-0.14954260350312404
2025-04-11,300750.SZ,-0.6115288220551378,0,-0.0,False,-0.4180082156259511,0.2707566324958739,-0.1472515831300772
2025-04-14,300750.SZ,-0.21679197994987467,0,-0.0,False,-0.42028458264412544,0.2712293001427995,-0.14905528250132594
2025-04-15,300750.SZ,-0.5175438596491229,0,-0.0,False,-0.41701371179027386,0.2712974516759625,-0.14571626011431138
2025-04-16,300750.SZ,-0.6152882205513784,0,-0.0,False,-0.41591409822537334,0.2706137914978022,-0.14530030672757116
2025-04-17,300750.SZ,-0.5256892230576441,0,-0.0,False,-0.41724124880702007,0.27120206205761416,-0.1460391867494059
2025-04-18,300750.SZ,-0.6541353383458647,0,-0.0,False,-0.42057509115997116,0.27004365465595,-0.15053143650402118
2025-04-21,300750.SZ,-0.7261904761904762,0,-0.0,False,-0.42309489569643793,0.27080580426936646,-0.15228909142707148
2025-04-22,300750.SZ,-0.5671267252195734,0,-0.0,False,-0.42519966557758976,0.2721798247397475,-0.15301984083784226
2025-04-23,300750.SZ,-0.644918444165621,0,-0.0,False,-0.4250157551219237,0.2720755181687516,-0.1529402369531721
2025-04-24,300750.SZ,-0.6825595984943539,0,-0.0,False,-0.4240015351302884,0.27101617690845264,-0.15298535822183573
2025-04-25,300750.SZ,-0.08406524466750313,1,-1.0,True,-0.42354147657738167,0.2705254885011601,-0.15301598807622158
2025-04-28,300750.SZ,-0.24843161856963614,0,-0.0,False,-0.41879813418579176,0.271452232653111,-0.14734590153268073
2025-04-29,300750.SZ,-0.42659974905897113,0,-0.0,False,-0.4162457561644381,0.2716034012288581,-0.14464235493557998
2025-04-30,300750.SZ,-0.562107904642409,0,-0.0,False,-0.4133332488321727,0.26957847973124494,-0.14375476910092777
2025-05-06,300750.SZ,-0.479297365119197,0,-0.0,False,-0.4131642318949684,0.2694779353266989,-0.14368629656826953
2025-05-07,300750.SZ,-0.506900878293601,0,-0.0,False,-0.41282923614307915,0.2693696041876722,-0.14345963195540695
2025-05-08,300750.SZ,-0.5319949811794228,0,-0.0,False,-0.4120324457682722,0.268944878627207,-0.1430875671410652
2025-05-09,300750.SZ,-0.6737766624843162,0,-0.0,False,-0.4136145842382684,0.269088655362407,-0.1445259288758614
2025-05-12,300750.SZ,-0.6725219573400251,0,-0.0,False,-0.41702813189733584,0.269773986932574,-0.14725414496476186
2025-05-13,300750.SZ,-0.04271356783919598,1,-1.0,True,-0.4175445418433436,0.2702065159351721,-0.14733802590817152
2025-05-14,300750.SZ,-0.028894472361809045,1,-1.0,True,-0.41305333581319287,0.27192930701573714,-0.14112402879745573
2025-05-15,300750.SZ,-0.032663316582914576,1,-1.0,True,-0.4077943322003986,0.2732132040620552,-0.13458112813834344
2025-05-16,300750.SZ,-0.05025125628140704,1,-1.0,True,-0.4015316038787402,0.2731261837821634,-0.1284054200965768
2025-05-19,300750.SZ,-0.2537688442211055,0,-0.0,False,-0.39520632419718726,0.2723919207328345,-0.12281440346435274
2025-05-20,300750.SZ,-0.4221105527638191,0,-0.0,False,-0.3928041260462486,0.2723572757278394,-0.12044685031840918
2025-05-21,300750.SZ,-0.8140703517587939,0,-0.0,False,-0.39575709667101605,0.27071946967232835,-0.1250376269986877
2025-05-22,300750.SZ,-0.7914572864321608,0,-0.0,False,-0.4014954286487634,0.2722359093169881,-0.12925951933177532
2025-05-23,300750.SZ,-0.7314930991217063,0,-0.0,False,-0.4043163347266224,0.27451779530941695,-0.12979853941720543
2025-05-26,300750.SZ,-0.49559748427672956,0,-0.0,False,-0.40700349491064575,0.2761378028505994,-0.13086569206004633
2025-05-27,300750.SZ,-0.7433962264150943,0,-0.0,False,-0.4049540511106516,0.274542165013856,-0.1304118860967956
2025-05-28,300750.SZ,-0.5635220125786163,0,-0.0,False,-0.4041452508198896,0.27338894877372505,-0.13075630204616456
2025-05-29,300750.SZ,-0.25534591194968553,0,-0.0,False,-0.4015443664188487,0.2703333399021617,-0.13121102651668703
2025-05-30,300750.SZ,-0.46608040201005024,0,-0.0,False,-0.3968778604087142,0.2679533183235257,-0.1289245420851885
2025-06-03,300750.SZ,-0.5125628140703518,0,-0.0,False,-0.3940407582311598,0.2653693280427394,-0.12867143018842042
2025-06-04,300750.SZ,-0.6532663316582915,0,-0.0,False,-0.39257509658961875,0.2642128349201166,-0.12836226166950215
2025-06-05,300750.SZ,-0.7512562814070352,0,-0.0,False,-0.3906383294204395,0.26140475660539286,-0.12923357281504666
2025-06-06,300750.SZ,-0.3836477987421384,0,-0.0,False,-0.39076395756114307,0.26157578249457464,-0.12918817506656843
2025-06-09,300750.SZ,-0.052830188679245285,1,-1.0,True,-0.3885171364535084,0.2604576171142824,-0.128059519339226
2025-06-10,300750.SZ,-0.16729559748427672,0,-0.0,False,-0.3831994315769243,0.2607449913534111,-0.1224544402235132
2025-06-11,300750.SZ,-0.670440251572327,0,-0.0,False,-0.37770495184071706,0.25825732043421457,-0.1194476314065025
2025-06-12,300750.SZ,-0.7245283018867924,0,-0.0,False,-0.37649756532743783,0.256527074746236,-0.11997049058120185
2025-06-13,300750.SZ,-0.7383647798742138,0,-0.0,False,-0.37591888576610916,0.2556542565902183,-0.12026462917589087
2025-06-16,300750.SZ,-0.7807486631016043,0,-0.0,False,-0.37805182509588175,0.25761043269432654,-0.12044139240155521
2025-06-17,300750.SZ,-0.839572192513369,0,-0.0,False,-0.3826579383269211,0.2598370664733543,-0.12282087185356677
2025-06-18,300750.SZ,-0.679144385026738,0,-0.0,False,-0.3874900068906303,0.26290517893131365,-0.12458482795931664
2025-06-19,300750.SZ,-0.3048128342245989,0,-0.0,False,-0.3915648803119524,0.26360951618031797,-0.12795536413163444
2025-06-20,300750.SZ,-0.19524405506883605,0,-0.0,False,-0.3883314943560227,0.26225948524386655,-0.12607200911215616
2025-06-23,300750.SZ,-0.19962453066332916,0,-0.0,False,-0.3846061345312417,0.26179644923856954,-0.12280968529267217
2025-06-24,300750.SZ,-0.12265331664580725,0,-0.0,False,-0.3810391758328687,0.26137266538458026,-0.11966651044828847
2025-06-25,300750.SZ,-0.1376720901126408,0,-0.0,False,-0.381444390108974,0.2609300140862498,-0.12051437602272425
2025-06-26,300750.SZ,-0.1476846057571965,0,-0.0,False,-0.38204726891686414,0.2602762443329357,-0.12177102458392841
2025-06-27,300750.SZ,-0.1276595744680851,0,-0.0,False,-0.3830162486717084,0.2591739900010787,-0.1238422586706297
2025-06-30,300750.SZ,-0.3979974968710889,0,-0.0,False,-0.38381835316581014,0.25822387006560366,-0.1255944831002065
2025-07-01,300750.SZ,-0.16645807259073842,0,-0.0,False,-0.38694655676201395,0.2560761768022268,-0.13087037995978718
2025-07-02,300750.SZ,-0.1113892365456821,1,-1.0,True,-0.38801963701517794,0.25486727064168485,-0.1331523663734931
2025-07-03,300750.SZ,-0.8610763454317898,0,-0.0,False,-0.3885709962309481,0.2541901336688925,-0.13438086256205561
2025-07-04,300750.SZ,-0.9286608260325406,0,-0.0,False,-0.39507661569246094,0.2562187332567072,-0.13885788243575375
2025-07-07,300750.SZ,-0.9274092615769712,0,-0.0,False,-0.4021131498297342,0.25918895278280923,-0.14292419704692494
2025-07-08,300750.SZ,-0.8685857321652065,0,-0.0,False,-0.40919166516467853,0.2618479343770799,-0.1473437307875986
2025-07-09,300750.SZ,-0.6420525657071339,0,-0.0,False,-0.415413108110919,0.2638289945669742,-0.15158411354394485
2025-07-10,300750.SZ,-0.5819774718397998,0,-0.0,False,-0.42062727781466286,0.2620529197150294,-0.15857435809963344
2025-07-11,300750.SZ,-0.4030037546933667,0,-0.0,False,-0.42536178609676606,0.2597639758868461,-0.16559781020991998
2025-07-14,300750.SZ,-0.60450563204005,0,-0.0,False,-0.42861532891627585,0.2569805461115481,-0.17163478280472777
2025-07-15,300750.SZ,-0.655819774718398,0,-0.0,False,-0.43334889262143134,0.2549199583983992,-0.17842893422303213
2025-07-16,300750.SZ,-0.48435544430538174,0,-0.0,False,-0.4378509083320244,0.25402972007457403,-0.18382118825745036
2025-07-17,300750.SZ,-0.5193992490613266,0,-0.0,False,-0.4395944901333967,0.2536211541294373,-0.18597333600395938
2025-07-18,300750.SZ,-0.23057644110275688,0,-0.0,False,-0.43969333647188935,0.25365016664575785,-0.1860431698261315
2025-07-21,300750.SZ,-0.6741854636591479,0,-0.0,False,-0.43600865103551784,0.253447837379199,-0.18256081365631882
2025-07-22,300750.SZ,-0.681704260651629,0,-0.0,False,-0.4355967124789085,0.25301625130679695,-0.18258046117211157
2025-07-23,300750.SZ,-0.5676691729323309,0,-0.0,False,-0.43383411398098876,0.2505260048993628,-0.18330810908162598
2025-07-24,300750.SZ,-0.39223057644110276,0,-0.0,False,-0.43141435541371626,0.2477815622362274,-0.18363279317748885
2025-07-25,300750.SZ,-0.6946182728410513,0,-0.0,False,-0.427239476214042,0.2441289022526573,-0.18311057396138472
2025-07-28,300750.SZ,-0.4493116395494368,0,-0.0,False,-0.4260225247654255,0.2424086938760489,-0.1836138308893766
2025-07-29,300750.SZ,-0.3191489361702128,0,-0.0,False,-0.4284911715316415,0.24111061661476765,-0.18738055491687386
2025-07-30,300750.SZ,-0.03383458646616541,1,-1.0,True,-0.4269422558282503,0.2412118659800671,-0.18573038984818319
2025-07-31,300750.SZ,-0.010025062656641603,1,-1.0,True,-0.423951521464109,0.24385017224251937,-0.18010134922158966
2025-08-01,300750.SZ,-0.020050125313283207,1,-1.0,True,-0.42246471189412044,0.24583404731528113,-0.1766306645788393
2025-08-04,300750.SZ,-0.03262233375156838,1,-1.0,True,-0.420161109504562,0.2483072143155272,-0.17185389518903477
2025-08-05,300750.SZ,-0.38143036386449186,0,-0.0,False,-0.4189358936091081,0.2498618101007406,-0.1690740835083675
2025-08-06,300750.SZ,-0.49435382685069007,0,-0.0,False,-0.41939959527862875,0.249739090132905,-0.16966050514572376
2025-08-07,300750.SZ,-0.7528230865746549,0,-0.0,False,-0.4221984557854034,0.24867022042438752,-0.17352823536101586
2025-08-08,300750.SZ,-0.7616060225846926,0,-0.0,False,-0.4268262792007792,0.2496187802480741,-0.1772074989527051
2025-08-11,300750.SZ,-0.4767879548306148,0,-0.0,False,-0.4286922590372262,0.2512858352813877,-0.17740642375583848
2025-08-12,300750.SZ,-0.06900878293601004,1,-1.0,True,-0.4286767985268113,0.2512827932479364,-0.1773940052788749
2025-08-13,300750.SZ,-0.5917085427135679,0,-0.0,False,-0.4285504479323501,0.25146122276180666,-0.17708922517054343
2025-08-14,300750.SZ,-0.7525125628140703,0,-0.0,False,-0.43281133570454433,0.2498391322621454,-0.18297220344239892
2025-08-15,300750.SZ,-0.5778894472361809,0,-0.0,False,-0.43798302749683915,0.2499813248524889,-0.18800170264435026
2025-08-18,300750.SZ,-0.3555276381909548,0,-0.0,False,-0.44102950990889944,0.2494350143161252,-0.19159449559277425
2025-08-19,300750.SZ,-0.5796737766624843,0,-0.0,False,-0.4423570201013713,0.24854351999583588,-0.1938135001055354
2025-08-20,300750.SZ,-0.6361355081555834,0,-0.0,False,-0.4455628969613993,0.24780572152988012,-0.19775717543151916
2025-08-21,300750.SZ,-0.493099121706399,0,-0.0,False,-0.4475621394035763,0.24837146202025898,-0.19919067738331733
2025-08-22,300750.SZ,-0.38095238095238093,0,-0.0,False,-0.44803855168245293,0.24840378926545753,-0.1996347624169954
2025-08-25,300750.SZ,-0.3591989987484355,0,-0.0,False,-0.448103858374644,0.24838495554105436,-0.19971890283358965
2025-08-26,300750.SZ,-0.41551939924906134,0,-0.0,False,-0.44652222524026125,0.24834139079789722,-0.19818083444236403
2025-08-27,300750.SZ,-0.16896120150187735,1,-1.0,True,-0.44465615993249585,0.24772008076061938,-0.19693607917187647
2025-08-28,300750.SZ,-0.16645807259073842,1,-1.0,True,-0.442117352524576,0.2489787345809765,-0.19313861794359952
2025-08-29,300750.SZ,-0.6691729323308271,0,-0.0,False,-0.4402800475181085,0.25019986381183745,-0.19008018370627106
2025-09-01,300750.SZ,-0.6900878293601004,0,-0.0,False,-0.4407476108989224,0.2505776119976878,-0.1901699989012346
2025-09-02,300750.SZ,-0.7038895859473023,0,-0.0,False,-0.4456409609616576,0.2496561364156958,-0.1959848245459618
2025-09-03,300750.SZ,-0.8168130489335006,0,-0.0,False,-0.4479307978499889,0.2507609266373863,-0.1971698712126026
2025-09-04,300750.SZ,-0.821831869510665,0,-0.0,False,-0.45109892833932386,0.25300855542464035,-0.1980903729146835
2025-09-05,300750.SZ,-0.917189460476788,0,-0.0,False,-0.4538750816907738,0.2552423611160753,-0.1986327205746985
2025-09-08,300750.SZ,-0.8707653701380176,0,-0.0,False,-0.4562171979601171,0.25820117841358337,-0.19801601954653375
2025-09-09,300750.SZ,-0.5244667503136763,0,-0.0,False,-0.45746728673642445,0.25985057983480786,-0.1976167069016166
2025-09-10,300750.SZ,-0.47051442910915936,0,-0.0,False,-0.45611457254878685,0.259068075363816,-0.19704649718497086
2025-09-11,300750.SZ,-0.7305764411027569,0,-0.0,False,-0.4538747368719677,0.25775778798602245,-0.19611694888594527
2025-09-12,300750.SZ,-0.5852130325814536,0,-0.0,False,-0.4585459973068501,0.2576497684906353,-0.20089622881621477
2025-09-15,300750.SZ,-0.8473091364205256,0,-0.0,False,-0.4617435114532572,0.25681265135772324,-0.20493086009553396
2025-09-16,300750.SZ,-0.8623279098873592,0,-0.0,False,-0.4640290220989111,0.25902242166511086,-0.20500660043380026
2025-09-17,300750.SZ,-0.918648310387985,0,-0.0,False,-0.46693297214562146,0.2615270076213485,-0.20540596452427295
2025-09-18,300750.SZ,-0.84,0,-0.0,False,-0.47270970134847684,0.26379410927686026,-0.20891559207161658
2025-09-19,300750.SZ,-0.38,0,-0.0,False,-0.4778310279647657,0.26491643548712507,-0.2129145924776406
2025-09-22,300750.SZ,-0.6525,0,-0.0,False,-0.4791190212477211,0.26405335009485736,-0.21506567115286374
2025-09-23,300750.SZ,-0.68375,0,-0.0,False,-0.4823839771671166,0.263752074268885,-0.21863190289823164
2025-09-24,300750.SZ,-0.49375,0,-0.0,False,-0.486329165034455,0.263188583514257,-0.223140581520198
2025-09-25,300750.SZ,-0.6620775969962454,0,-0.0,False,-0.4886954234096644,0.2619550551765167,-0.2267403682331477
2025-09-26,300750.SZ,-0.6695869837296621,0,-0.0,False,-0.4931239594985359,0.2603382967372297,-0.2327856627613062
2025-09-29,300750.SZ,-0.4130162703379224,0,-0.0,False,-0.49828614008558975,0.2576076269549767,-0.24067851313061306
2025-09-30,300750.SZ,-0.03254067584480601,1,-1.0,True,-0.5008403065823489,0.2551988107869305,-0.24564149579541839
2025-10-09,300750.SZ,-0.07884856070087609,1,-1.0,True,-0.5001089726153914,0.2564213237857387,-0.24368764882965277
2025-10-10,300750.SZ,-0.0951188986232791,1,-1.0,True,-0.4986252753664285,0.258348298023203,-0.24027697734322545
2025-10-13,300750.SZ,-0.06633291614518148,1,-1.0,True,-0.4943218593378296,0.26074175359975027,-0.23358010573807936
2025-10-14,300750.SZ,-0.0688360450563204,1,-1.0,True,-0.4930680338061239,0.262443723275031,-0.2306243105310929
2025-10-15,300750.SZ,-0.10888610763454318,1,-1.0,True,-0.4893288020178505,0.2652733508550928,-0.2240554511627577
2025-10-16,300750.SZ,-0.571964956195244,0,-0.0,False,-0.4851087844102102,0.26727315792869505,-0.21783562648151517
2025-10-17,300750.SZ,-0.48936170212765956,0,-0.0,False,-0.4854944155196902,0.2673655689882065,-0.21812884653148368
2025-10-20,300750.SZ,-0.18523153942428036,1,-1.0,True,-0.4841213018845385,0.2669149345544026,-0.21720636733013587
2025-10-21,300750.SZ,-0.7108886107634543,0,-0.0,False,-0.4796133107448202,0.26736003578019457,-0.21225327496462565
2025-10-22,300750.SZ,-0.7021276595744681,0,-0.0,False,-0.4808113264576859,0.2680766022601449,-0.21273472419754097
2025-10-23,300750.SZ,-0.675,0,-0.0,False,-0.48128806991942624,0.26842154849603933,-0.2128665214233869
2025-10-24,300750.SZ,-0.55375,0,-0.0,False,-0.4812250732653066,0.26837479755180366,-0.21285027571350296
2025-10-27,300750.SZ,-0.5425,0,-0.0,False,-0.48513911289307743,0.26594787468926534,-0.2191912382038121
2025-10-28,300750.SZ,-0.5975,0,-0.0,False,-0.4875896827383305,0.2651019079864638,-0.22248777475186665
2025-10-29,300750.SZ,-0.45,0,-0.0,False,-0.4890138514961723,0.26523052740730035,-0.22378332408887197
2025-10-30,300750.SZ,-0.21625,1,-1.0,True,-0.4880796189574857,0.26516833551051566,-0.22291128344697003
2025-10-31,300750.SZ,-0.24875,0,-0.0,False,-0.4858875575814923,0.2663262813836831,-0.21956127619780924
2025-11-03,300750.SZ,-0.5475,0,-0.0,False,-0.48373630026237896,0.2671963084572026,-0.21653999180517636
2025-11-04,300750.SZ,-0.63,0,-0.0,False,-0.48386550875255047,0.26722358857891093,-0.21664192017363954
2025-11-05,300750.SZ,-0.765,0,-0.0,False,-0.48350070323184785,0.2669919298518877,-0.21650877337996016
2025-11-06,300750.SZ,-0.71375,0,-0.0,False,-0.48427135358734763,0.26767470119402703,-0.2165966523933206
2025-11-07,300750.SZ,-0.08875,1,-1.0,True,-0.4898633238553543,0.2653720155321719,-0.22449130832318243
2025-11-10,300750.SZ,-0.0825,1,-1.0,True,-0.4903621199190059,0.2645532821030926,-0.22580883781591332
2025-11-11,300750.SZ,-0.0825,1,-1.0,True,-0.4907774256141482,0.2638669588752359,-0.2269104667389123
2025-11-12,300750.SZ,-0.06875,1,-1.0,True,-0.49104616514513655,0.26343058898314287,-0.22761557616199368
2025-11-13,300750.SZ,-0.94,0,-0.0,False,-0.489504341443294,0.2653653515701625,-0.22413898987313152
2025-11-14,300750.SZ,-0.9575,0,-0.0,False,-0.49382008683692885,0.2684534440724728,-0.22536664276445606
2025-11-17,300750.SZ,-0.945,0,-0.0,False,-0.4950153339056056,0.27020487621187156,-0.22481045769373403
2025-11-18,300750.SZ,-0.91375,0,-0.0,False,-0.49629485651867095,0.271978160384964,-0.22431669613370697
2025-11-19,300750.SZ,-0.14,1,-1.0,True,-0.49781366402599,0.2738053657266901,-0.22400829829929986
2025-11-20,300750.SZ,-0.07653701380175659,1,-1.0,True,-0.49485035165701724,0.2757469302887099,-0.21910342136830735
2025-11-21,300750.SZ,-0.6637390213299874,0,-0.0,False,-0.48929319155190615,0.2774104917561493,-0.21188269979575686
2025-11-24,300750.SZ,-0.7515683814303639,0,-0.0,False,-0.4901283332915009,0.27778643126017133,-0.21234190203132958
2025-11-25,300750.SZ,-0.7503136762860728,0,-0.0,False,-0.4942635205371732,0.2779554254551139,-0.21630809508205928
2025-11-26,300750.SZ,-0.6185696361355082,0,-0.0,False,-0.4966321311561401,0.2789226145260174,-0.21770951663012267
2025-11-27,300750.SZ,-0.44416562107904645,0,-0.0,False,-0.49751552134001636,0.2791412775263476,-0.21837424381366877
2025-11-28,300750.SZ,-0.09284818067754078,1,-1.0,True,-0.49577301541852264,0.2788133019381769,-0.21695971348034576
2025-12-01,300750.SZ,-0.1053952321204517,1,-1.0,True,-0.49028628124577683,0.28021825581589255,-0.2100680254298843
2025-12-02,300750.SZ,-0.12547051442910917,1,-1.0,True,-0.48796750985726284,0.28225196422660564,-0.2057155456306572
2025-12-03,300750.SZ,-0.24215809284818068,0,-0.0,False,-0.4885728459051783,0.281387468700633,-0.20718537720454527
2025-12-04,300750.SZ,-0.5558343789209536,0,-0.0,False,-0.48919670003321086,0.2807514594252973,-0.20844524060791358
2025-12-05,300750.SZ,-0.7214554579673776,0,-0.0,False,-0.48824165109444945,0.28032433729369355,-0.2079173138007559
2025-12-08,300750.SZ,-0.6825595984943539,0,-0.0,False,-0.48821604406178765,0.28030271114428823,-0.20791333291749942
2025-12-09,300750.SZ,-0.6787954830614805,0,-0.0,False,-0.4877510008836221,0.2799302531740401,-0.20782074770958203
2025-12-10,300750.SZ,-0.2948557089084065,0,-0.0,False,-0.48690139104995445,0.27918724167968884,-0.2077141493702656
2025-12-11,300750.SZ,-0.33877038895859474,0,-0.0,False,-0.4823620870199131,0.2778299554029279,-0.20453213161698525
2025-12-12,300750.SZ,-0.2797992471769134,0,-0.0,False,-0.4795256370526786,0.2775414036690113,-0.20198423338366728
2025-12-15,300750.SZ,-0.214190093708166,0,-0.0,False,-0.47931719049394783,0.2776830808380539,-0.20163410965589396
2025-12-16,300750.SZ,-0.23159303882195448,0,-0.0,False,-0.47947507414927565,0.27752554810961966,-0.201949526039656
2025-12-17,300750.SZ,-0.26907630522088355,0,-0.0,False,-0.47974147838393083,0.2772698805531729,-0.2024715978307579
2025-12-18,300750.SZ,-0.1753681392235609,1,-1.0,True,-0.48096166995538975,0.27600452146777954,-0.2049571484876102
2025-12-19,300750.SZ,-0.07924528301886792,1,-1.0,True,-0.48127580369798084,0.2756317241776453,-0.20564407952033553
2025-12-22,300750.SZ,-0.12437185929648241,1,-1.0,True,-0.48070547600849467,0.27639752240764376,-0.2043079536008509
2025-12-23,300750.SZ,-0.17587939698492464,1,-1.0,True,-0.4806780783820647,0.2764329724782474,-0.20424510590381734
2025-12-24,300750.SZ,-0.5857321652065082,0,-0.0,False,-0.47882709421634667,0.2777318461424664,-0.2010952480738803
2025-12-25,300750.SZ,-0.5068836045056321,0,-0.0,False,-0.48232104498814476,0.27640324625863666,-0.2059177987295081
2025-12-26,300750.SZ,-0.6295369211514393,0,-0.0,False,-0.48561683138781103,0.27429299856561373,-0.2113238328221973
2025-12-29,300750.SZ,-0.6345431789737171,0,-0.0,False,-0.4836873361854747,0.27243775990670316,-0.21124957627877156
2025-12-30,300750.SZ,-0.5902255639097744,0,-0.0,False,-0.48123635579331786,0.26971028390088553,-0.21152607189243233
