信号日,股票代码,因子值,分组,目标仓位,是否触发,滚动均值,滚动标准差,历史阈值
1999-12-30,300750.SZ,,0,-0.0,False,,,
2000-01-04,300750.SZ,,0,-0.0,False,,,
2000-01-05,300750.SZ,,0,-0.0,False,,,
2000-01-06,300750.SZ,,0,-0.0,False,,,
2000-01-07,300750.SZ,,0,-0.0,False,,,
2000-01-10,300750.SZ,,0,-0.0,False,,,
2000-01-11,300750.SZ,,0,-0.0,False,,,
2000-01-12,300750.SZ,,0,-0.0,False,,,
2000-01-13,300750.SZ,,0,-0.0,False,,,
2000-01-14,300750.SZ,,0,-0.0,False,,,
2000-01-17,300750.SZ,,0,-0.0,False,,,
2000-01-18,300750.SZ,,0,-0.0,False,,,
2000-01-19,300750.SZ,,0,-0.0,False,,,
2000-01-20,300750.SZ,,0,-0.0,False,,,
2000-01-21,300750.SZ,,0,-0.0,False,,,
2000-01-24,300750.SZ,,0,-0.0,False,,,
2000-01-25,300750.SZ,,0,-0.0,False,,,
2000-01-26,300750.SZ,,0,-0.0,False,,,
2000-01-27,300750.SZ,,0,-0.0,False,,,
2000-01-28,300750.SZ,,0,-0.0,False,,,
2000-02-14,300750.SZ,,0,-0.0,False,,,
2000-02-15,300750.SZ,,0,-0.0,False,,,
2000-02-16,300750.SZ,,0,-0.0,False,,,
2000-02-17,300750.SZ,,0,-0.0,False,,,
2000-02-18,300750.SZ,,0,-0.0,False,,,
2000-02-21,300750.SZ,,0,-0.0,False,,,
2000-02-22,300750.SZ,,0,-0.0,False,,,
2000-02-23,300750.SZ,,0,-0.0,False,,,
2000-02-24,300750.SZ,,0,-0.0,False,,,
2000-02-25,300750.SZ,,0,-0.0,False,,,
2000-02-28,300750.SZ,,0,-0.0,False,,,
2000-02-29,300750.SZ,,0,-0.0,False,,,
2000-03-01,300750.SZ,,0,-0.0,False,,,
2000-03-02,300750.SZ,,0,-0.0,False,,,
2000-03-03,300750.SZ,,0,-0.0,False,,,
2000-03-06,300750.SZ,,0,-0.0,False,,,
2000-03-07,300750.SZ,,0,-0.0,False,,,
2000-03-08,300750.SZ,,0,-0.0,False,,,
2000-03-09,300750.SZ,,0,-0.0,False,,,
2000-03-10,300750.SZ,,0,-0.0,False,,,
2000-03-13,300750.SZ,,0,-0.0,False,,,
2000-03-14,300750.SZ,,0,-0.0,False,,,
2000-03-15,300750.SZ,,0,-0.0,False,,,
2000-03-16,300750.SZ,,0,-0.0,False,,,
2000-03-17,300750.SZ,,0,-0.0,False,,,
2000-03-20,300750.SZ,,0,-0.0,False,,,
2000-03-21,300750.SZ,,0,-0.0,False,,,
2000-03-22,300750.SZ,,0,-0.0,False,,,
2000-03-23,300750.SZ,,0,-0.0,False,,,
2000-03-24,300750.SZ,,0,-0.0,False,,,
2000-03-27,300750.SZ,,0,-0.0,False,,,
2000-03-28,300750.SZ,,0,-0.0,False,,,
2000-03-29,300750.SZ,,0,-0.0,False,,,
2000-03-30,300750.SZ,,0,-0.0,False,,,
2000-03-31,300750.SZ,,0,-0.0,False,,,
2000-04-03,300750.SZ,,0,-0.0,False,,,
2000-04-04,300750.SZ,,0,-0.0,False,,,
2000-04-05,300750.SZ,,0,-0.0,False,,,
2000-04-06,300750.SZ,,0,-0.0,False,,,
2000-04-07,300750.SZ,,0,-0.0,False,,,
2000-04-10,300750.SZ,,0,-0.0,False,,,
2000-04-11,300750.SZ,,0,-0.0,False,,,
2000-04-12,300750.SZ,,0,-0.0,False,,,
2000-04-13,300750.SZ,,0,-0.0,False,,,
2000-04-14,300750.SZ,,0,-0.0,False,,,
2000-04-17,300750.SZ,,0,-0.0,False,,,
2000-04-18,300750.SZ,,0,-0.0,False,,,
2000-04-19,300750.SZ,,0,-0.0,False,,,
2000-04-20,300750.SZ,,0,-0.0,False,,,
2000-04-21,300750.SZ,,0,-0.0,False,,,
2000-04-24,300750.SZ,,0,-0.0,False,,,
2000-04-25,300750.SZ,,0,-0.0,False,,,
2000-04-26,300750.SZ,,0,-0.0,False,,,
2000-04-27,300750.SZ,,0,-0.0,False,,,
2000-04-28,300750.SZ,,0,-0.0,False,,,
2000-05-08,300750.SZ,,0,-0.0,False,,,
2000-05-09,300750.SZ,,0,-0.0,False,,,
2000-05-10,300750.SZ,,0,-0.0,False,,,
2000-05-11,300750.SZ,,0,-0.0,False,,,
2000-05-12,300750.SZ,,0,-0.0,False,,,
2000-05-15,300750.SZ,,0,-0.0,False,,,
2000-05-16,300750.SZ,,0,-0.0,False,,,
2000-05-17,300750.SZ,,0,-0.0,False,,,
2000-05-18,300750.SZ,,0,-0.0,False,,,
2000-05-19,300750.SZ,,0,-0.0,False,,,
2000-05-22,300750.SZ,,0,-0.0,False,,,
2000-05-23,300750.SZ,,0,-0.0,False,,,
2000-05-24,300750.SZ,,0,-0.0,False,,,
2000-05-25,300750.SZ,,0,-0.0,False,,,
2000-05-26,300750.SZ,,0,-0.0,False,,,
2000-05-29,300750.SZ,,0,-0.0,False,,,
2000-05-30,300750.SZ,,0,-0.0,False,,,
2000-05-31,300750.SZ,,0,-0.0,False,,,
2000-06-01,300750.SZ,,0,-0.0,False,,,
2000-06-02,300750.SZ,,0,-0.0,False,,,
2000-06-05,300750.SZ,,0,-0.0,False,,,
2000-06-06,300750.SZ,,0,-0.0,False,,,
2000-06-07,300750.SZ,,0,-0.0,False,,,
2000-06-08,300750.SZ,,0,-0.0,False,,,
2000-06-09,300750.SZ,,0,-0.0,False,,,
2000-06-12,300750.SZ,,0,-0.0,False,,,
2000-06-13,300750.SZ,,0,-0.0,False,,,
2000-06-14,300750.SZ,,0,-0.0,False,,,
2000-06-15,300750.SZ,,0,-0.0,False,,,
2000-06-16,300750.SZ,,0,-0.0,False,,,
2000-06-19,300750.SZ,,0,-0.0,False,,,
2000-06-20,300750.SZ,,0,-0.0,False,,,
2000-06-21,300750.SZ,,0,-0.0,False,,,
2000-06-22,300750.SZ,,0,-0.0,False,,,
2000-06-23,300750.SZ,,0,-0.0,False,,,
2000-06-26,300750.SZ,,0,-0.0,False,,,
2000-06-27,300750.SZ,,0,-0.0,False,,,
2000-06-28,300750.SZ,,0,-0.0,False,,,
2000-06-29,300750.SZ,,0,-0.0,False,,,
2000-06-30,300750.SZ,,0,-0.0,False,,,
2000-07-03,300750.SZ,,0,-0.0,False,,,
2000-07-04,300750.SZ,,0,-0.0,False,,,
2000-07-05,300750.SZ,,0,-0.0,False,,,
2000-07-06,300750.SZ,,0,-0.0,False,,,
2000-07-07,300750.SZ,,0,-0.0,False,,,
2000-07-10,300750.SZ,,0,-0.0,False,,,
2000-07-11,300750.SZ,,0,-0.0,False,,,
2000-07-12,300750.SZ,,0,-0.0,False,,,
2000-07-13,300750.SZ,,0,-0.0,False,,,
2000-07-14,300750.SZ,,0,-0.0,False,,,
2000-07-17,300750.SZ,,0,-0.0,False,,,
2000-07-18,300750.SZ,,0,-0.0,False,,,
2000-07-19,300750.SZ,,0,-0.0,False,,,
2000-07-20,300750.SZ,,0,-0.0,False,,,
2000-07-21,300750.SZ,,0,-0.0,False,,,
2000-07-24,300750.SZ,,0,-0.0,False,,,
2000-07-25,300750.SZ,,0,-0.0,False,,,
2000-07-26,300750.SZ,,0,-0.0,False,,,
2000-07-27,300750.SZ,,0,-0.0,False,,,
2000-07-28,300750.SZ,,0,-0.0,False,,,
2000-07-31,300750.SZ,,0,-0.0,False,,,
2000-08-01,300750.SZ,,0,-0.0,False,,,
2000-08-02,300750.SZ,,0,-0.0,False,,,
2000-08-03,300750.SZ,,0,-0.0,False,,,
2000-08-04,300750.SZ,,0,-0.0,False,,,
2000-08-07,300750.SZ,,0,-0.0,False,,,
2000-08-08,300750.SZ,,0,-0.0,False,,,
2000-08-09,300750.SZ,,0,-0.0,False,,,
2000-08-10,300750.SZ,,0,-0.0,False,,,
2000-08-11,300750.SZ,,0,-0.0,False,,,
2000-08-14,300750.SZ,,0,-0.0,False,,,
2000-08-15,300750.SZ,,0,-0.0,False,,,
2000-08-16,300750.SZ,,0,-0.0,False,,,
2000-08-17,300750.SZ,,0,-0.0,False,,,
2000-08-18,300750.SZ,,0,-0.0,False,,,
2000-08-21,300750.SZ,,0,-0.0,False,,,
2000-08-22,300750.SZ,,0,-0.0,False,,,
2000-08-23,300750.SZ,,0,-0.0,False,,,
2000-08-24,300750.SZ,,0,-0.0,False,,,
2000-08-25,300750.SZ,,0,-0.0,False,,,
2000-08-28,300750.SZ,,0,-0.0,False,,,
2000-08-29,300750.SZ,,0,-0.0,False,,,
2000-08-30,300750.SZ,,0,-0.0,False,,,
2000-08-31,300750.SZ,,0,-0.0,False,,,
2000-09-01,300750.SZ,,0,-0.0,False,,,
2000-09-04,300750.SZ,,0,-0.0,False,,,
2000-09-05,300750.SZ,,0,-0.0,False,,,
2000-09-06,300750.SZ,,0,-0.0,False,,,
2000-09-07,300750.SZ,,0,-0.0,False,,,
2000-09-08,300750.SZ,,0,-0.0,False,,,
2000-09-11,300750.SZ,,0,-0.0,False,,,
2000-09-12,300750.SZ,,0,-0.0,False,,,
2000-09-13,300750.SZ,,0,-0.0,False,,,
2000-09-14,300750.SZ,,0,-0.0,False,,,
2000-09-15,300750.SZ,,0,-0.0,False,,,
2000-09-18,300750.SZ,,0,-0.0,False,,,
2000-09-19,300750.SZ,,0,-0.0,False,,,
2000-09-20,300750.SZ,,0,-0.0,False,,,
2000-09-21,300750.SZ,,0,-0.0,False,,,
2000-09-22,300750.SZ,,0,-0.0,False,,,
2000-09-25,300750.SZ,,0,-0.0,False,,,
2000-09-26,300750.SZ,,0,-0.0,False,,,
2000-09-27,300750.SZ,,0,-0.0,False,,,
2000-09-28,300750.SZ,,0,-0.0,False,,,
2000-09-29,300750.SZ,,0,-0.0,False,,,
2000-10-09,300750.SZ,,0,-0.0,False,,,
2000-10-10,300750.SZ,,0,-0.0,False,,,
2000-10-11,300750.SZ,,0,-0.0,False,,,
2000-10-12,300750.SZ,,0,-0.0,False,,,
2000-10-13,300750.SZ,,0,-0.0,False,,,
2000-10-16,300750.SZ,,0,-0.0,False,,,
2000-10-17,300750.SZ,,0,-0.0,False,,,
2000-10-18,300750.SZ,,0,-0.0,False,,,
2000-10-19,300750.SZ,,0,-0.0,False,,,
2000-10-20,300750.SZ,,0,-0.0,False,,,
2000-10-23,300750.SZ,,0,-0.0,False,,,
2000-10-24,300750.SZ,,0,-0.0,False,,,
2000-10-25,300750.SZ,,0,-0.0,False,,,
2000-10-26,300750.SZ,,0,-0.0,False,,,
2000-10-27,300750.SZ,,0,-0.0,False,,,
2000-10-30,300750.SZ,,0,-0.0,False,,,
2000-10-31,300750.SZ,,0,-0.0,False,,,
2000-11-01,300750.SZ,,0,-0.0,False,,,
2000-11-02,300750.SZ,,0,-0.0,False,,,
2000-11-03,300750.SZ,,0,-0.0,False,,,
2000-11-06,300750.SZ,,0,-0.0,False,,,
2000-11-07,300750.SZ,,0,-0.0,False,,,
2000-11-08,300750.SZ,,0,-0.0,False,,,
2000-11-09,300750.SZ,,0,-0.0,False,,,
2000-11-10,300750.SZ,,0,-0.0,False,,,
2000-11-13,300750.SZ,,0,-0.0,False,,,
2000-11-14,300750.SZ,,0,-0.0,False,,,
2000-11-15,300750.SZ,,0,-0.0,False,,,
2000-11-16,300750.SZ,,0,-0.0,False,,,
2000-11-17,300750.SZ,,0,-0.0,False,,,
2000-11-20,300750.SZ,,0,-0.0,False,,,
2000-11-21,300750.SZ,,0,-0.0,False,,,
2000-11-22,300750.SZ,,0,-0.0,False,,,
2000-11-23,300750.SZ,,0,-0.0,False,,,
2000-11-24,300750.SZ,,0,-0.0,False,,,
2000-11-27,300750.SZ,,0,-0.0,False,,,
2000-11-28,300750.SZ,,0,-0.0,False,,,
2000-11-29,300750.SZ,,0,-0.0,False,,,
2000-11-30,300750.SZ,,0,-0.0,False,,,
2000-12-01,300750.SZ,,0,-0.0,False,,,
2000-12-04,300750.SZ,,0,-0.0,False,,,
2000-12-05,300750.SZ,,0,-0.0,False,,,
2000-12-06,300750.SZ,,0,-0.0,False,,,
2000-12-07,300750.SZ,,0,-0.0,False,,,
2000-12-08,300750.SZ,,0,-0.0,False,,,
2000-12-11,300750.SZ,,0,-0.0,False,,,
2000-12-12,300750.SZ,,0,-0.0,False,,,
2000-12-13,300750.SZ,,0,-0.0,False,,,
2000-12-14,300750.SZ,,0,-0.0,False,,,
2000-12-15,300750.SZ,,0,-0.0,False,,,
2000-12-18,300750.SZ,,0,-0.0,False,,,
2000-12-19,300750.SZ,,0,-0.0,False,,,
2000-12-20,300750.SZ,,0,-0.0,False,,,
2000-12-21,300750.SZ,,0,-0.0,False,,,
2000-12-22,300750.SZ,,0,-0.0,False,,,
2000-12-25,300750.SZ,,0,-0.0,False,,,
2000-12-26,300750.SZ,,0,-0.0,False,,,
2000-12-27,300750.SZ,,0,-0.0,False,,,
2000-12-28,300750.SZ,,0,-0.0,False,,,
2000-12-29,300750.SZ,,0,-0.0,False,,,
2001-01-02,300750.SZ,,0,-0.0,False,,,
2001-01-03,300750.SZ,,0,-0.0,False,,,
2001-01-04,300750.SZ,,0,-0.0,False,,,
2001-01-05,300750.SZ,,0,-0.0,False,,,
2001-01-08,300750.SZ,,0,-0.0,False,,,
2001-01-09,300750.SZ,,0,-0.0,False,,,
2001-01-10,300750.SZ,,0,-0.0,False,,,
2001-01-11,300750.SZ,,0,-0.0,False,,,
2001-01-12,300750.SZ,,0,-0.0,False,,,
2001-01-15,300750.SZ,,0,-0.0,False,,,
2001-01-16,300750.SZ,,0,-0.0,False,,,
2001-01-17,300750.SZ,,0,-0.0,False,,,
2001-01-18,300750.SZ,,0,-0.0,False,,,
2001-01-19,300750.SZ,,0,-0.0,False,,,
2001-02-05,300750.SZ,,0,-0.0,False,,,
2001-02-06,300750.SZ,,0,-0.0,False,,,
2001-02-07,300750.SZ,,0,-0.0,False,,,
2001-02-08,300750.SZ,,0,-0.0,False,,,
2001-02-09,300750.SZ,,0,-0.0,False,,,
2001-02-12,300750.SZ,,0,-0.0,False,,,
2001-02-13,300750.SZ,,0,-0.0,False,,,
2001-02-14,300750.SZ,,0,-0.0,False,,,
2001-02-15,300750.SZ,,0,-0.0,False,,,
2001-02-16,300750.SZ,,0,-0.0,False,,,
2001-02-19,300750.SZ,,0,-0.0,False,,,
2001-02-20,300750.SZ,,0,-0.0,False,,,
2001-02-21,300750.SZ,,0,-0.0,False,,,
2001-02-22,300750.SZ,,0,-0.0,False,,,
2001-02-23,300750.SZ,,0,-0.0,False,,,
2001-02-26,300750.SZ,,0,-0.0,False,,,
2001-02-27,300750.SZ,,0,-0.0,False,,,
2001-02-28,300750.SZ,,0,-0.0,False,,,
2001-03-01,300750.SZ,,0,-0.0,False,,,
2001-03-02,300750.SZ,,0,-0.0,False,,,
2001-03-05,300750.SZ,,0,-0.0,False,,,
2001-03-06,300750.SZ,,0,-0.0,False,,,
2001-03-07,300750.SZ,,0,-0.0,False,,,
2001-03-08,300750.SZ,,0,-0.0,False,,,
2001-03-09,300750.SZ,,0,-0.0,False,,,
2001-03-12,300750.SZ,,0,-0.0,False,,,
2001-03-13,300750.SZ,,0,-0.0,False,,,
2001-03-14,300750.SZ,,0,-0.0,False,,,
2001-03-15,300750.SZ,,0,-0.0,False,,,
2001-03-16,300750.SZ,,0,-0.0,False,,,
2001-03-19,300750.SZ,,0,-0.0,False,,,
2001-03-20,300750.SZ,,0,-0.0,False,,,
2001-03-21,300750.SZ,,0,-0.0,False,,,
2001-03-22,300750.SZ,,0,-0.0,False,,,
2001-03-23,300750.SZ,,0,-0.0,False,,,
2001-03-26,300750.SZ,,0,-0.0,False,,,
2001-03-27,300750.SZ,,0,-0.0,False,,,
2001-03-28,300750.SZ,,0,-0.0,False,,,
2001-03-29,300750.SZ,,0,-0.0,False,,,
2001-03-30,300750.SZ,,0,-0.0,False,,,
2001-04-02,300750.SZ,,0,-0.0,False,,,
2001-04-03,300750.SZ,,0,-0.0,False,,,
2001-04-04,300750.SZ,,0,-0.0,False,,,
2001-04-05,300750.SZ,,0,-0.0,False,,,
2001-04-06,300750.SZ,,0,-0.0,False,,,
2001-04-09,300750.SZ,,0,-0.0,False,,,
2001-04-10,300750.SZ,,0,-0.0,False,,,
2001-04-11,300750.SZ,,0,-0.0,False,,,
2001-04-12,300750.SZ,,0,-0.0,False,,,
2001-04-13,300750.SZ,,0,-0.0,False,,,
2001-04-16,300750.SZ,,0,-0.0,False,,,
2001-04-17,300750.SZ,,0,-0.0,False,,,
2001-04-18,300750.SZ,,0,-0.0,False,,,
2001-04-19,300750.SZ,,0,-0.0,False,,,
2001-04-20,300750.SZ,,0,-0.0,False,,,
2001-04-23,300750.SZ,,0,-0.0,False,,,
2001-04-24,300750.SZ,,0,-0.0,False,,,
2001-04-25,300750.SZ,,0,-0.0,False,,,
2001-04-26,300750.SZ,,0,-0.0,False,,,
2001-04-27,300750.SZ,,0,-0.0,False,,,
2001-04-30,300750.SZ,,0,-0.0,False,,,
2001-05-08,300750.SZ,,0,-0.0,False,,,
2001-05-09,300750.SZ,,0,-0.0,False,,,
2001-05-10,300750.SZ,,0,-0.0,False,,,
2001-05-11,300750.SZ,,0,-0.0,False,,,
2001-05-14,300750.SZ,,0,-0.0,False,,,
2001-05-15,300750.SZ,,0,-0.0,False,,,
2001-05-16,300750.SZ,,0,-0.0,False,,,
2001-05-17,300750.SZ,,0,-0.0,False,,,
2001-05-18,300750.SZ,,0,-0.0,False,,,
2001-05-21,300750.SZ,,0,-0.0,False,,,
2001-05-22,300750.SZ,,0,-0.0,False,,,
2001-05-23,300750.SZ,,0,-0.0,False,,,
2001-05-24,300750.SZ,,0,-0.0,False,,,
2001-05-25,300750.SZ,,0,-0.0,False,,,
2001-05-28,300750.SZ,,0,-0.0,False,,,
2001-05-29,300750.SZ,,0,-0.0,False,,,
2001-05-30,300750.SZ,,0,-0.0,False,,,
2001-05-31,300750.SZ,,0,-0.0,False,,,
2001-06-01,300750.SZ,,0,-0.0,False,,,
2001-06-04,300750.SZ,,0,-0.0,False,,,
2001-06-05,300750.SZ,,0,-0.0,False,,,
2001-06-06,300750.SZ,,0,-0.0,False,,,
2001-06-07,300750.SZ,,0,-0.0,False,,,
2001-06-08,300750.SZ,,0,-0.0,False,,,
2001-06-11,300750.SZ,,0,-0.0,False,,,
2001-06-12,300750.SZ,,0,-0.0,False,,,
2001-06-13,300750.SZ,,0,-0.0,False,,,
2001-06-14,300750.SZ,,0,-0.0,False,,,
2001-06-15,300750.SZ,,0,-0.0,False,,,
2001-06-18,300750.SZ,,0,-0.0,False,,,
2001-06-19,300750.SZ,,0,-0.0,False,,,
2001-06-20,300750.SZ,,0,-0.0,False,,,
2001-06-21,300750.SZ,,0,-0.0,False,,,
2001-06-22,300750.SZ,,0,-0.0,False,,,
2001-06-25,300750.SZ,,0,-0.0,False,,,
2001-06-26,300750.SZ,,0,-0.0,False,,,
2001-06-27,300750.SZ,,0,-0.0,False,,,
2001-06-28,300750.SZ,,0,-0.0,False,,,
2001-06-29,300750.SZ,,0,-0.0,False,,,
2001-07-02,300750.SZ,,0,-0.0,False,,,
2001-07-03,300750.SZ,,0,-0.0,False,,,
2001-07-04,300750.SZ,,0,-0.0,False,,,
2001-07-05,300750.SZ,,0,-0.0,False,,,
2001-07-06,300750.SZ,,0,-0.0,False,,,
2001-07-09,300750.SZ,,0,-0.0,False,,,
2001-07-10,300750.SZ,,0,-0.0,False,,,
2001-07-11,300750.SZ,,0,-0.0,False,,,
2001-07-12,300750.SZ,,0,-0.0,False,,,
2001-07-13,300750.SZ,,0,-0.0,False,,,
2001-07-16,300750.SZ,,0,-0.0,False,,,
2001-07-17,300750.SZ,,0,-0.0,False,,,
2001-07-18,300750.SZ,,0,-0.0,False,,,
2001-07-19,300750.SZ,,0,-0.0,False,,,
2001-07-20,300750.SZ,,0,-0.0,False,,,
2001-07-23,300750.SZ,,0,-0.0,False,,,
2001-07-24,300750.SZ,,0,-0.0,False,,,
2001-07-25,300750.SZ,,0,-0.0,False,,,
2001-07-26,300750.SZ,,0,-0.0,False,,,
2001-07-27,300750.SZ,,0,-0.0,False,,,
2001-07-30,300750.SZ,,0,-0.0,False,,,
2001-07-31,300750.SZ,,0,-0.0,False,,,
2001-08-01,300750.SZ,,0,-0.0,False,,,
2001-08-02,300750.SZ,,0,-0.0,False,,,
2001-08-03,300750.SZ,,0,-0.0,False,,,
2001-08-06,300750.SZ,,0,-0.0,False,,,
2001-08-07,300750.SZ,,0,-0.0,False,,,
2001-08-08,300750.SZ,,0,-0.0,False,,,
2001-08-09,300750.SZ,,0,-0.0,False,,,
2001-08-10,300750.SZ,,0,-0.0,False,,,
2001-08-13,300750.SZ,,0,-0.0,False,,,
2001-08-14,300750.SZ,,0,-0.0,False,,,
2001-08-15,300750.SZ,,0,-0.0,False,,,
2001-08-16,300750.SZ,,0,-0.0,False,,,
2001-08-17,300750.SZ,,0,-0.0,False,,,
2001-08-20,300750.SZ,,0,-0.0,False,,,
2001-08-21,300750.SZ,,0,-0.0,False,,,
2001-08-22,300750.SZ,,0,-0.0,False,,,
2001-08-23,300750.SZ,,0,-0.0,False,,,
2001-08-24,300750.SZ,,0,-0.0,False,,,
2001-08-27,300750.SZ,,0,-0.0,False,,,
2001-08-28,300750.SZ,,0,-0.0,False,,,
2001-08-29,300750.SZ,,0,-0.0,False,,,
2001-08-30,300750.SZ,,0,-0.0,False,,,
2001-08-31,300750.SZ,,0,-0.0,False,,,
2001-09-03,300750.SZ,,0,-0.0,False,,,
2001-09-04,300750.SZ,,0,-0.0,False,,,
2001-09-05,300750.SZ,,0,-0.0,False,,,
2001-09-06,300750.SZ,,0,-0.0,False,,,
2001-09-07,300750.SZ,,0,-0.0,False,,,
2001-09-10,300750.SZ,,0,-0.0,False,,,
2001-09-11,300750.SZ,,0,-0.0,False,,,
2001-09-12,300750.SZ,,0,-0.0,False,,,
2001-09-13,300750.SZ,,0,-0.0,False,,,
2001-09-14,300750.SZ,,0,-0.0,False,,,
2001-09-17,300750.SZ,,0,-0.0,False,,,
2001-09-18,300750.SZ,,0,-0.0,False,,,
2001-09-19,300750.SZ,,0,-0.0,False,,,
2001-09-20,300750.SZ,,0,-0.0,False,,,
2001-09-21,300750.SZ,,0,-0.0,False,,,
2001-09-24,300750.SZ,,0,-0.0,False,,,
2001-09-25,300750.SZ,,0,-0.0,False,,,
2001-09-26,300750.SZ,,0,-0.0,False,,,
2001-09-27,300750.SZ,,0,-0.0,False,,,
2001-09-28,300750.SZ,,0,-0.0,False,,,
2001-10-08,300750.SZ,,0,-0.0,False,,,
2001-10-09,300750.SZ,,0,-0.0,False,,,
2001-10-10,300750.SZ,,0,-0.0,False,,,
2001-10-11,300750.SZ,,0,-0.0,False,,,
2001-10-12,300750.SZ,,0,-0.0,False,,,
2001-10-15,300750.SZ,,0,-0.0,False,,,
2001-10-16,300750.SZ,,0,-0.0,False,,,
2001-10-17,300750.SZ,,0,-0.0,False,,,
2001-10-18,300750.SZ,,0,-0.0,False,,,
2001-10-19,300750.SZ,,0,-0.0,False,,,
2001-10-22,300750.SZ,,0,-0.0,False,,,
2001-10-23,300750.SZ,,0,-0.0,False,,,
2001-10-24,300750.SZ,,0,-0.0,False,,,
2001-10-25,300750.SZ,,0,-0.0,False,,,
2001-10-26,300750.SZ,,0,-0.0,False,,,
2001-10-29,300750.SZ,,0,-0.0,False,,,
2001-10-30,300750.SZ,,0,-0.0,False,,,
2001-10-31,300750.SZ,,0,-0.0,False,,,
2001-11-01,300750.SZ,,0,-0.0,False,,,
2001-11-02,300750.SZ,,0,-0.0,False,,,
2001-11-05,300750.SZ,,0,-0.0,False,,,
2001-11-06,300750.SZ,,0,-0.0,False,,,
2001-11-07,300750.SZ,,0,-0.0,False,,,
2001-11-08,300750.SZ,,0,-0.0,False,,,
2001-11-09,300750.SZ,,0,-0.0,False,,,
2001-11-12,300750.SZ,,0,-0.0,False,,,
2001-11-13,300750.SZ,,0,-0.0,False,,,
2001-11-14,300750.SZ,,0,-0.0,False,,,
2001-11-15,300750.SZ,,0,-0.0,False,,,
2001-11-16,300750.SZ,,0,-0.0,False,,,
2001-11-19,300750.SZ,,0,-0.0,False,,,
2001-11-20,300750.SZ,,0,-0.0,False,,,
2001-11-21,300750.SZ,,0,-0.0,False,,,
2001-11-22,300750.SZ,,0,-0.0,False,,,
2001-11-23,300750.SZ,,0,-0.0,False,,,
2001-11-26,300750.SZ,,0,-0.0,False,,,
2001-11-27,300750.SZ,,0,-0.0,False,,,
2001-11-28,300750.SZ,,0,-0.0,False,,,
2001-11-29,300750.SZ,,0,-0.0,False,,,
2001-11-30,300750.SZ,,0,-0.0,False,,,
2001-12-03,300750.SZ,,0,-0.0,False,,,
2001-12-04,300750.SZ,,0,-0.0,False,,,
2001-12-05,300750.SZ,,0,-0.0,False,,,
2001-12-06,300750.SZ,,0,-0.0,False,,,
2001-12-07,300750.SZ,,0,-0.0,False,,,
2001-12-10,300750.SZ,,0,-0.0,False,,,
2001-12-11,300750.SZ,,0,-0.0,False,,,
2001-12-12,300750.SZ,,0,-0.0,False,,,
2001-12-13,300750.SZ,,0,-0.0,False,,,
2001-12-14,300750.SZ,,0,-0.0,False,,,
2001-12-17,300750.SZ,,0,-0.0,False,,,
2001-12-18,300750.SZ,,0,-0.0,False,,,
2001-12-19,300750.SZ,,0,-0.0,False,,,
2001-12-20,300750.SZ,,0,-0.0,False,,,
2001-12-21,300750.SZ,,0,-0.0,False,,,
2001-12-24,300750.SZ,,0,-0.0,False,,,
2001-12-25,300750.SZ,,0,-0.0,False,,,
2001-12-26,300750.SZ,,0,-0.0,False,,,
2001-12-27,300750.SZ,,0,-0.0,False,,,
2001-12-28,300750.SZ,,0,-0.0,False,,,
2001-12-31,300750.SZ,,0,-0.0,False,,,
2002-01-04,300750.SZ,,0,-0.0,False,,,
2002-01-07,300750.SZ,,0,-0.0,False,,,
2002-01-08,300750.SZ,,0,-0.0,False,,,
2002-01-09,300750.SZ,,0,-0.0,False,,,
2002-01-10,300750.SZ,,0,-0.0,False,,,
2002-01-11,300750.SZ,,0,-0.0,False,,,
2002-01-14,300750.SZ,,0,-0.0,False,,,
2002-01-15,300750.SZ,,0,-0.0,False,,,
2002-01-16,300750.SZ,,0,-0.0,False,,,
2002-01-17,300750.SZ,,0,-0.0,False,,,
2002-01-18,300750.SZ,,0,-0.0,False,,,
2002-01-21,300750.SZ,,0,-0.0,False,,,
2002-01-22,300750.SZ,,0,-0.0,False,,,
2002-01-23,300750.SZ,,0,-0.0,False,,,
2002-01-24,300750.SZ,,0,-0.0,False,,,
2002-01-25,300750.SZ,,0,-0.0,False,,,
2002-01-28,300750.SZ,,0,-0.0,False,,,
2002-01-29,300750.SZ,,0,-0.0,False,,,
2002-01-30,300750.SZ,,0,-0.0,False,,,
2002-01-31,300750.SZ,,0,-0.0,False,,,
2002-02-01,300750.SZ,,0,-0.0,False,,,
2002-02-04,300750.SZ,,0,-0.0,False,,,
2002-02-05,300750.SZ,,0,-0.0,False,,,
2002-02-06,300750.SZ,,0,-0.0,False,,,
2002-02-07,300750.SZ,,0,-0.0,False,,,
2002-02-08,300750.SZ,,0,-0.0,False,,,
2002-02-25,300750.SZ,,0,-0.0,False,,,
2002-02-26,300750.SZ,,0,-0.0,False,,,
2002-02-27,300750.SZ,,0,-0.0,False,,,
2002-02-28,300750.SZ,,0,-0.0,False,,,
2002-03-01,300750.SZ,,0,-0.0,False,,,
2002-03-04,300750.SZ,,0,-0.0,False,,,
2002-03-05,300750.SZ,,0,-0.0,False,,,
2002-03-06,300750.SZ,,0,-0.0,False,,,
2002-03-07,300750.SZ,,0,-0.0,False,,,
2002-03-08,300750.SZ,,0,-0.0,False,,,
2002-03-11,300750.SZ,,0,-0.0,False,,,
2002-03-12,300750.SZ,,0,-0.0,False,,,
2002-03-13,300750.SZ,,0,-0.0,False,,,
2002-03-14,300750.SZ,,0,-0.0,False,,,
2002-03-15,300750.SZ,,0,-0.0,False,,,
2002-03-18,300750.SZ,,0,-0.0,False,,,
2002-03-19,300750.SZ,,0,-0.0,False,,,
2002-03-20,300750.SZ,,0,-0.0,False,,,
2002-03-21,300750.SZ,,0,-0.0,False,,,
2002-03-22,300750.SZ,,0,-0.0,False,,,
2002-03-25,300750.SZ,,0,-0.0,False,,,
2002-03-26,300750.SZ,,0,-0.0,False,,,
2002-03-27,300750.SZ,,0,-0.0,False,,,
2002-03-28,300750.SZ,,0,-0.0,False,,,
2002-03-29,300750.SZ,,0,-0.0,False,,,
2002-04-01,300750.SZ,,0,-0.0,False,,,
2002-04-02,300750.SZ,,0,-0.0,False,,,
2002-04-03,300750.SZ,,0,-0.0,False,,,
2002-04-04,300750.SZ,,0,-0.0,False,,,
2002-04-05,300750.SZ,,0,-0.0,False,,,
2002-04-08,300750.SZ,,0,-0.0,False,,,
2002-04-09,300750.SZ,,0,-0.0,False,,,
2002-04-10,300750.SZ,,0,-0.0,False,,,
2002-04-11,300750.SZ,,0,-0.0,False,,,
2002-04-12,300750.SZ,,0,-0.0,False,,,
2002-04-15,300750.SZ,,0,-0.0,False,,,
2002-04-16,300750.SZ,,0,-0.0,False,,,
2002-04-17,300750.SZ,,0,-0.0,False,,,
2002-04-18,300750.SZ,,0,-0.0,False,,,
2002-04-19,300750.SZ,,0,-0.0,False,,,
2002-04-22,300750.SZ,,0,-0.0,False,,,
2002-04-23,300750.SZ,,0,-0.0,False,,,
2002-04-24,300750.SZ,,0,-0.0,False,,,
2002-04-25,300750.SZ,,0,-0.0,False,,,
2002-04-26,300750.SZ,,0,-0.0,False,,,
2002-04-29,300750.SZ,,0,-0.0,False,,,
2002-04-30,300750.SZ,,0,-0.0,False,,,
2002-05-08,300750.SZ,,0,-0.0,False,,,
2002-05-09,300750.SZ,,0,-0.0,False,,,
2002-05-10,300750.SZ,,0,-0.0,False,,,
2002-05-13,300750.SZ,,0,-0.0,False,,,
2002-05-14,300750.SZ,,0,-0.0,False,,,
2002-05-15,300750.SZ,,0,-0.0,False,,,
2002-05-16,300750.SZ,,0,-0.0,False,,,
2002-05-17,300750.SZ,,0,-0.0,False,,,
2002-05-20,300750.SZ,,0,-0.0,False,,,
2002-05-21,300750.SZ,,0,-0.0,False,,,
2002-05-22,300750.SZ,,0,-0.0,False,,,
2002-05-23,300750.SZ,,0,-0.0,False,,,
2002-05-24,300750.SZ,,0,-0.0,False,,,
2002-05-27,300750.SZ,,0,-0.0,False,,,
2002-05-28,300750.SZ,,0,-0.0,False,,,
2002-05-29,300750.SZ,,0,-0.0,False,,,
2002-05-30,300750.SZ,,0,-0.0,False,,,
2002-05-31,300750.SZ,,0,-0.0,False,,,
2002-06-03,300750.SZ,,0,-0.0,False,,,
2002-06-04,300750.SZ,,0,-0.0,False,,,
2002-06-05,300750.SZ,,0,-0.0,False,,,
2002-06-06,300750.SZ,,0,-0.0,False,,,
2002-06-07,300750.SZ,,0,-0.0,False,,,
2002-06-10,300750.SZ,,0,-0.0,False,,,
2002-06-11,300750.SZ,,0,-0.0,False,,,
2002-06-12,300750.SZ,,0,-0.0,False,,,
2002-06-13,300750.SZ,,0,-0.0,False,,,
2002-06-14,300750.SZ,,0,-0.0,False,,,
2002-06-17,300750.SZ,,0,-0.0,False,,,
2002-06-18,300750.SZ,,0,-0.0,False,,,
2002-06-19,300750.SZ,,0,-0.0,False,,,
2002-06-20,300750.SZ,,0,-0.0,False,,,
2002-06-21,300750.SZ,,0,-0.0,False,,,
2002-06-24,300750.SZ,,0,-0.0,False,,,
2002-06-25,300750.SZ,,0,-0.0,False,,,
2002-06-26,300750.SZ,,0,-0.0,False,,,
2002-06-27,300750.SZ,,0,-0.0,False,,,
2002-06-28,300750.SZ,,0,-0.0,False,,,
2002-07-01,300750.SZ,,0,-0.0,False,,,
2002-07-02,300750.SZ,,0,-0.0,False,,,
2002-07-03,300750.SZ,,0,-0.0,False,,,
2002-07-04,300750.SZ,,0,-0.0,False,,,
2002-07-05,300750.SZ,,0,-0.0,False,,,
2002-07-08,300750.SZ,,0,-0.0,False,,,
2002-07-09,300750.SZ,,0,-0.0,False,,,
2002-07-10,300750.SZ,,0,-0.0,False,,,
2002-07-11,300750.SZ,,0,-0.0,False,,,
2002-07-12,300750.SZ,,0,-0.0,False,,,
2002-07-15,300750.SZ,,0,-0.0,False,,,
2002-07-16,300750.SZ,,0,-0.0,False,,,
2002-07-17,300750.SZ,,0,-0.0,False,,,
2002-07-18,300750.SZ,,0,-0.0,False,,,
2002-07-19,300750.SZ,,0,-0.0,False,,,
2002-07-22,300750.SZ,,0,-0.0,False,,,
2002-07-23,300750.SZ,,0,-0.0,False,,,
2002-07-24,300750.SZ,,0,-0.0,False,,,
2002-07-25,300750.SZ,,0,-0.0,False,,,
2002-07-26,300750.SZ,,0,-0.0,False,,,
2002-07-29,300750.SZ,,0,-0.0,False,,,
2002-07-30,300750.SZ,,0,-0.0,False,,,
2002-07-31,300750.SZ,,0,-0.0,False,,,
2002-08-01,300750.SZ,,0,-0.0,False,,,
2002-08-02,300750.SZ,,0,-0.0,False,,,
2002-08-05,300750.SZ,,0,-0.0,False,,,
2002-08-06,300750.SZ,,0,-0.0,False,,,
2002-08-07,300750.SZ,,0,-0.0,False,,,
2002-08-08,300750.SZ,,0,-0.0,False,,,
2002-08-09,300750.SZ,,0,-0.0,False,,,
2002-08-12,300750.SZ,,0,-0.0,False,,,
2002-08-13,300750.SZ,,0,-0.0,False,,,
2002-08-14,300750.SZ,,0,-0.0,False,,,
2002-08-15,300750.SZ,,0,-0.0,False,,,
2002-08-16,300750.SZ,,0,-0.0,False,,,
2002-08-19,300750.SZ,,0,-0.0,False,,,
2002-08-20,300750.SZ,,0,-0.0,False,,,
2002-08-21,300750.SZ,,0,-0.0,False,,,
2002-08-22,300750.SZ,,0,-0.0,False,,,
2002-08-23,300750.SZ,,0,-0.0,False,,,
2002-08-26,300750.SZ,,0,-0.0,False,,,
2002-08-27,300750.SZ,,0,-0.0,False,,,
2002-08-28,300750.SZ,,0,-0.0,False,,,
2002-08-29,300750.SZ,,0,-0.0,False,,,
2002-08-30,300750.SZ,,0,-0.0,False,,,
2002-09-02,300750.SZ,,0,-0.0,False,,,
2002-09-03,300750.SZ,,0,-0.0,False,,,
2002-09-04,300750.SZ,,0,-0.0,False,,,
2002-09-05,300750.SZ,,0,-0.0,False,,,
2002-09-06,300750.SZ,,0,-0.0,False,,,
2002-09-09,300750.SZ,,0,-0.0,False,,,
2002-09-10,300750.SZ,,0,-0.0,False,,,
2002-09-11,300750.SZ,,0,-0.0,False,,,
2002-09-12,300750.SZ,,0,-0.0,False,,,
2002-09-13,300750.SZ,,0,-0.0,False,,,
2002-09-16,300750.SZ,,0,-0.0,False,,,
2002-09-17,300750.SZ,,0,-0.0,False,,,
2002-09-18,300750.SZ,,0,-0.0,False,,,
2002-09-19,300750.SZ,,0,-0.0,False,,,
2002-09-20,300750.SZ,,0,-0.0,False,,,
2002-09-23,300750.SZ,,0,-0.0,False,,,
2002-09-24,300750.SZ,,0,-0.0,False,,,
2002-09-25,300750.SZ,,0,-0.0,False,,,
2002-09-26,300750.SZ,,0,-0.0,False,,,
2002-09-27,300750.SZ,,0,-0.0,False,,,
2002-10-08,300750.SZ,,0,-0.0,False,,,
2002-10-09,300750.SZ,,0,-0.0,False,,,
2002-10-10,300750.SZ,,0,-0.0,False,,,
2002-10-11,300750.SZ,,0,-0.0,False,,,
2002-10-14,300750.SZ,,0,-0.0,False,,,
2002-10-15,300750.SZ,,0,-0.0,False,,,
2002-10-16,300750.SZ,,0,-0.0,False,,,
2002-10-17,300750.SZ,,0,-0.0,False,,,
2002-10-18,300750.SZ,,0,-0.0,False,,,
2002-10-21,300750.SZ,,0,-0.0,False,,,
2002-10-22,300750.SZ,,0,-0.0,False,,,
2002-10-23,300750.SZ,,0,-0.0,False,,,
2002-10-24,300750.SZ,,0,-0.0,False,,,
2002-10-25,300750.SZ,,0,-0.0,False,,,
2002-10-28,300750.SZ,,0,-0.0,False,,,
2002-10-29,300750.SZ,,0,-0.0,False,,,
2002-10-30,300750.SZ,,0,-0.0,False,,,
2002-10-31,300750.SZ,,0,-0.0,False,,,
2002-11-01,300750.SZ,,0,-0.0,False,,,
2002-11-04,300750.SZ,,0,-0.0,False,,,
2002-11-05,300750.SZ,,0,-0.0,False,,,
2002-11-06,300750.SZ,,0,-0.0,False,,,
2002-11-07,300750.SZ,,0,-0.0,False,,,
2002-11-08,300750.SZ,,0,-0.0,False,,,
2002-11-11,300750.SZ,,0,-0.0,False,,,
2002-11-12,300750.SZ,,0,-0.0,False,,,
2002-11-13,300750.SZ,,0,-0.0,False,,,
2002-11-14,300750.SZ,,0,-0.0,False,,,
2002-11-15,300750.SZ,,0,-0.0,False,,,
2002-11-18,300750.SZ,,0,-0.0,False,,,
2002-11-19,300750.SZ,,0,-0.0,False,,,
2002-11-20,300750.SZ,,0,-0.0,False,,,
2002-11-21,300750.SZ,,0,-0.0,False,,,
2002-11-22,300750.SZ,,0,-0.0,False,,,
2002-11-25,300750.SZ,,0,-0.0,False,,,
2002-11-26,300750.SZ,,0,-0.0,False,,,
2002-11-27,300750.SZ,,0,-0.0,False,,,
2002-11-28,300750.SZ,,0,-0.0,False,,,
2002-11-29,300750.SZ,,0,-0.0,False,,,
2002-12-02,300750.SZ,,0,-0.0,False,,,
2002-12-03,300750.SZ,,0,-0.0,False,,,
2002-12-04,300750.SZ,,0,-0.0,False,,,
2002-12-05,300750.SZ,,0,-0.0,False,,,
2002-12-06,300750.SZ,,0,-0.0,False,,,
2002-12-09,300750.SZ,,0,-0.0,False,,,
2002-12-10,300750.SZ,,0,-0.0,False,,,
2002-12-11,300750.SZ,,0,-0.0,False,,,
2002-12-12,300750.SZ,,0,-0.0,False,,,
2002-12-13,300750.SZ,,0,-0.0,False,,,
2002-12-16,300750.SZ,,0,-0.0,False,,,
2002-12-17,300750.SZ,,0,-0.0,False,,,
2002-12-18,300750.SZ,,0,-0.0,False,,,
2002-12-19,300750.SZ,,0,-0.0,False,,,
2002-12-20,300750.SZ,,0,-0.0,False,,,
2002-12-23,300750.SZ,,0,-0.0,False,,,
2002-12-24,300750.SZ,,0,-0.0,False,,,
2002-12-25,300750.SZ,,0,-0.0,False,,,
2002-12-26,300750.SZ,,0,-0.0,False,,,
2002-12-27,300750.SZ,,0,-0.0,False,,,
2002-12-30,300750.SZ,,0,-0.0,False,,,
2002-12-31,300750.SZ,,0,-0.0,False,,,
2003-01-02,300750.SZ,,0,-0.0,False,,,
2003-01-03,300750.SZ,,0,-0.0,False,,,
2003-01-06,300750.SZ,,0,-0.0,False,,,
2003-01-07,300750.SZ,,0,-0.0,False,,,
2003-01-08,300750.SZ,,0,-0.0,False,,,
2003-01-09,300750.SZ,,0,-0.0,False,,,
2003-01-10,300750.SZ,,0,-0.0,False,,,
2003-01-13,300750.SZ,,0,-0.0,False,,,
2003-01-14,300750.SZ,,0,-0.0,False,,,
2003-01-15,300750.SZ,,0,-0.0,False,,,
2003-01-16,300750.SZ,,0,-0.0,False,,,
2003-01-17,300750.SZ,,0,-0.0,False,,,
2003-01-20,300750.SZ,,0,-0.0,False,,,
2003-01-21,300750.SZ,,0,-0.0,False,,,
2003-01-22,300750.SZ,,0,-0.0,False,,,
2003-01-23,300750.SZ,,0,-0.0,False,,,
2003-01-24,300750.SZ,,0,-0.0,False,,,
2003-01-27,300750.SZ,,0,-0.0,False,,,
2003-01-28,300750.SZ,,0,-0.0,False,,,
2003-01-29,300750.SZ,,0,-0.0,False,,,
2003-02-10,300750.SZ,,0,-0.0,False,,,
2003-02-11,300750.SZ,,0,-0.0,False,,,
2003-02-12,300750.SZ,,0,-0.0,False,,,
2003-02-13,300750.SZ,,0,-0.0,False,,,
2003-02-14,300750.SZ,,0,-0.0,False,,,
2003-02-17,300750.SZ,,0,-0.0,False,,,
2003-02-18,300750.SZ,,0,-0.0,False,,,
2003-02-19,300750.SZ,,0,-0.0,False,,,
2003-02-20,300750.SZ,,0,-0.0,False,,,
2003-02-21,300750.SZ,,0,-0.0,False,,,
2003-02-24,300750.SZ,,0,-0.0,False,,,
2003-02-25,300750.SZ,,0,-0.0,False,,,
2003-02-26,300750.SZ,,0,-0.0,False,,,
2003-02-27,300750.SZ,,0,-0.0,False,,,
2003-02-28,300750.SZ,,0,-0.0,False,,,
2003-03-03,300750.SZ,,0,-0.0,False,,,
2003-03-04,300750.SZ,,0,-0.0,False,,,
2003-03-05,300750.SZ,,0,-0.0,False,,,
2003-03-06,300750.SZ,,0,-0.0,False,,,
2003-03-07,300750.SZ,,0,-0.0,False,,,
2003-03-10,300750.SZ,,0,-0.0,False,,,
2003-03-11,300750.SZ,,0,-0.0,False,,,
2003-03-12,300750.SZ,,0,-0.0,False,,,
2003-03-13,300750.SZ,,0,-0.0,False,,,
2003-03-14,300750.SZ,,0,-0.0,False,,,
2003-03-17,300750.SZ,,0,-0.0,False,,,
2003-03-18,300750.SZ,,0,-0.0,False,,,
2003-03-19,300750.SZ,,0,-0.0,False,,,
2003-03-20,300750.SZ,,0,-0.0,False,,,
2003-03-21,300750.SZ,,0,-0.0,False,,,
2003-03-24,300750.SZ,,0,-0.0,False,,,
2003-03-25,300750.SZ,,0,-0.0,False,,,
2003-03-26,300750.SZ,,0,-0.0,False,,,
2003-03-27,300750.SZ,,0,-0.0,False,,,
2003-03-28,300750.SZ,,0,-0.0,False,,,
2003-03-31,300750.SZ,,0,-0.0,False,,,
2003-04-01,300750.SZ,,0,-0.0,False,,,
2003-04-02,300750.SZ,,0,-0.0,False,,,
2003-04-03,300750.SZ,,0,-0.0,False,,,
2003-04-04,300750.SZ,,0,-0.0,False,,,
2003-04-07,300750.SZ,,0,-0.0,False,,,
2003-04-08,300750.SZ,,0,-0.0,False,,,
2003-04-09,300750.SZ,,0,-0.0,False,,,
2003-04-10,300750.SZ,,0,-0.0,False,,,
2003-04-11,300750.SZ,,0,-0.0,False,,,
2003-04-14,300750.SZ,,0,-0.0,False,,,
2003-04-15,300750.SZ,,0,-0.0,False,,,
2003-04-16,300750.SZ,,0,-0.0,False,,,
2003-04-17,300750.SZ,,0,-0.0,False,,,
2003-04-18,300750.SZ,,0,-0.0,False,,,
2003-04-21,300750.SZ,,0,-0.0,False,,,
2003-04-22,300750.SZ,,0,-0.0,False,,,
2003-04-23,300750.SZ,,0,-0.0,False,,,
2003-04-24,300750.SZ,,0,-0.0,False,,,
2003-04-25,300750.SZ,,0,-0.0,False,,,
2003-04-28,300750.SZ,,0,-0.0,False,,,
2003-04-29,300750.SZ,,0,-0.0,False,,,
2003-04-30,300750.SZ,,0,-0.0,False,,,
2003-05-12,300750.SZ,,0,-0.0,False,,,
2003-05-13,300750.SZ,,0,-0.0,False,,,
2003-05-14,300750.SZ,,0,-0.0,False,,,
2003-05-15,300750.SZ,,0,-0.0,False,,,
2003-05-16,300750.SZ,,0,-0.0,False,,,
2003-05-19,300750.SZ,,0,-0.0,False,,,
2003-05-20,300750.SZ,,0,-0.0,False,,,
2003-05-21,300750.SZ,,0,-0.0,False,,,
2003-05-22,300750.SZ,,0,-0.0,False,,,
2003-05-23,300750.SZ,,0,-0.0,False,,,
2003-05-26,300750.SZ,,0,-0.0,False,,,
2003-05-27,300750.SZ,,0,-0.0,False,,,
2003-05-28,300750.SZ,,0,-0.0,False,,,
2003-05-29,300750.SZ,,0,-0.0,False,,,
2003-05-30,300750.SZ,,0,-0.0,False,,,
2003-06-02,300750.SZ,,0,-0.0,False,,,
2003-06-03,300750.SZ,,0,-0.0,False,,,
2003-06-04,300750.SZ,,0,-0.0,False,,,
2003-06-05,300750.SZ,,0,-0.0,False,,,
2003-06-06,300750.SZ,,0,-0.0,False,,,
2003-06-09,300750.SZ,,0,-0.0,False,,,
2003-06-10,300750.SZ,,0,-0.0,False,,,
2003-06-11,300750.SZ,,0,-0.0,False,,,
2003-06-12,300750.SZ,,0,-0.0,False,,,
2003-06-13,300750.SZ,,0,-0.0,False,,,
2003-06-16,300750.SZ,,0,-0.0,False,,,
2003-06-17,300750.SZ,,0,-0.0,False,,,
2003-06-18,300750.SZ,,0,-0.0,False,,,
2003-06-19,300750.SZ,,0,-0.0,False,,,
2003-06-20,300750.SZ,,0,-0.0,False,,,
2003-06-23,300750.SZ,,0,-0.0,False,,,
2003-06-24,300750.SZ,,0,-0.0,False,,,
2003-06-25,300750.SZ,,0,-0.0,False,,,
2003-06-26,300750.SZ,,0,-0.0,False,,,
2003-06-27,300750.SZ,,0,-0.0,False,,,
2003-06-30,300750.SZ,,0,-0.0,False,,,
2003-07-01,300750.SZ,,0,-0.0,False,,,
2003-07-02,300750.SZ,,0,-0.0,False,,,
2003-07-03,300750.SZ,,0,-0.0,False,,,
2003-07-04,300750.SZ,,0,-0.0,False,,,
2003-07-07,300750.SZ,,0,-0.0,False,,,
2003-07-08,300750.SZ,,0,-0.0,False,,,
2003-07-09,300750.SZ,,0,-0.0,False,,,
2003-07-10,300750.SZ,,0,-0.0,False,,,
2003-07-11,300750.SZ,,0,-0.0,False,,,
2003-07-14,300750.SZ,,0,-0.0,False,,,
2003-07-15,300750.SZ,,0,-0.0,False,,,
2003-07-16,300750.SZ,,0,-0.0,False,,,
2003-07-17,300750.SZ,,0,-0.0,False,,,
2003-07-18,300750.SZ,,0,-0.0,False,,,
2003-07-21,300750.SZ,,0,-0.0,False,,,
2003-07-22,300750.SZ,,0,-0.0,False,,,
2003-07-23,300750.SZ,,0,-0.0,False,,,
2003-07-24,300750.SZ,,0,-0.0,False,,,
2003-07-25,300750.SZ,,0,-0.0,False,,,
2003-07-28,300750.SZ,,0,-0.0,False,,,
2003-07-29,300750.SZ,,0,-0.0,False,,,
2003-07-30,300750.SZ,,0,-0.0,False,,,
2003-07-31,300750.SZ,,0,-0.0,False,,,
2003-08-01,300750.SZ,,0,-0.0,False,,,
2003-08-04,300750.SZ,,0,-0.0,False,,,
2003-08-05,300750.SZ,,0,-0.0,False,,,
2003-08-06,300750.SZ,,0,-0.0,False,,,
2003-08-07,300750.SZ,,0,-0.0,False,,,
2003-08-08,300750.SZ,,0,-0.0,False,,,
2003-08-11,300750.SZ,,0,-0.0,False,,,
2003-08-12,300750.SZ,,0,-0.0,False,,,
2003-08-13,300750.SZ,,0,-0.0,False,,,
2003-08-14,300750.SZ,,0,-0.0,False,,,
2003-08-15,300750.SZ,,0,-0.0,False,,,
2003-08-18,300750.SZ,,0,-0.0,False,,,
2003-08-19,300750.SZ,,0,-0.0,False,,,
2003-08-20,300750.SZ,,0,-0.0,False,,,
2003-08-21,300750.SZ,,0,-0.0,False,,,
2003-08-22,300750.SZ,,0,-0.0,False,,,
2003-08-25,300750.SZ,,0,-0.0,False,,,
2003-08-26,300750.SZ,,0,-0.0,False,,,
2003-08-27,300750.SZ,,0,-0.0,False,,,
2003-08-28,300750.SZ,,0,-0.0,False,,,
2003-08-29,300750.SZ,,0,-0.0,False,,,
2003-09-01,300750.SZ,,0,-0.0,False,,,
2003-09-02,300750.SZ,,0,-0.0,False,,,
2003-09-03,300750.SZ,,0,-0.0,False,,,
2003-09-04,300750.SZ,,0,-0.0,False,,,
2003-09-05,300750.SZ,,0,-0.0,False,,,
2003-09-08,300750.SZ,,0,-0.0,False,,,
2003-09-09,300750.SZ,,0,-0.0,False,,,
2003-09-10,300750.SZ,,0,-0.0,False,,,
2003-09-11,300750.SZ,,0,-0.0,False,,,
2003-09-12,300750.SZ,,0,-0.0,False,,,
2003-09-15,300750.SZ,,0,-0.0,False,,,
2003-09-16,300750.SZ,,0,-0.0,False,,,
2003-09-17,300750.SZ,,0,-0.0,False,,,
2003-09-18,300750.SZ,,0,-0.0,False,,,
2003-09-19,300750.SZ,,0,-0.0,False,,,
2003-09-22,300750.SZ,,0,-0.0,False,,,
2003-09-23,300750.SZ,,0,-0.0,False,,,
2003-09-24,300750.SZ,,0,-0.0,False,,,
2003-09-25,300750.SZ,,0,-0.0,False,,,
2003-09-26,300750.SZ,,0,-0.0,False,,,
2003-09-29,300750.SZ,,0,-0.0,False,,,
2003-09-30,300750.SZ,,0,-0.0,False,,,
2003-10-08,300750.SZ,,0,-0.0,False,,,
2003-10-09,300750.SZ,,0,-0.0,False,,,
2003-10-10,300750.SZ,,0,-0.0,False,,,
2003-10-13,300750.SZ,,0,-0.0,False,,,
2003-10-14,300750.SZ,,0,-0.0,False,,,
2003-10-15,300750.SZ,,0,-0.0,False,,,
2003-10-16,300750.SZ,,0,-0.0,False,,,
2003-10-17,300750.SZ,,0,-0.0,False,,,
2003-10-20,300750.SZ,,0,-0.0,False,,,
2003-10-21,300750.SZ,,0,-0.0,False,,,
2003-10-22,300750.SZ,,0,-0.0,False,,,
2003-10-23,300750.SZ,,0,-0.0,False,,,
2003-10-24,300750.SZ,,0,-0.0,False,,,
2003-10-27,300750.SZ,,0,-0.0,False,,,
2003-10-28,300750.SZ,,0,-0.0,False,,,
2003-10-29,300750.SZ,,0,-0.0,False,,,
2003-10-30,300750.SZ,,0,-0.0,False,,,
2003-10-31,300750.SZ,,0,-0.0,False,,,
2003-11-03,300750.SZ,,0,-0.0,False,,,
2003-11-04,300750.SZ,,0,-0.0,False,,,
2003-11-05,300750.SZ,,0,-0.0,False,,,
2003-11-06,300750.SZ,,0,-0.0,False,,,
2003-11-07,300750.SZ,,0,-0.0,False,,,
2003-11-10,300750.SZ,,0,-0.0,False,,,
2003-11-11,300750.SZ,,0,-0.0,False,,,
2003-11-12,300750.SZ,,0,-0.0,False,,,
2003-11-13,300750.SZ,,0,-0.0,False,,,
2003-11-14,300750.SZ,,0,-0.0,False,,,
2003-11-17,300750.SZ,,0,-0.0,False,,,
2003-11-18,300750.SZ,,0,-0.0,False,,,
2003-11-19,300750.SZ,,0,-0.0,False,,,
2003-11-20,300750.SZ,,0,-0.0,False,,,
2003-11-21,300750.SZ,,0,-0.0,False,,,
2003-11-24,300750.SZ,,0,-0.0,False,,,
2003-11-25,300750.SZ,,0,-0.0,False,,,
2003-11-26,300750.SZ,,0,-0.0,False,,,
2003-11-27,300750.SZ,,0,-0.0,False,,,
2003-11-28,300750.SZ,,0,-0.0,False,,,
2003-12-01,300750.SZ,,0,-0.0,False,,,
2003-12-02,300750.SZ,,0,-0.0,False,,,
2003-12-03,300750.SZ,,0,-0.0,False,,,
2003-12-04,300750.SZ,,0,-0.0,False,,,
2003-12-05,300750.SZ,,0,-0.0,False,,,
2003-12-08,300750.SZ,,0,-0.0,False,,,
2003-12-09,300750.SZ,,0,-0.0,False,,,
2003-12-10,300750.SZ,,0,-0.0,False,,,
2003-12-11,300750.SZ,,0,-0.0,False,,,
2003-12-12,300750.SZ,,0,-0.0,False,,,
2003-12-15,300750.SZ,,0,-0.0,False,,,
2003-12-16,300750.SZ,,0,-0.0,False,,,
2003-12-17,300750.SZ,,0,-0.0,False,,,
2003-12-18,300750.SZ,,0,-0.0,False,,,
2003-12-19,300750.SZ,,0,-0.0,False,,,
2003-12-22,300750.SZ,,0,-0.0,False,,,
2003-12-23,300750.SZ,,0,-0.0,False,,,
2003-12-24,300750.SZ,,0,-0.0,False,,,
2003-12-25,300750.SZ,,0,-0.0,False,,,
2003-12-26,300750.SZ,,0,-0.0,False,,,
2003-12-29,300750.SZ,,0,-0.0,False,,,
2003-12-30,300750.SZ,,0,-0.0,False,,,
2003-12-31,300750.SZ,,0,-0.0,False,,,
2004-01-02,300750.SZ,,0,-0.0,False,,,
2004-01-05,300750.SZ,,0,-0.0,False,,,
2004-01-06,300750.SZ,,0,-0.0,False,,,
2004-01-07,300750.SZ,,0,-0.0,False,,,
2004-01-08,300750.SZ,,0,-0.0,False,,,
2004-01-09,300750.SZ,,0,-0.0,False,,,
2004-01-12,300750.SZ,,0,-0.0,False,,,
2004-01-13,300750.SZ,,0,-0.0,False,,,
2004-01-14,300750.SZ,,0,-0.0,False,,,
2004-01-15,300750.SZ,,0,-0.0,False,,,
2004-01-16,300750.SZ,,0,-0.0,False,,,
2004-01-29,300750.SZ,,0,-0.0,False,,,
2004-01-30,300750.SZ,,0,-0.0,False,,,
2004-02-02,300750.SZ,,0,-0.0,False,,,
2004-02-03,300750.SZ,,0,-0.0,False,,,
2004-02-04,300750.SZ,,0,-0.0,False,,,
2004-02-05,300750.SZ,,0,-0.0,False,,,
2004-02-06,300750.SZ,,0,-0.0,False,,,
2004-02-09,300750.SZ,,0,-0.0,False,,,
2004-02-10,300750.SZ,,0,-0.0,False,,,
2004-02-11,300750.SZ,,0,-0.0,False,,,
2004-02-12,300750.SZ,,0,-0.0,False,,,
2004-02-13,300750.SZ,,0,-0.0,False,,,
2004-02-16,300750.SZ,,0,-0.0,False,,,
2004-02-17,300750.SZ,,0,-0.0,False,,,
2004-02-18,300750.SZ,,0,-0.0,False,,,
2004-02-19,300750.SZ,,0,-0.0,False,,,
2004-02-20,300750.SZ,,0,-0.0,False,,,
2004-02-23,300750.SZ,,0,-0.0,False,,,
2004-02-24,300750.SZ,,0,-0.0,False,,,
2004-02-25,300750.SZ,,0,-0.0,False,,,
2004-02-26,300750.SZ,,0,-0.0,False,,,
2004-02-27,300750.SZ,,0,-0.0,False,,,
2004-03-01,300750.SZ,,0,-0.0,False,,,
2004-03-02,300750.SZ,,0,-0.0,False,,,
2004-03-03,300750.SZ,,0,-0.0,False,,,
2004-03-04,300750.SZ,,0,-0.0,False,,,
2004-03-05,300750.SZ,,0,-0.0,False,,,
2004-03-08,300750.SZ,,0,-0.0,False,,,
2004-03-09,300750.SZ,,0,-0.0,False,,,
2004-03-10,300750.SZ,,0,-0.0,False,,,
2004-03-11,300750.SZ,,0,-0.0,False,,,
2004-03-12,300750.SZ,,0,-0.0,False,,,
2004-03-15,300750.SZ,,0,-0.0,False,,,
2004-03-16,300750.SZ,,0,-0.0,False,,,
2004-03-17,300750.SZ,,0,-0.0,False,,,
2004-03-18,300750.SZ,,0,-0.0,False,,,
2004-03-19,300750.SZ,,0,-0.0,False,,,
2004-03-22,300750.SZ,,0,-0.0,False,,,
2004-03-23,300750.SZ,,0,-0.0,False,,,
2004-03-24,300750.SZ,,0,-0.0,False,,,
2004-03-25,300750.SZ,,0,-0.0,False,,,
2004-03-26,300750.SZ,,0,-0.0,False,,,
2004-03-29,300750.SZ,,0,-0.0,False,,,
2004-03-30,300750.SZ,,0,-0.0,False,,,
2004-03-31,300750.SZ,,0,-0.0,False,,,
2004-04-01,300750.SZ,,0,-0.0,False,,,
2004-04-02,300750.SZ,,0,-0.0,False,,,
2004-04-05,300750.SZ,,0,-0.0,False,,,
2004-04-06,300750.SZ,,0,-0.0,False,,,
2004-04-07,300750.SZ,,0,-0.0,False,,,
2004-04-08,300750.SZ,,0,-0.0,False,,,
2004-04-09,300750.SZ,,0,-0.0,False,,,
2004-04-12,300750.SZ,,0,-0.0,False,,,
2004-04-13,300750.SZ,,0,-0.0,False,,,
2004-04-14,300750.SZ,,0,-0.0,False,,,
2004-04-15,300750.SZ,,0,-0.0,False,,,
2004-04-16,300750.SZ,,0,-0.0,False,,,
2004-04-19,300750.SZ,,0,-0.0,False,,,
2004-04-20,300750.SZ,,0,-0.0,False,,,
2004-04-21,300750.SZ,,0,-0.0,False,,,
2004-04-22,300750.SZ,,0,-0.0,False,,,
2004-04-23,300750.SZ,,0,-0.0,False,,,
2004-04-26,300750.SZ,,0,-0.0,False,,,
2004-04-27,300750.SZ,,0,-0.0,False,,,
2004-04-28,300750.SZ,,0,-0.0,False,,,
2004-04-29,300750.SZ,,0,-0.0,False,,,
2004-04-30,300750.SZ,,0,-0.0,False,,,
2004-05-10,300750.SZ,,0,-0.0,False,,,
2004-05-11,300750.SZ,,0,-0.0,False,,,
2004-05-12,300750.SZ,,0,-0.0,False,,,
2004-05-13,300750.SZ,,0,-0.0,False,,,
2004-05-14,300750.SZ,,0,-0.0,False,,,
2004-05-17,300750.SZ,,0,-0.0,False,,,
2004-05-18,300750.SZ,,0,-0.0,False,,,
2004-05-19,300750.SZ,,0,-0.0,False,,,
2004-05-20,300750.SZ,,0,-0.0,False,,,
2004-05-21,300750.SZ,,0,-0.0,False,,,
2004-05-24,300750.SZ,,0,-0.0,False,,,
2004-05-25,300750.SZ,,0,-0.0,False,,,
2004-05-26,300750.SZ,,0,-0.0,False,,,
2004-05-27,300750.SZ,,0,-0.0,False,,,
2004-05-28,300750.SZ,,0,-0.0,False,,,
2004-05-31,300750.SZ,,0,-0.0,False,,,
2004-06-01,300750.SZ,,0,-0.0,False,,,
2004-06-02,300750.SZ,,0,-0.0,False,,,
2004-06-03,300750.SZ,,0,-0.0,False,,,
2004-06-04,300750.SZ,,0,-0.0,False,,,
2004-06-07,300750.SZ,,0,-0.0,False,,,
2004-06-08,300750.SZ,,0,-0.0,False,,,
2004-06-09,300750.SZ,,0,-0.0,False,,,
2004-06-10,300750.SZ,,0,-0.0,False,,,
2004-06-11,300750.SZ,,0,-0.0,False,,,
2004-06-14,300750.SZ,,0,-0.0,False,,,
2004-06-15,300750.SZ,,0,-0.0,False,,,
2004-06-16,300750.SZ,,0,-0.0,False,,,
2004-06-17,300750.SZ,,0,-0.0,False,,,
2004-06-18,300750.SZ,,0,-0.0,False,,,
2004-06-21,300750.SZ,,0,-0.0,False,,,
2004-06-22,300750.SZ,,0,-0.0,False,,,
2004-06-23,300750.SZ,,0,-0.0,False,,,
2004-06-24,300750.SZ,,0,-0.0,False,,,
2004-06-25,300750.SZ,,0,-0.0,False,,,
2004-06-28,300750.SZ,,0,-0.0,False,,,
2004-06-29,300750.SZ,,0,-0.0,False,,,
2004-06-30,300750.SZ,,0,-0.0,False,,,
2004-07-01,300750.SZ,,0,-0.0,False,,,
2004-07-02,300750.SZ,,0,-0.0,False,,,
2004-07-05,300750.SZ,,0,-0.0,False,,,
2004-07-06,300750.SZ,,0,-0.0,False,,,
2004-07-07,300750.SZ,,0,-0.0,False,,,
2004-07-08,300750.SZ,,0,-0.0,False,,,
2004-07-09,300750.SZ,,0,-0.0,False,,,
2004-07-12,300750.SZ,,0,-0.0,False,,,
2004-07-13,300750.SZ,,0,-0.0,False,,,
2004-07-14,300750.SZ,,0,-0.0,False,,,
2004-07-15,300750.SZ,,0,-0.0,False,,,
2004-07-16,300750.SZ,,0,-0.0,False,,,
2004-07-19,300750.SZ,,0,-0.0,False,,,
2004-07-20,300750.SZ,,0,-0.0,False,,,
2004-07-21,300750.SZ,,0,-0.0,False,,,
2004-07-22,300750.SZ,,0,-0.0,False,,,
2004-07-23,300750.SZ,,0,-0.0,False,,,
2004-07-26,300750.SZ,,0,-0.0,False,,,
2004-07-27,300750.SZ,,0,-0.0,False,,,
2004-07-28,300750.SZ,,0,-0.0,False,,,
2004-07-29,300750.SZ,,0,-0.0,False,,,
2004-07-30,300750.SZ,,0,-0.0,False,,,
2004-08-02,300750.SZ,,0,-0.0,False,,,
2004-08-03,300750.SZ,,0,-0.0,False,,,
2004-08-04,300750.SZ,,0,-0.0,False,,,
2004-08-05,300750.SZ,,0,-0.0,False,,,
2004-08-06,300750.SZ,,0,-0.0,False,,,
2004-08-09,300750.SZ,,0,-0.0,False,,,
2004-08-10,300750.SZ,,0,-0.0,False,,,
2004-08-11,300750.SZ,,0,-0.0,False,,,
2004-08-12,300750.SZ,,0,-0.0,False,,,
2004-08-13,300750.SZ,,0,-0.0,False,,,
2004-08-16,300750.SZ,,0,-0.0,False,,,
2004-08-17,300750.SZ,,0,-0.0,False,,,
2004-08-18,300750.SZ,,0,-0.0,False,,,
2004-08-19,300750.SZ,,0,-0.0,False,,,
2004-08-20,300750.SZ,,0,-0.0,False,,,
2004-08-23,300750.SZ,,0,-0.0,False,,,
2004-08-24,300750.SZ,,0,-0.0,False,,,
2004-08-25,300750.SZ,,0,-0.0,False,,,
2004-08-26,300750.SZ,,0,-0.0,False,,,
2004-08-27,300750.SZ,,0,-0.0,False,,,
2004-08-30,300750.SZ,,0,-0.0,False,,,
2004-08-31,300750.SZ,,0,-0.0,False,,,
2004-09-01,300750.SZ,,0,-0.0,False,,,
2004-09-02,300750.SZ,,0,-0.0,False,,,
2004-09-03,300750.SZ,,0,-0.0,False,,,
2004-09-06,300750.SZ,,0,-0.0,False,,,
2004-09-07,300750.SZ,,0,-0.0,False,,,
2004-09-08,300750.SZ,,0,-0.0,False,,,
2004-09-09,300750.SZ,,0,-0.0,False,,,
2004-09-10,300750.SZ,,0,-0.0,False,,,
2004-09-13,300750.SZ,,0,-0.0,False,,,
2004-09-14,300750.SZ,,0,-0.0,False,,,
2004-09-15,300750.SZ,,0,-0.0,False,,,
2004-09-16,300750.SZ,,0,-0.0,False,,,
2004-09-17,300750.SZ,,0,-0.0,False,,,
2004-09-20,300750.SZ,,0,-0.0,False,,,
2004-09-21,300750.SZ,,0,-0.0,False,,,
2004-09-22,300750.SZ,,0,-0.0,False,,,
2004-09-23,300750.SZ,,0,-0.0,False,,,
2004-09-24,300750.SZ,,0,-0.0,False,,,
2004-09-27,300750.SZ,,0,-0.0,False,,,
2004-09-28,300750.SZ,,0,-0.0,False,,,
2004-09-29,300750.SZ,,0,-0.0,False,,,
2004-09-30,300750.SZ,,0,-0.0,False,,,
2004-10-08,300750.SZ,,0,-0.0,False,,,
2004-10-11,300750.SZ,,0,-0.0,False,,,
2004-10-12,300750.SZ,,0,-0.0,False,,,
2004-10-13,300750.SZ,,0,-0.0,False,,,
2004-10-14,300750.SZ,,0,-0.0,False,,,
2004-10-15,300750.SZ,,0,-0.0,False,,,
2004-10-18,300750.SZ,,0,-0.0,False,,,
2004-10-19,300750.SZ,,0,-0.0,False,,,
2004-10-20,300750.SZ,,0,-0.0,False,,,
2004-10-21,300750.SZ,,0,-0.0,False,,,
2004-10-22,300750.SZ,,0,-0.0,False,,,
2004-10-25,300750.SZ,,0,-0.0,False,,,
2004-10-26,300750.SZ,,0,-0.0,False,,,
2004-10-27,300750.SZ,,0,-0.0,False,,,
2004-10-28,300750.SZ,,0,-0.0,False,,,
2004-10-29,300750.SZ,,0,-0.0,False,,,
2004-11-01,300750.SZ,,0,-0.0,False,,,
2004-11-02,300750.SZ,,0,-0.0,False,,,
2004-11-03,300750.SZ,,0,-0.0,False,,,
2004-11-04,300750.SZ,,0,-0.0,False,,,
2004-11-05,300750.SZ,,0,-0.0,False,,,
2004-11-08,300750.SZ,,0,-0.0,False,,,
2004-11-09,300750.SZ,,0,-0.0,False,,,
2004-11-10,300750.SZ,,0,-0.0,False,,,
2004-11-11,300750.SZ,,0,-0.0,False,,,
2004-11-12,300750.SZ,,0,-0.0,False,,,
2004-11-15,300750.SZ,,0,-0.0,False,,,
2004-11-16,300750.SZ,,0,-0.0,False,,,
2004-11-17,300750.SZ,,0,-0.0,False,,,
2004-11-18,300750.SZ,,0,-0.0,False,,,
2004-11-19,300750.SZ,,0,-0.0,False,,,
2004-11-22,300750.SZ,,0,-0.0,False,,,
2004-11-23,300750.SZ,,0,-0.0,False,,,
2004-11-24,300750.SZ,,0,-0.0,False,,,
2004-11-25,300750.SZ,,0,-0.0,False,,,
2004-11-26,300750.SZ,,0,-0.0,False,,,
2004-11-29,300750.SZ,,0,-0.0,False,,,
2004-11-30,300750.SZ,,0,-0.0,False,,,
2004-12-01,300750.SZ,,0,-0.0,False,,,
2004-12-02,300750.SZ,,0,-0.0,False,,,
2004-12-03,300750.SZ,,0,-0.0,False,,,
2004-12-06,300750.SZ,,0,-0.0,False,,,
2004-12-07,300750.SZ,,0,-0.0,False,,,
2004-12-08,300750.SZ,,0,-0.0,False,,,
2004-12-09,300750.SZ,,0,-0.0,False,,,
2004-12-10,300750.SZ,,0,-0.0,False,,,
2004-12-13,300750.SZ,,0,-0.0,False,,,
2004-12-14,300750.SZ,,0,-0.0,False,,,
2004-12-15,300750.SZ,,0,-0.0,False,,,
2004-12-16,300750.SZ,,0,-0.0,False,,,
2004-12-17,300750.SZ,,0,-0.0,False,,,
2004-12-20,300750.SZ,,0,-0.0,False,,,
2004-12-21,300750.SZ,,0,-0.0,False,,,
2004-12-22,300750.SZ,,0,-0.0,False,,,
2004-12-23,300750.SZ,,0,-0.0,False,,,
2004-12-24,300750.SZ,,0,-0.0,False,,,
2004-12-27,300750.SZ,,0,-0.0,False,,,
2004-12-28,300750.SZ,,0,-0.0,False,,,
2004-12-29,300750.SZ,,0,-0.0,False,,,
2004-12-30,300750.SZ,,0,-0.0,False,,,
2004-12-31,300750.SZ,,0,-0.0,False,,,
2005-01-04,300750.SZ,,0,-0.0,False,,,
2005-01-05,300750.SZ,,0,-0.0,False,,,
2005-01-06,300750.SZ,,0,-0.0,False,,,
2005-01-07,300750.SZ,,0,-0.0,False,,,
2005-01-10,300750.SZ,,0,-0.0,False,,,
2005-01-11,300750.SZ,,0,-0.0,False,,,
2005-01-12,300750.SZ,,0,-0.0,False,,,
2005-01-13,300750.SZ,,0,-0.0,False,,,
2005-01-14,300750.SZ,,0,-0.0,False,,,
2005-01-17,300750.SZ,,0,-0.0,False,,,
2005-01-18,300750.SZ,,0,-0.0,False,,,
2005-01-19,300750.SZ,,0,-0.0,False,,,
2005-01-20,300750.SZ,,0,-0.0,False,,,
2005-01-21,300750.SZ,,0,-0.0,False,,,
2005-01-24,300750.SZ,,0,-0.0,False,,,
2005-01-25,300750.SZ,,0,-0.0,False,,,
2005-01-26,300750.SZ,,0,-0.0,False,,,
2005-01-27,300750.SZ,,0,-0.0,False,,,
2005-01-28,300750.SZ,,0,-0.0,False,,,
2005-01-31,300750.SZ,,0,-0.0,False,,,
2005-02-01,300750.SZ,,0,-0.0,False,,,
2005-02-02,300750.SZ,,0,-0.0,False,,,
2005-02-03,300750.SZ,,0,-0.0,False,,,
2005-02-04,300750.SZ,,0,-0.0,False,,,
2005-02-16,300750.SZ,,0,-0.0,False,,,
2005-02-17,300750.SZ,,0,-0.0,False,,,
2005-02-18,300750.SZ,,0,-0.0,False,,,
2005-02-21,300750.SZ,,0,-0.0,False,,,
2005-02-22,300750.SZ,,0,-0.0,False,,,
2005-02-23,300750.SZ,,0,-0.0,False,,,
2005-02-24,300750.SZ,,0,-0.0,False,,,
2005-02-25,300750.SZ,,0,-0.0,False,,,
2005-02-28,300750.SZ,,0,-0.0,False,,,
2005-03-01,300750.SZ,,0,-0.0,False,,,
2005-03-02,300750.SZ,,0,-0.0,False,,,
2005-03-03,300750.SZ,,0,-0.0,False,,,
2005-03-04,300750.SZ,,0,-0.0,False,,,
2005-03-07,300750.SZ,,0,-0.0,False,,,
2005-03-08,300750.SZ,,0,-0.0,False,,,
2005-03-09,300750.SZ,,0,-0.0,False,,,
2005-03-10,300750.SZ,,0,-0.0,False,,,
2005-03-11,300750.SZ,,0,-0.0,False,,,
2005-03-14,300750.SZ,,0,-0.0,False,,,
2005-03-15,300750.SZ,,0,-0.0,False,,,
2005-03-16,300750.SZ,,0,-0.0,False,,,
2005-03-17,300750.SZ,,0,-0.0,False,,,
2005-03-18,300750.SZ,,0,-0.0,False,,,
2005-03-21,300750.SZ,,0,-0.0,False,,,
2005-03-22,300750.SZ,,0,-0.0,False,,,
2005-03-23,300750.SZ,,0,-0.0,False,,,
2005-03-24,300750.SZ,,0,-0.0,False,,,
2005-03-25,300750.SZ,,0,-0.0,False,,,
2005-03-28,300750.SZ,,0,-0.0,False,,,
2005-03-29,300750.SZ,,0,-0.0,False,,,
2005-03-30,300750.SZ,,0,-0.0,False,,,
2005-03-31,300750.SZ,,0,-0.0,False,,,
2005-04-01,300750.SZ,,0,-0.0,False,,,
2005-04-04,300750.SZ,,0,-0.0,False,,,
2005-04-05,300750.SZ,,0,-0.0,False,,,
2005-04-06,300750.SZ,,0,-0.0,False,,,
2005-04-07,300750.SZ,,0,-0.0,False,,,
2005-04-08,300750.SZ,,0,-0.0,False,,,
2005-04-11,300750.SZ,,0,-0.0,False,,,
2005-04-12,300750.SZ,,0,-0.0,False,,,
2005-04-13,300750.SZ,,0,-0.0,False,,,
2005-04-14,300750.SZ,,0,-0.0,False,,,
2005-04-15,300750.SZ,,0,-0.0,False,,,
2005-04-18,300750.SZ,,0,-0.0,False,,,
2005-04-19,300750.SZ,,0,-0.0,False,,,
2005-04-20,300750.SZ,,0,-0.0,False,,,
2005-04-21,300750.SZ,,0,-0.0,False,,,
2005-04-22,300750.SZ,,0,-0.0,False,,,
2005-04-25,300750.SZ,,0,-0.0,False,,,
2005-04-26,300750.SZ,,0,-0.0,False,,,
2005-04-27,300750.SZ,,0,-0.0,False,,,
2005-04-28,300750.SZ,,0,-0.0,False,,,
2005-04-29,300750.SZ,,0,-0.0,False,,,
2005-05-09,300750.SZ,,0,-0.0,False,,,
2005-05-10,300750.SZ,,0,-0.0,False,,,
2005-05-11,300750.SZ,,0,-0.0,False,,,
2005-05-12,300750.SZ,,0,-0.0,False,,,
2005-05-13,300750.SZ,,0,-0.0,False,,,
2005-05-16,300750.SZ,,0,-0.0,False,,,
2005-05-17,300750.SZ,,0,-0.0,False,,,
2005-05-18,300750.SZ,,0,-0.0,False,,,
2005-05-19,300750.SZ,,0,-0.0,False,,,
2005-05-20,300750.SZ,,0,-0.0,False,,,
2005-05-23,300750.SZ,,0,-0.0,False,,,
2005-05-24,300750.SZ,,0,-0.0,False,,,
2005-05-25,300750.SZ,,0,-0.0,False,,,
2005-05-26,300750.SZ,,0,-0.0,False,,,
2005-05-27,300750.SZ,,0,-0.0,False,,,
2005-05-30,300750.SZ,,0,-0.0,False,,,
2005-05-31,300750.SZ,,0,-0.0,False,,,
2005-06-01,300750.SZ,,0,-0.0,False,,,
2005-06-02,300750.SZ,,0,-0.0,False,,,
2005-06-03,300750.SZ,,0,-0.0,False,,,
2005-06-06,300750.SZ,,0,-0.0,False,,,
2005-06-07,300750.SZ,,0,-0.0,False,,,
2005-06-08,300750.SZ,,0,-0.0,False,,,
2005-06-09,300750.SZ,,0,-0.0,False,,,
2005-06-10,300750.SZ,,0,-0.0,False,,,
2005-06-13,300750.SZ,,0,-0.0,False,,,
2005-06-14,300750.SZ,,0,-0.0,False,,,
2005-06-15,300750.SZ,,0,-0.0,False,,,
2005-06-16,300750.SZ,,0,-0.0,False,,,
2005-06-17,300750.SZ,,0,-0.0,False,,,
2005-06-20,300750.SZ,,0,-0.0,False,,,
2005-06-21,300750.SZ,,0,-0.0,False,,,
2005-06-22,300750.SZ,,0,-0.0,False,,,
2005-06-23,300750.SZ,,0,-0.0,False,,,
2005-06-24,300750.SZ,,0,-0.0,False,,,
2005-06-27,300750.SZ,,0,-0.0,False,,,
2005-06-28,300750.SZ,,0,-0.0,False,,,
2005-06-29,300750.SZ,,0,-0.0,False,,,
2005-06-30,300750.SZ,,0,-0.0,False,,,
2005-07-01,300750.SZ,,0,-0.0,False,,,
2005-07-04,300750.SZ,,0,-0.0,False,,,
2005-07-05,300750.SZ,,0,-0.0,False,,,
2005-07-06,300750.SZ,,0,-0.0,False,,,
2005-07-07,300750.SZ,,0,-0.0,False,,,
2005-07-08,300750.SZ,,0,-0.0,False,,,
2005-07-11,300750.SZ,,0,-0.0,False,,,
2005-07-12,300750.SZ,,0,-0.0,False,,,
2005-07-13,300750.SZ,,0,-0.0,False,,,
2005-07-14,300750.SZ,,0,-0.0,False,,,
2005-07-15,300750.SZ,,0,-0.0,False,,,
2005-07-18,300750.SZ,,0,-0.0,False,,,
2005-07-19,300750.SZ,,0,-0.0,False,,,
2005-07-20,300750.SZ,,0,-0.0,False,,,
2005-07-21,300750.SZ,,0,-0.0,False,,,
2005-07-22,300750.SZ,,0,-0.0,False,,,
2005-07-25,300750.SZ,,0,-0.0,False,,,
2005-07-26,300750.SZ,,0,-0.0,False,,,
2005-07-27,300750.SZ,,0,-0.0,False,,,
2005-07-28,300750.SZ,,0,-0.0,False,,,
2005-07-29,300750.SZ,,0,-0.0,False,,,
2005-08-01,300750.SZ,,0,-0.0,False,,,
2005-08-02,300750.SZ,,0,-0.0,False,,,
2005-08-03,300750.SZ,,0,-0.0,False,,,
2005-08-04,300750.SZ,,0,-0.0,False,,,
2005-08-05,300750.SZ,,0,-0.0,False,,,
2005-08-08,300750.SZ,,0,-0.0,False,,,
2005-08-09,300750.SZ,,0,-0.0,False,,,
2005-08-10,300750.SZ,,0,-0.0,False,,,
2005-08-11,300750.SZ,,0,-0.0,False,,,
2005-08-12,300750.SZ,,0,-0.0,False,,,
2005-08-15,300750.SZ,,0,-0.0,False,,,
2005-08-16,300750.SZ,,0,-0.0,False,,,
2005-08-17,300750.SZ,,0,-0.0,False,,,
2005-08-18,300750.SZ,,0,-0.0,False,,,
2005-08-19,300750.SZ,,0,-0.0,False,,,
2005-08-22,300750.SZ,,0,-0.0,False,,,
2005-08-23,300750.SZ,,0,-0.0,False,,,
2005-08-24,300750.SZ,,0,-0.0,False,,,
2005-08-25,300750.SZ,,0,-0.0,False,,,
2005-08-26,300750.SZ,,0,-0.0,False,,,
2005-08-29,300750.SZ,,0,-0.0,False,,,
2005-08-30,300750.SZ,,0,-0.0,False,,,
2005-08-31,300750.SZ,,0,-0.0,False,,,
2005-09-01,300750.SZ,,0,-0.0,False,,,
2005-09-02,300750.SZ,,0,-0.0,False,,,
2005-09-05,300750.SZ,,0,-0.0,False,,,
2005-09-06,300750.SZ,,0,-0.0,False,,,
2005-09-07,300750.SZ,,0,-0.0,False,,,
2005-09-08,300750.SZ,,0,-0.0,False,,,
2005-09-09,300750.SZ,,0,-0.0,False,,,
2005-09-12,300750.SZ,,0,-0.0,False,,,
2005-09-13,300750.SZ,,0,-0.0,False,,,
2005-09-14,300750.SZ,,0,-0.0,False,,,
2005-09-15,300750.SZ,,0,-0.0,False,,,
2005-09-16,300750.SZ,,0,-0.0,False,,,
2005-09-19,300750.SZ,,0,-0.0,False,,,
2005-09-20,300750.SZ,,0,-0.0,False,,,
2005-09-21,300750.SZ,,0,-0.0,False,,,
2005-09-22,300750.SZ,,0,-0.0,False,,,
2005-09-23,300750.SZ,,0,-0.0,False,,,
2005-09-26,300750.SZ,,0,-0.0,False,,,
2005-09-27,300750.SZ,,0,-0.0,False,,,
2005-09-28,300750.SZ,,0,-0.0,False,,,
2005-09-29,300750.SZ,,0,-0.0,False,,,
2005-09-30,300750.SZ,,0,-0.0,False,,,
2005-10-10,300750.SZ,,0,-0.0,False,,,
2005-10-11,300750.SZ,,0,-0.0,False,,,
2005-10-12,300750.SZ,,0,-0.0,False,,,
2005-10-13,300750.SZ,,0,-0.0,False,,,
2005-10-14,300750.SZ,,0,-0.0,False,,,
2005-10-17,300750.SZ,,0,-0.0,False,,,
2005-10-18,300750.SZ,,0,-0.0,False,,,
2005-10-19,300750.SZ,,0,-0.0,False,,,
2005-10-20,300750.SZ,,0,-0.0,False,,,
2005-10-21,300750.SZ,,0,-0.0,False,,,
2005-10-24,300750.SZ,,0,-0.0,False,,,
2005-10-25,300750.SZ,,0,-0.0,False,,,
2005-10-26,300750.SZ,,0,-0.0,False,,,
2005-10-27,300750.SZ,,0,-0.0,False,,,
2005-10-28,300750.SZ,,0,-0.0,False,,,
2005-10-31,300750.SZ,,0,-0.0,False,,,
2005-11-01,300750.SZ,,0,-0.0,False,,,
2005-11-02,300750.SZ,,0,-0.0,False,,,
2005-11-03,300750.SZ,,0,-0.0,False,,,
2005-11-04,300750.SZ,,0,-0.0,False,,,
2005-11-07,300750.SZ,,0,-0.0,False,,,
2005-11-08,300750.SZ,,0,-0.0,False,,,
2005-11-09,300750.SZ,,0,-0.0,False,,,
2005-11-10,300750.SZ,,0,-0.0,False,,,
2005-11-11,300750.SZ,,0,-0.0,False,,,
2005-11-14,300750.SZ,,0,-0.0,False,,,
2005-11-15,300750.SZ,,0,-0.0,False,,,
2005-11-16,300750.SZ,,0,-0.0,False,,,
2005-11-17,300750.SZ,,0,-0.0,False,,,
2005-11-18,300750.SZ,,0,-0.0,False,,,
2005-11-21,300750.SZ,,0,-0.0,False,,,
2005-11-22,300750.SZ,,0,-0.0,False,,,
2005-11-23,300750.SZ,,0,-0.0,False,,,
2005-11-24,300750.SZ,,0,-0.0,False,,,
2005-11-25,300750.SZ,,0,-0.0,False,,,
2005-11-28,300750.SZ,,0,-0.0,False,,,
2005-11-29,300750.SZ,,0,-0.0,False,,,
2005-11-30,300750.SZ,,0,-0.0,False,,,
2005-12-01,300750.SZ,,0,-0.0,False,,,
2005-12-02,300750.SZ,,0,-0.0,False,,,
2005-12-05,300750.SZ,,0,-0.0,False,,,
2005-12-06,300750.SZ,,0,-0.0,False,,,
2005-12-07,300750.SZ,,0,-0.0,False,,,
2005-12-08,300750.SZ,,0,-0.0,False,,,
2005-12-09,300750.SZ,,0,-0.0,False,,,
2005-12-12,300750.SZ,,0,-0.0,False,,,
2005-12-13,300750.SZ,,0,-0.0,False,,,
2005-12-14,300750.SZ,,0,-0.0,False,,,
2005-12-15,300750.SZ,,0,-0.0,False,,,
2005-12-16,300750.SZ,,0,-0.0,False,,,
2005-12-19,300750.SZ,,0,-0.0,False,,,
2005-12-20,300750.SZ,,0,-0.0,False,,,
2005-12-21,300750.SZ,,0,-0.0,False,,,
2005-12-22,300750.SZ,,0,-0.0,False,,,
2005-12-23,300750.SZ,,0,-0.0,False,,,
2005-12-26,300750.SZ,,0,-0.0,False,,,
2005-12-27,300750.SZ,,0,-0.0,False,,,
2005-12-28,300750.SZ,,0,-0.0,False,,,
2005-12-29,300750.SZ,,0,-0.0,False,,,
2005-12-30,300750.SZ,,0,-0.0,False,,,
2006-01-04,300750.SZ,,0,-0.0,False,,,
2006-01-05,300750.SZ,,0,-0.0,False,,,
2006-01-06,300750.SZ,,0,-0.0,False,,,
2006-01-09,300750.SZ,,0,-0.0,False,,,
2006-01-10,300750.SZ,,0,-0.0,False,,,
2006-01-11,300750.SZ,,0,-0.0,False,,,
2006-01-12,300750.SZ,,0,-0.0,False,,,
2006-01-13,300750.SZ,,0,-0.0,False,,,
2006-01-16,300750.SZ,,0,-0.0,False,,,
2006-01-17,300750.SZ,,0,-0.0,False,,,
2006-01-18,300750.SZ,,0,-0.0,False,,,
2006-01-19,300750.SZ,,0,-0.0,False,,,
2006-01-20,300750.SZ,,0,-0.0,False,,,
2006-01-23,300750.SZ,,0,-0.0,False,,,
2006-01-24,300750.SZ,,0,-0.0,False,,,
2006-01-25,300750.SZ,,0,-0.0,False,,,
2006-02-06,300750.SZ,,0,-0.0,False,,,
2006-02-07,300750.SZ,,0,-0.0,False,,,
2006-02-08,300750.SZ,,0,-0.0,False,,,
2006-02-09,300750.SZ,,0,-0.0,False,,,
2006-02-10,300750.SZ,,0,-0.0,False,,,
2006-02-13,300750.SZ,,0,-0.0,False,,,
2006-02-14,300750.SZ,,0,-0.0,False,,,
2006-02-15,300750.SZ,,0,-0.0,False,,,
2006-02-16,300750.SZ,,0,-0.0,False,,,
2006-02-17,300750.SZ,,0,-0.0,False,,,
2006-02-20,300750.SZ,,0,-0.0,False,,,
2006-02-21,300750.SZ,,0,-0.0,False,,,
2006-02-22,300750.SZ,,0,-0.0,False,,,
2006-02-23,300750.SZ,,0,-0.0,False,,,
2006-02-24,300750.SZ,,0,-0.0,False,,,
2006-02-27,300750.SZ,,0,-0.0,False,,,
2006-02-28,300750.SZ,,0,-0.0,False,,,
2006-03-01,300750.SZ,,0,-0.0,False,,,
2006-03-02,300750.SZ,,0,-0.0,False,,,
2006-03-03,300750.SZ,,0,-0.0,False,,,
2006-03-06,300750.SZ,,0,-0.0,False,,,
2006-03-07,300750.SZ,,0,-0.0,False,,,
2006-03-08,300750.SZ,,0,-0.0,False,,,
2006-03-09,300750.SZ,,0,-0.0,False,,,
2006-03-10,300750.SZ,,0,-0.0,False,,,
2006-03-13,300750.SZ,,0,-0.0,False,,,
2006-03-14,300750.SZ,,0,-0.0,False,,,
2006-03-15,300750.SZ,,0,-0.0,False,,,
2006-03-16,300750.SZ,,0,-0.0,False,,,
2006-03-17,300750.SZ,,0,-0.0,False,,,
2006-03-20,300750.SZ,,0,-0.0,False,,,
2006-03-21,300750.SZ,,0,-0.0,False,,,
2006-03-22,300750.SZ,,0,-0.0,False,,,
2006-03-23,300750.SZ,,0,-0.0,False,,,
2006-03-24,300750.SZ,,0,-0.0,False,,,
2006-03-27,300750.SZ,,0,-0.0,False,,,
2006-03-28,300750.SZ,,0,-0.0,False,,,
2006-03-29,300750.SZ,,0,-0.0,False,,,
2006-03-30,300750.SZ,,0,-0.0,False,,,
2006-03-31,300750.SZ,,0,-0.0,False,,,
2006-04-03,300750.SZ,,0,-0.0,False,,,
2006-04-04,300750.SZ,,0,-0.0,False,,,
2006-04-05,300750.SZ,,0,-0.0,False,,,
2006-04-06,300750.SZ,,0,-0.0,False,,,
2006-04-07,300750.SZ,,0,-0.0,False,,,
2006-04-10,300750.SZ,,0,-0.0,False,,,
2006-04-11,300750.SZ,,0,-0.0,False,,,
2006-04-12,300750.SZ,,0,-0.0,False,,,
2006-04-13,300750.SZ,,0,-0.0,False,,,
2006-04-14,300750.SZ,,0,-0.0,False,,,
2006-04-17,300750.SZ,,0,-0.0,False,,,
2006-04-18,300750.SZ,,0,-0.0,False,,,
2006-04-19,300750.SZ,,0,-0.0,False,,,
2006-04-20,300750.SZ,,0,-0.0,False,,,
2006-04-21,300750.SZ,,0,-0.0,False,,,
2006-04-24,300750.SZ,,0,-0.0,False,,,
2006-04-25,300750.SZ,,0,-0.0,False,,,
2006-04-26,300750.SZ,,0,-0.0,False,,,
2006-04-27,300750.SZ,,0,-0.0,False,,,
2006-04-28,300750.SZ,,0,-0.0,False,,,
2006-05-08,300750.SZ,,0,-0.0,False,,,
2006-05-09,300750.SZ,,0,-0.0,False,,,
2006-05-10,300750.SZ,,0,-0.0,False,,,
2006-05-11,300750.SZ,,0,-0.0,False,,,
2006-05-12,300750.SZ,,0,-0.0,False,,,
2006-05-15,300750.SZ,,0,-0.0,False,,,
2006-05-16,300750.SZ,,0,-0.0,False,,,
2006-05-17,300750.SZ,,0,-0.0,False,,,
2006-05-18,300750.SZ,,0,-0.0,False,,,
2006-05-19,300750.SZ,,0,-0.0,False,,,
2006-05-22,300750.SZ,,0,-0.0,False,,,
2006-05-23,300750.SZ,,0,-0.0,False,,,
2006-05-24,300750.SZ,,0,-0.0,False,,,
2006-05-25,300750.SZ,,0,-0.0,False,,,
2006-05-26,300750.SZ,,0,-0.0,False,,,
2006-05-29,300750.SZ,,0,-0.0,False,,,
2006-05-30,300750.SZ,,0,-0.0,False,,,
2006-05-31,300750.SZ,,0,-0.0,False,,,
2006-06-01,300750.SZ,,0,-0.0,False,,,
2006-06-02,300750.SZ,,0,-0.0,False,,,
2006-06-05,300750.SZ,,0,-0.0,False,,,
2006-06-06,300750.SZ,,0,-0.0,False,,,
2006-06-07,300750.SZ,,0,-0.0,False,,,
2006-06-08,300750.SZ,,0,-0.0,False,,,
2006-06-09,300750.SZ,,0,-0.0,False,,,
2006-06-12,300750.SZ,,0,-0.0,False,,,
2006-06-13,300750.SZ,,0,-0.0,False,,,
2006-06-14,300750.SZ,,0,-0.0,False,,,
2006-06-15,300750.SZ,,0,-0.0,False,,,
2006-06-16,300750.SZ,,0,-0.0,False,,,
2006-06-19,300750.SZ,,0,-0.0,False,,,
2006-06-20,300750.SZ,,0,-0.0,False,,,
2006-06-21,300750.SZ,,0,-0.0,False,,,
2006-06-22,300750.SZ,,0,-0.0,False,,,
2006-06-23,300750.SZ,,0,-0.0,False,,,
2006-06-26,300750.SZ,,0,-0.0,False,,,
2006-06-27,300750.SZ,,0,-0.0,False,,,
2006-06-28,300750.SZ,,0,-0.0,False,,,
2006-06-29,300750.SZ,,0,-0.0,False,,,
2006-06-30,300750.SZ,,0,-0.0,False,,,
2006-07-03,300750.SZ,,0,-0.0,False,,,
2006-07-04,300750.SZ,,0,-0.0,False,,,
2006-07-05,300750.SZ,,0,-0.0,False,,,
2006-07-06,300750.SZ,,0,-0.0,False,,,
2006-07-07,300750.SZ,,0,-0.0,False,,,
2006-07-10,300750.SZ,,0,-0.0,False,,,
2006-07-11,300750.SZ,,0,-0.0,False,,,
2006-07-12,300750.SZ,,0,-0.0,False,,,
2006-07-13,300750.SZ,,0,-0.0,False,,,
2006-07-14,300750.SZ,,0,-0.0,False,,,
2006-07-17,300750.SZ,,0,-0.0,False,,,
2006-07-18,300750.SZ,,0,-0.0,False,,,
2006-07-19,300750.SZ,,0,-0.0,False,,,
2006-07-20,300750.SZ,,0,-0.0,False,,,
2006-07-21,300750.SZ,,0,-0.0,False,,,
2006-07-24,300750.SZ,,0,-0.0,False,,,
2006-07-25,300750.SZ,,0,-0.0,False,,,
2006-07-26,300750.SZ,,0,-0.0,False,,,
2006-07-27,300750.SZ,,0,-0.0,False,,,
2006-07-28,300750.SZ,,0,-0.0,False,,,
2006-07-31,300750.SZ,,0,-0.0,False,,,
2006-08-01,300750.SZ,,0,-0.0,False,,,
2006-08-02,300750.SZ,,0,-0.0,False,,,
2006-08-03,300750.SZ,,0,-0.0,False,,,
2006-08-04,300750.SZ,,0,-0.0,False,,,
2006-08-07,300750.SZ,,0,-0.0,False,,,
2006-08-08,300750.SZ,,0,-0.0,False,,,
2006-08-09,300750.SZ,,0,-0.0,False,,,
2006-08-10,300750.SZ,,0,-0.0,False,,,
2006-08-11,300750.SZ,,0,-0.0,False,,,
2006-08-14,300750.SZ,,0,-0.0,False,,,
2006-08-15,300750.SZ,,0,-0.0,False,,,
2006-08-16,300750.SZ,,0,-0.0,False,,,
2006-08-17,300750.SZ,,0,-0.0,False,,,
2006-08-18,300750.SZ,,0,-0.0,False,,,
2006-08-21,300750.SZ,,0,-0.0,False,,,
2006-08-22,300750.SZ,,0,-0.0,False,,,
2006-08-23,300750.SZ,,0,-0.0,False,,,
2006-08-24,300750.SZ,,0,-0.0,False,,,
2006-08-25,300750.SZ,,0,-0.0,False,,,
2006-08-28,300750.SZ,,0,-0.0,False,,,
2006-08-29,300750.SZ,,0,-0.0,False,,,
2006-08-30,300750.SZ,,0,-0.0,False,,,
2006-08-31,300750.SZ,,0,-0.0,False,,,
2006-09-01,300750.SZ,,0,-0.0,False,,,
2006-09-04,300750.SZ,,0,-0.0,False,,,
2006-09-05,300750.SZ,,0,-0.0,False,,,
2006-09-06,300750.SZ,,0,-0.0,False,,,
2006-09-07,300750.SZ,,0,-0.0,False,,,
2006-09-08,300750.SZ,,0,-0.0,False,,,
2006-09-11,300750.SZ,,0,-0.0,False,,,
2006-09-12,300750.SZ,,0,-0.0,False,,,
2006-09-13,300750.SZ,,0,-0.0,False,,,
2006-09-14,300750.SZ,,0,-0.0,False,,,
2006-09-15,300750.SZ,,0,-0.0,False,,,
2006-09-18,300750.SZ,,0,-0.0,False,,,
2006-09-19,300750.SZ,,0,-0.0,False,,,
2006-09-20,300750.SZ,,0,-0.0,False,,,
2006-09-21,300750.SZ,,0,-0.0,False,,,
2006-09-22,300750.SZ,,0,-0.0,False,,,
2006-09-25,300750.SZ,,0,-0.0,False,,,
2006-09-26,300750.SZ,,0,-0.0,False,,,
2006-09-27,300750.SZ,,0,-0.0,False,,,
2006-09-28,300750.SZ,,0,-0.0,False,,,
2006-09-29,300750.SZ,,0,-0.0,False,,,
2006-10-09,300750.SZ,,0,-0.0,False,,,
2006-10-10,300750.SZ,,0,-0.0,False,,,
2006-10-11,300750.SZ,,0,-0.0,False,,,
2006-10-12,300750.SZ,,0,-0.0,False,,,
2006-10-13,300750.SZ,,0,-0.0,False,,,
2006-10-16,300750.SZ,,0,-0.0,False,,,
2006-10-17,300750.SZ,,0,-0.0,False,,,
2006-10-18,300750.SZ,,0,-0.0,False,,,
2006-10-19,300750.SZ,,0,-0.0,False,,,
2006-10-20,300750.SZ,,0,-0.0,False,,,
2006-10-23,300750.SZ,,0,-0.0,False,,,
2006-10-24,300750.SZ,,0,-0.0,False,,,
2006-10-25,300750.SZ,,0,-0.0,False,,,
2006-10-26,300750.SZ,,0,-0.0,False,,,
2006-10-27,300750.SZ,,0,-0.0,False,,,
2006-10-30,300750.SZ,,0,-0.0,False,,,
2006-10-31,300750.SZ,,0,-0.0,False,,,
2006-11-01,300750.SZ,,0,-0.0,False,,,
2006-11-02,300750.SZ,,0,-0.0,False,,,
2006-11-03,300750.SZ,,0,-0.0,False,,,
2006-11-06,300750.SZ,,0,-0.0,False,,,
2006-11-07,300750.SZ,,0,-0.0,False,,,
2006-11-08,300750.SZ,,0,-0.0,False,,,
2006-11-09,300750.SZ,,0,-0.0,False,,,
2006-11-10,300750.SZ,,0,-0.0,False,,,
2006-11-13,300750.SZ,,0,-0.0,False,,,
2006-11-14,300750.SZ,,0,-0.0,False,,,
2006-11-15,300750.SZ,,0,-0.0,False,,,
2006-11-16,300750.SZ,,0,-0.0,False,,,
2006-11-17,300750.SZ,,0,-0.0,False,,,
2006-11-20,300750.SZ,,0,-0.0,False,,,
2006-11-21,300750.SZ,,0,-0.0,False,,,
2006-11-22,300750.SZ,,0,-0.0,False,,,
2006-11-23,300750.SZ,,0,-0.0,False,,,
2006-11-24,300750.SZ,,0,-0.0,False,,,
2006-11-27,300750.SZ,,0,-0.0,False,,,
2006-11-28,300750.SZ,,0,-0.0,False,,,
2006-11-29,300750.SZ,,0,-0.0,False,,,
2006-11-30,300750.SZ,,0,-0.0,False,,,
2006-12-01,300750.SZ,,0,-0.0,False,,,
2006-12-04,300750.SZ,,0,-0.0,False,,,
2006-12-05,300750.SZ,,0,-0.0,False,,,
2006-12-06,300750.SZ,,0,-0.0,False,,,
2006-12-07,300750.SZ,,0,-0.0,False,,,
2006-12-08,300750.SZ,,0,-0.0,False,,,
2006-12-11,300750.SZ,,0,-0.0,False,,,
2006-12-12,300750.SZ,,0,-0.0,False,,,
2006-12-13,300750.SZ,,0,-0.0,False,,,
2006-12-14,300750.SZ,,0,-0.0,False,,,
2006-12-15,300750.SZ,,0,-0.0,False,,,
2006-12-18,300750.SZ,,0,-0.0,False,,,
2006-12-19,300750.SZ,,0,-0.0,False,,,
2006-12-20,300750.SZ,,0,-0.0,False,,,
2006-12-21,300750.SZ,,0,-0.0,False,,,
2006-12-22,300750.SZ,,0,-0.0,False,,,
2006-12-25,300750.SZ,,0,-0.0,False,,,
2006-12-26,300750.SZ,,0,-0.0,False,,,
2006-12-27,300750.SZ,,0,-0.0,False,,,
2006-12-28,300750.SZ,,0,-0.0,False,,,
2006-12-29,300750.SZ,,0,-0.0,False,,,
2007-01-04,300750.SZ,,0,-0.0,False,,,
2007-01-05,300750.SZ,,0,-0.0,False,,,
2007-01-08,300750.SZ,,0,-0.0,False,,,
2007-01-09,300750.SZ,,0,-0.0,False,,,
2007-01-10,300750.SZ,,0,-0.0,False,,,
2007-01-11,300750.SZ,,0,-0.0,False,,,
2007-01-12,300750.SZ,,0,-0.0,False,,,
2007-01-15,300750.SZ,,0,-0.0,False,,,
2007-01-16,300750.SZ,,0,-0.0,False,,,
2007-01-17,300750.SZ,,0,-0.0,False,,,
2007-01-18,300750.SZ,,0,-0.0,False,,,
2007-01-19,300750.SZ,,0,-0.0,False,,,
2007-01-22,300750.SZ,,0,-0.0,False,,,
2007-01-23,300750.SZ,,0,-0.0,False,,,
2007-01-24,300750.SZ,,0,-0.0,False,,,
2007-01-25,300750.SZ,,0,-0.0,False,,,
2007-01-26,300750.SZ,,0,-0.0,False,,,
2007-01-29,300750.SZ,,0,-0.0,False,,,
2007-01-30,300750.SZ,,0,-0.0,False,,,
2007-01-31,300750.SZ,,0,-0.0,False,,,
2007-02-01,300750.SZ,,0,-0.0,False,,,
2007-02-02,300750.SZ,,0,-0.0,False,,,
2007-02-05,300750.SZ,,0,-0.0,False,,,
2007-02-06,300750.SZ,,0,-0.0,False,,,
2007-02-07,300750.SZ,,0,-0.0,False,,,
2007-02-08,300750.SZ,,0,-0.0,False,,,
2007-02-09,300750.SZ,,0,-0.0,False,,,
2007-02-12,300750.SZ,,0,-0.0,False,,,
2007-02-13,300750.SZ,,0,-0.0,False,,,
2007-02-14,300750.SZ,,0,-0.0,False,,,
2007-02-15,300750.SZ,,0,-0.0,False,,,
2007-02-16,300750.SZ,,0,-0.0,False,,,
2007-02-26,300750.SZ,,0,-0.0,False,,,
2007-02-27,300750.SZ,,0,-0.0,False,,,
2007-02-28,300750.SZ,,0,-0.0,False,,,
2007-03-01,300750.SZ,,0,-0.0,False,,,
2007-03-02,300750.SZ,,0,-0.0,False,,,
2007-03-05,300750.SZ,,0,-0.0,False,,,
2007-03-06,300750.SZ,,0,-0.0,False,,,
2007-03-07,300750.SZ,,0,-0.0,False,,,
2007-03-08,300750.SZ,,0,-0.0,False,,,
2007-03-09,300750.SZ,,0,-0.0,False,,,
2007-03-12,300750.SZ,,0,-0.0,False,,,
2007-03-13,300750.SZ,,0,-0.0,False,,,
2007-03-14,300750.SZ,,0,-0.0,False,,,
2007-03-15,300750.SZ,,0,-0.0,False,,,
2007-03-16,300750.SZ,,0,-0.0,False,,,
2007-03-19,300750.SZ,,0,-0.0,False,,,
2007-03-20,300750.SZ,,0,-0.0,False,,,
2007-03-21,300750.SZ,,0,-0.0,False,,,
2007-03-22,300750.SZ,,0,-0.0,False,,,
2007-03-23,300750.SZ,,0,-0.0,False,,,
2007-03-26,300750.SZ,,0,-0.0,False,,,
2007-03-27,300750.SZ,,0,-0.0,False,,,
2007-03-28,300750.SZ,,0,-0.0,False,,,
2007-03-29,300750.SZ,,0,-0.0,False,,,
2007-03-30,300750.SZ,,0,-0.0,False,,,
2007-04-02,300750.SZ,,0,-0.0,False,,,
2007-04-03,300750.SZ,,0,-0.0,False,,,
2007-04-04,300750.SZ,,0,-0.0,False,,,
2007-04-05,300750.SZ,,0,-0.0,False,,,
2007-04-06,300750.SZ,,0,-0.0,False,,,
2007-04-09,300750.SZ,,0,-0.0,False,,,
2007-04-10,300750.SZ,,0,-0.0,False,,,
2007-04-11,300750.SZ,,0,-0.0,False,,,
2007-04-12,300750.SZ,,0,-0.0,False,,,
2007-04-13,300750.SZ,,0,-0.0,False,,,
2007-04-16,300750.SZ,,0,-0.0,False,,,
2007-04-17,300750.SZ,,0,-0.0,False,,,
2007-04-18,300750.SZ,,0,-0.0,False,,,
2007-04-19,300750.SZ,,0,-0.0,False,,,
2007-04-20,300750.SZ,,0,-0.0,False,,,
2007-04-23,300750.SZ,,0,-0.0,False,,,
2007-04-24,300750.SZ,,0,-0.0,False,,,
2007-04-25,300750.SZ,,0,-0.0,False,,,
2007-04-26,300750.SZ,,0,-0.0,False,,,
2007-04-27,300750.SZ,,0,-0.0,False,,,
2007-04-30,300750.SZ,,0,-0.0,False,,,
2007-05-08,300750.SZ,,0,-0.0,False,,,
2007-05-09,300750.SZ,,0,-0.0,False,,,
2007-05-10,300750.SZ,,0,-0.0,False,,,
2007-05-11,300750.SZ,,0,-0.0,False,,,
2007-05-14,300750.SZ,,0,-0.0,False,,,
2007-05-15,300750.SZ,,0,-0.0,False,,,
2007-05-16,300750.SZ,,0,-0.0,False,,,
2007-05-17,300750.SZ,,0,-0.0,False,,,
2007-05-18,300750.SZ,,0,-0.0,False,,,
2007-05-21,300750.SZ,,0,-0.0,False,,,
2007-05-22,300750.SZ,,0,-0.0,False,,,
2007-05-23,300750.SZ,,0,-0.0,False,,,
2007-05-24,300750.SZ,,0,-0.0,False,,,
2007-05-25,300750.SZ,,0,-0.0,False,,,
2007-05-28,300750.SZ,,0,-0.0,False,,,
2007-05-29,300750.SZ,,0,-0.0,False,,,
2007-05-30,300750.SZ,,0,-0.0,False,,,
2007-05-31,300750.SZ,,0,-0.0,False,,,
2007-06-01,300750.SZ,,0,-0.0,False,,,
2007-06-04,300750.SZ,,0,-0.0,False,,,
2007-06-05,300750.SZ,,0,-0.0,False,,,
2007-06-06,300750.SZ,,0,-0.0,False,,,
2007-06-07,300750.SZ,,0,-0.0,False,,,
2007-06-08,300750.SZ,,0,-0.0,False,,,
2007-06-11,300750.SZ,,0,-0.0,False,,,
2007-06-12,300750.SZ,,0,-0.0,False,,,
2007-06-13,300750.SZ,,0,-0.0,False,,,
2007-06-14,300750.SZ,,0,-0.0,False,,,
2007-06-15,300750.SZ,,0,-0.0,False,,,
2007-06-18,300750.SZ,,0,-0.0,False,,,
2007-06-19,300750.SZ,,0,-0.0,False,,,
2007-06-20,300750.SZ,,0,-0.0,False,,,
2007-06-21,300750.SZ,,0,-0.0,False,,,
2007-06-22,300750.SZ,,0,-0.0,False,,,
2007-06-25,300750.SZ,,0,-0.0,False,,,
2007-06-26,300750.SZ,,0,-0.0,False,,,
2007-06-27,300750.SZ,,0,-0.0,False,,,
2007-06-28,300750.SZ,,0,-0.0,False,,,
2007-06-29,300750.SZ,,0,-0.0,False,,,
2007-07-02,300750.SZ,,0,-0.0,False,,,
2007-07-03,300750.SZ,,0,-0.0,False,,,
2007-07-04,300750.SZ,,0,-0.0,False,,,
2007-07-05,300750.SZ,,0,-0.0,False,,,
2007-07-06,300750.SZ,,0,-0.0,False,,,
2007-07-09,300750.SZ,,0,-0.0,False,,,
2007-07-10,300750.SZ,,0,-0.0,False,,,
2007-07-11,300750.SZ,,0,-0.0,False,,,
2007-07-12,300750.SZ,,0,-0.0,False,,,
2007-07-13,300750.SZ,,0,-0.0,False,,,
2007-07-16,300750.SZ,,0,-0.0,False,,,
2007-07-17,300750.SZ,,0,-0.0,False,,,
2007-07-18,300750.SZ,,0,-0.0,False,,,
2007-07-19,300750.SZ,,0,-0.0,False,,,
2007-07-20,300750.SZ,,0,-0.0,False,,,
2007-07-23,300750.SZ,,0,-0.0,False,,,
2007-07-24,300750.SZ,,0,-0.0,False,,,
2007-07-25,300750.SZ,,0,-0.0,False,,,
2007-07-26,300750.SZ,,0,-0.0,False,,,
2007-07-27,300750.SZ,,0,-0.0,False,,,
2007-07-30,300750.SZ,,0,-0.0,False,,,
2007-07-31,300750.SZ,,0,-0.0,False,,,
2007-08-01,300750.SZ,,0,-0.0,False,,,
2007-08-02,300750.SZ,,0,-0.0,False,,,
2007-08-03,300750.SZ,,0,-0.0,False,,,
2007-08-06,300750.SZ,,0,-0.0,False,,,
2007-08-07,300750.SZ,,0,-0.0,False,,,
2007-08-08,300750.SZ,,0,-0.0,False,,,
2007-08-09,300750.SZ,,0,-0.0,False,,,
2007-08-10,300750.SZ,,0,-0.0,False,,,
2007-08-13,300750.SZ,,0,-0.0,False,,,
2007-08-14,300750.SZ,,0,-0.0,False,,,
2007-08-15,300750.SZ,,0,-0.0,False,,,
2007-08-16,300750.SZ,,0,-0.0,False,,,
2007-08-17,300750.SZ,,0,-0.0,False,,,
2007-08-20,300750.SZ,,0,-0.0,False,,,
2007-08-21,300750.SZ,,0,-0.0,False,,,
2007-08-22,300750.SZ,,0,-0.0,False,,,
2007-08-23,300750.SZ,,0,-0.0,False,,,
2007-08-24,300750.SZ,,0,-0.0,False,,,
2007-08-27,300750.SZ,,0,-0.0,False,,,
2007-08-28,300750.SZ,,0,-0.0,False,,,
2007-08-29,300750.SZ,,0,-0.0,False,,,
2007-08-30,300750.SZ,,0,-0.0,False,,,
2007-08-31,300750.SZ,,0,-0.0,False,,,
2007-09-03,300750.SZ,,0,-0.0,False,,,
2007-09-04,300750.SZ,,0,-0.0,False,,,
2007-09-05,300750.SZ,,0,-0.0,False,,,
2007-09-06,300750.SZ,,0,-0.0,False,,,
2007-09-07,300750.SZ,,0,-0.0,False,,,
2007-09-10,300750.SZ,,0,-0.0,False,,,
2007-09-11,300750.SZ,,0,-0.0,False,,,
2007-09-12,300750.SZ,,0,-0.0,False,,,
2007-09-13,300750.SZ,,0,-0.0,False,,,
2007-09-14,300750.SZ,,0,-0.0,False,,,
2007-09-17,300750.SZ,,0,-0.0,False,,,
2007-09-18,300750.SZ,,0,-0.0,False,,,
2007-09-19,300750.SZ,,0,-0.0,False,,,
2007-09-20,300750.SZ,,0,-0.0,False,,,
2007-09-21,300750.SZ,,0,-0.0,False,,,
2007-09-24,300750.SZ,,0,-0.0,False,,,
2007-09-25,300750.SZ,,0,-0.0,False,,,
2007-09-26,300750.SZ,,0,-0.0,False,,,
2007-09-27,300750.SZ,,0,-0.0,False,,,
2007-09-28,300750.SZ,,0,-0.0,False,,,
2007-10-08,300750.SZ,,0,-0.0,False,,,
2007-10-09,300750.SZ,,0,-0.0,False,,,
2007-10-10,300750.SZ,,0,-0.0,False,,,
2007-10-11,300750.SZ,,0,-0.0,False,,,
2007-10-12,300750.SZ,,0,-0.0,False,,,
2007-10-15,300750.SZ,,0,-0.0,False,,,
2007-10-16,300750.SZ,,0,-0.0,False,,,
2007-10-17,300750.SZ,,0,-0.0,False,,,
2007-10-18,300750.SZ,,0,-0.0,False,,,
2007-10-19,300750.SZ,,0,-0.0,False,,,
2007-10-22,300750.SZ,,0,-0.0,False,,,
2007-10-23,300750.SZ,,0,-0.0,False,,,
2007-10-24,300750.SZ,,0,-0.0,False,,,
2007-10-25,300750.SZ,,0,-0.0,False,,,
2007-10-26,300750.SZ,,0,-0.0,False,,,
2007-10-29,300750.SZ,,0,-0.0,False,,,
2007-10-30,300750.SZ,,0,-0.0,False,,,
2007-10-31,300750.SZ,,0,-0.0,False,,,
2007-11-01,300750.SZ,,0,-0.0,False,,,
2007-11-02,300750.SZ,,0,-0.0,False,,,
2007-11-05,300750.SZ,,0,-0.0,False,,,
2007-11-06,300750.SZ,,0,-0.0,False,,,
2007-11-07,300750.SZ,,0,-0.0,False,,,
2007-11-08,300750.SZ,,0,-0.0,False,,,
2007-11-09,300750.SZ,,0,-0.0,False,,,
2007-11-12,300750.SZ,,0,-0.0,False,,,
2007-11-13,300750.SZ,,0,-0.0,False,,,
2007-11-14,300750.SZ,,0,-0.0,False,,,
2007-11-15,300750.SZ,,0,-0.0,False,,,
2007-11-16,300750.SZ,,0,-0.0,False,,,
2007-11-19,300750.SZ,,0,-0.0,False,,,
2007-11-20,300750.SZ,,0,-0.0,False,,,
2007-11-21,300750.SZ,,0,-0.0,False,,,
2007-11-22,300750.SZ,,0,-0.0,False,,,
2007-11-23,300750.SZ,,0,-0.0,False,,,
2007-11-26,300750.SZ,,0,-0.0,False,,,
2007-11-27,300750.SZ,,0,-0.0,False,,,
2007-11-28,300750.SZ,,0,-0.0,False,,,
2007-11-29,300750.SZ,,0,-0.0,False,,,
2007-11-30,300750.SZ,,0,-0.0,False,,,
2007-12-03,300750.SZ,,0,-0.0,False,,,
2007-12-04,300750.SZ,,0,-0.0,False,,,
2007-12-05,300750.SZ,,0,-0.0,False,,,
2007-12-06,300750.SZ,,0,-0.0,False,,,
2007-12-07,300750.SZ,,0,-0.0,False,,,
2007-12-10,300750.SZ,,0,-0.0,False,,,
2007-12-11,300750.SZ,,0,-0.0,False,,,
2007-12-12,300750.SZ,,0,-0.0,False,,,
2007-12-13,300750.SZ,,0,-0.0,False,,,
2007-12-14,300750.SZ,,0,-0.0,False,,,
2007-12-17,300750.SZ,,0,-0.0,False,,,
2007-12-18,300750.SZ,,0,-0.0,False,,,
2007-12-19,300750.SZ,,0,-0.0,False,,,
2007-12-20,300750.SZ,,0,-0.0,False,,,
2007-12-21,300750.SZ,,0,-0.0,False,,,
2007-12-24,300750.SZ,,0,-0.0,False,,,
2007-12-25,300750.SZ,,0,-0.0,False,,,
2007-12-26,300750.SZ,,0,-0.0,False,,,
2007-12-27,300750.SZ,,0,-0.0,False,,,
2007-12-28,300750.SZ,,0,-0.0,False,,,
2008-01-02,300750.SZ,,0,-0.0,False,,,
2008-01-03,300750.SZ,,0,-0.0,False,,,
2008-01-04,300750.SZ,,0,-0.0,False,,,
2008-01-07,300750.SZ,,0,-0.0,False,,,
2008-01-08,300750.SZ,,0,-0.0,False,,,
2008-01-09,300750.SZ,,0,-0.0,False,,,
2008-01-10,300750.SZ,,0,-0.0,False,,,
2008-01-11,300750.SZ,,0,-0.0,False,,,
2008-01-14,300750.SZ,,0,-0.0,False,,,
2008-01-15,300750.SZ,,0,-0.0,False,,,
2008-01-16,300750.SZ,,0,-0.0,False,,,
2008-01-17,300750.SZ,,0,-0.0,False,,,
2008-01-18,300750.SZ,,0,-0.0,False,,,
2008-01-21,300750.SZ,,0,-0.0,False,,,
2008-01-22,300750.SZ,,0,-0.0,False,,,
2008-01-23,300750.SZ,,0,-0.0,False,,,
2008-01-24,300750.SZ,,0,-0.0,False,,,
2008-01-25,300750.SZ,,0,-0.0,False,,,
2008-01-28,300750.SZ,,0,-0.0,False,,,
2008-01-29,300750.SZ,,0,-0.0,False,,,
2008-01-30,300750.SZ,,0,-0.0,False,,,
2008-01-31,300750.SZ,,0,-0.0,False,,,
2008-02-01,300750.SZ,,0,-0.0,False,,,
2008-02-04,300750.SZ,,0,-0.0,False,,,
2008-02-05,300750.SZ,,0,-0.0,False,,,
2008-02-13,300750.SZ,,0,-0.0,False,,,
2008-02-14,300750.SZ,,0,-0.0,False,,,
2008-02-15,300750.SZ,,0,-0.0,False,,,
2008-02-18,300750.SZ,,0,-0.0,False,,,
2008-02-19,300750.SZ,,0,-0.0,False,,,
2008-02-20,300750.SZ,,0,-0.0,False,,,
2008-02-21,300750.SZ,,0,-0.0,False,,,
2008-02-22,300750.SZ,,0,-0.0,False,,,
2008-02-25,300750.SZ,,0,-0.0,False,,,
2008-02-26,300750.SZ,,0,-0.0,False,,,
2008-02-27,300750.SZ,,0,-0.0,False,,,
2008-02-28,300750.SZ,,0,-0.0,False,,,
2008-02-29,300750.SZ,,0,-0.0,False,,,
2008-03-03,300750.SZ,,0,-0.0,False,,,
2008-03-04,300750.SZ,,0,-0.0,False,,,
2008-03-05,300750.SZ,,0,-0.0,False,,,
2008-03-06,300750.SZ,,0,-0.0,False,,,
2008-03-07,300750.SZ,,0,-0.0,False,,,
2008-03-10,300750.SZ,,0,-0.0,False,,,
2008-03-11,300750.SZ,,0,-0.0,False,,,
2008-03-12,300750.SZ,,0,-0.0,False,,,
2008-03-13,300750.SZ,,0,-0.0,False,,,
2008-03-14,300750.SZ,,0,-0.0,False,,,
2008-03-17,300750.SZ,,0,-0.0,False,,,
2008-03-18,300750.SZ,,0,-0.0,False,,,
2008-03-19,300750.SZ,,0,-0.0,False,,,
2008-03-20,300750.SZ,,0,-0.0,False,,,
2008-03-21,300750.SZ,,0,-0.0,False,,,
2008-03-24,300750.SZ,,0,-0.0,False,,,
2008-03-25,300750.SZ,,0,-0.0,False,,,
2008-03-26,300750.SZ,,0,-0.0,False,,,
2008-03-27,300750.SZ,,0,-0.0,False,,,
2008-03-28,300750.SZ,,0,-0.0,False,,,
2008-03-31,300750.SZ,,0,-0.0,False,,,
2008-04-01,300750.SZ,,0,-0.0,False,,,
2008-04-02,300750.SZ,,0,-0.0,False,,,
2008-04-03,300750.SZ,,0,-0.0,False,,,
2008-04-07,300750.SZ,,0,-0.0,False,,,
2008-04-08,300750.SZ,,0,-0.0,False,,,
2008-04-09,300750.SZ,,0,-0.0,False,,,
2008-04-10,300750.SZ,,0,-0.0,False,,,
2008-04-11,300750.SZ,,0,-0.0,False,,,
2008-04-14,300750.SZ,,0,-0.0,False,,,
2008-04-15,300750.SZ,,0,-0.0,False,,,
2008-04-16,300750.SZ,,0,-0.0,False,,,
2008-04-17,300750.SZ,,0,-0.0,False,,,
2008-04-18,300750.SZ,,0,-0.0,False,,,
2008-04-21,300750.SZ,,0,-0.0,False,,,
2008-04-22,300750.SZ,,0,-0.0,False,,,
2008-04-23,300750.SZ,,0,-0.0,False,,,
2008-04-24,300750.SZ,,0,-0.0,False,,,
2008-04-25,300750.SZ,,0,-0.0,False,,,
2008-04-28,300750.SZ,,0,-0.0,False,,,
2008-04-29,300750.SZ,,0,-0.0,False,,,
2008-04-30,300750.SZ,,0,-0.0,False,,,
2008-05-05,300750.SZ,,0,-0.0,False,,,
2008-05-06,300750.SZ,,0,-0.0,False,,,
2008-05-07,300750.SZ,,0,-0.0,False,,,
2008-05-08,300750.SZ,,0,-0.0,False,,,
2008-05-09,300750.SZ,,0,-0.0,False,,,
2008-05-12,300750.SZ,,0,-0.0,False,,,
2008-05-13,300750.SZ,,0,-0.0,False,,,
2008-05-14,300750.SZ,,0,-0.0,False,,,
2008-05-15,300750.SZ,,0,-0.0,False,,,
2008-05-16,300750.SZ,,0,-0.0,False,,,
2008-05-19,300750.SZ,,0,-0.0,False,,,
2008-05-20,300750.SZ,,0,-0.0,False,,,
2008-05-21,300750.SZ,,0,-0.0,False,,,
2008-05-22,300750.SZ,,0,-0.0,False,,,
2008-05-23,300750.SZ,,0,-0.0,False,,,
2008-05-26,300750.SZ,,0,-0.0,False,,,
2008-05-27,300750.SZ,,0,-0.0,False,,,
2008-05-28,300750.SZ,,0,-0.0,False,,,
2008-05-29,300750.SZ,,0,-0.0,False,,,
2008-05-30,300750.SZ,,0,-0.0,False,,,
2008-06-02,300750.SZ,,0,-0.0,False,,,
2008-06-03,300750.SZ,,0,-0.0,False,,,
2008-06-04,300750.SZ,,0,-0.0,False,,,
2008-06-05,300750.SZ,,0,-0.0,False,,,
2008-06-06,300750.SZ,,0,-0.0,False,,,
2008-06-10,300750.SZ,,0,-0.0,False,,,
2008-06-11,300750.SZ,,0,-0.0,False,,,
2008-06-12,300750.SZ,,0,-0.0,False,,,
2008-06-13,300750.SZ,,0,-0.0,False,,,
2008-06-16,300750.SZ,,0,-0.0,False,,,
2008-06-17,300750.SZ,,0,-0.0,False,,,
2008-06-18,300750.SZ,,0,-0.0,False,,,
2008-06-19,300750.SZ,,0,-0.0,False,,,
2008-06-20,300750.SZ,,0,-0.0,False,,,
2008-06-23,300750.SZ,,0,-0.0,False,,,
2008-06-24,300750.SZ,,0,-0.0,False,,,
2008-06-25,300750.SZ,,0,-0.0,False,,,
2008-06-26,300750.SZ,,0,-0.0,False,,,
2008-06-27,300750.SZ,,0,-0.0,False,,,
2008-06-30,300750.SZ,,0,-0.0,False,,,
2008-07-01,300750.SZ,,0,-0.0,False,,,
2008-07-02,300750.SZ,,0,-0.0,False,,,
2008-07-03,300750.SZ,,0,-0.0,False,,,
2008-07-04,300750.SZ,,0,-0.0,False,,,
2008-07-07,300750.SZ,,0,-0.0,False,,,
2008-07-08,300750.SZ,,0,-0.0,False,,,
2008-07-09,300750.SZ,,0,-0.0,False,,,
2008-07-10,300750.SZ,,0,-0.0,False,,,
2008-07-11,300750.SZ,,0,-0.0,False,,,
2008-07-14,300750.SZ,,0,-0.0,False,,,
2008-07-15,300750.SZ,,0,-0.0,False,,,
2008-07-16,300750.SZ,,0,-0.0,False,,,
2008-07-17,300750.SZ,,0,-0.0,False,,,
2008-07-18,300750.SZ,,0,-0.0,False,,,
2008-07-21,300750.SZ,,0,-0.0,False,,,
2008-07-22,300750.SZ,,0,-0.0,False,,,
2008-07-23,300750.SZ,,0,-0.0,False,,,
2008-07-24,300750.SZ,,0,-0.0,False,,,
2008-07-25,300750.SZ,,0,-0.0,False,,,
2008-07-28,300750.SZ,,0,-0.0,False,,,
2008-07-29,300750.SZ,,0,-0.0,False,,,
2008-07-30,300750.SZ,,0,-0.0,False,,,
2008-07-31,300750.SZ,,0,-0.0,False,,,
2008-08-01,300750.SZ,,0,-0.0,False,,,
2008-08-04,300750.SZ,,0,-0.0,False,,,
2008-08-05,300750.SZ,,0,-0.0,False,,,
2008-08-06,300750.SZ,,0,-0.0,False,,,
2008-08-07,300750.SZ,,0,-0.0,False,,,
2008-08-08,300750.SZ,,0,-0.0,False,,,
2008-08-11,300750.SZ,,0,-0.0,False,,,
2008-08-12,300750.SZ,,0,-0.0,False,,,
2008-08-13,300750.SZ,,0,-0.0,False,,,
2008-08-14,300750.SZ,,0,-0.0,False,,,
2008-08-15,300750.SZ,,0,-0.0,False,,,
2008-08-18,300750.SZ,,0,-0.0,False,,,
2008-08-19,300750.SZ,,0,-0.0,False,,,
2008-08-20,300750.SZ,,0,-0.0,False,,,
2008-08-21,300750.SZ,,0,-0.0,False,,,
2008-08-22,300750.SZ,,0,-0.0,False,,,
2008-08-25,300750.SZ,,0,-0.0,False,,,
2008-08-26,300750.SZ,,0,-0.0,False,,,
2008-08-27,300750.SZ,,0,-0.0,False,,,
2008-08-28,300750.SZ,,0,-0.0,False,,,
2008-08-29,300750.SZ,,0,-0.0,False,,,
2008-09-01,300750.SZ,,0,-0.0,False,,,
2008-09-02,300750.SZ,,0,-0.0,False,,,
2008-09-03,300750.SZ,,0,-0.0,False,,,
2008-09-04,300750.SZ,,0,-0.0,False,,,
2008-09-05,300750.SZ,,0,-0.0,False,,,
2008-09-08,300750.SZ,,0,-0.0,False,,,
2008-09-09,300750.SZ,,0,-0.0,False,,,
2008-09-10,300750.SZ,,0,-0.0,False,,,
2008-09-11,300750.SZ,,0,-0.0,False,,,
2008-09-12,300750.SZ,,0,-0.0,False,,,
2008-09-16,300750.SZ,,0,-0.0,False,,,
2008-09-17,300750.SZ,,0,-0.0,False,,,
2008-09-18,300750.SZ,,0,-0.0,False,,,
2008-09-19,300750.SZ,,0,-0.0,False,,,
2008-09-22,300750.SZ,,0,-0.0,False,,,
2008-09-23,300750.SZ,,0,-0.0,False,,,
2008-09-24,300750.SZ,,0,-0.0,False,,,
2008-09-25,300750.SZ,,0,-0.0,False,,,
2008-09-26,300750.SZ,,0,-0.0,False,,,
2008-10-06,300750.SZ,,0,-0.0,False,,,
2008-10-07,300750.SZ,,0,-0.0,False,,,
2008-10-08,300750.SZ,,0,-0.0,False,,,
2008-10-09,300750.SZ,,0,-0.0,False,,,
2008-10-10,300750.SZ,,0,-0.0,False,,,
2008-10-13,300750.SZ,,0,-0.0,False,,,
2008-10-14,300750.SZ,,0,-0.0,False,,,
2008-10-15,300750.SZ,,0,-0.0,False,,,
2008-10-16,300750.SZ,,0,-0.0,False,,,
2008-10-17,300750.SZ,,0,-0.0,False,,,
2008-10-20,300750.SZ,,0,-0.0,False,,,
2008-10-21,300750.SZ,,0,-0.0,False,,,
2008-10-22,300750.SZ,,0,-0.0,False,,,
2008-10-23,300750.SZ,,0,-0.0,False,,,
2008-10-24,300750.SZ,,0,-0.0,False,,,
2008-10-27,300750.SZ,,0,-0.0,False,,,
2008-10-28,300750.SZ,,0,-0.0,False,,,
2008-10-29,300750.SZ,,0,-0.0,False,,,
2008-10-30,300750.SZ,,0,-0.0,False,,,
2008-10-31,300750.SZ,,0,-0.0,False,,,
2008-11-03,300750.SZ,,0,-0.0,False,,,
2008-11-04,300750.SZ,,0,-0.0,False,,,
2008-11-05,300750.SZ,,0,-0.0,False,,,
2008-11-06,300750.SZ,,0,-0.0,False,,,
2008-11-07,300750.SZ,,0,-0.0,False,,,
2008-11-10,300750.SZ,,0,-0.0,False,,,
2008-11-11,300750.SZ,,0,-0.0,False,,,
2008-11-12,300750.SZ,,0,-0.0,False,,,
2008-11-13,300750.SZ,,0,-0.0,False,,,
2008-11-14,300750.SZ,,0,-0.0,False,,,
2008-11-17,300750.SZ,,0,-0.0,False,,,
2008-11-18,300750.SZ,,0,-0.0,False,,,
2008-11-19,300750.SZ,,0,-0.0,False,,,
2008-11-20,300750.SZ,,0,-0.0,False,,,
2008-11-21,300750.SZ,,0,-0.0,False,,,
2008-11-24,300750.SZ,,0,-0.0,False,,,
2008-11-25,300750.SZ,,0,-0.0,False,,,
2008-11-26,300750.SZ,,0,-0.0,False,,,
2008-11-27,300750.SZ,,0,-0.0,False,,,
2008-11-28,300750.SZ,,0,-0.0,False,,,
2008-12-01,300750.SZ,,0,-0.0,False,,,
2008-12-02,300750.SZ,,0,-0.0,False,,,
2008-12-03,300750.SZ,,0,-0.0,False,,,
2008-12-04,300750.SZ,,0,-0.0,False,,,
2008-12-05,300750.SZ,,0,-0.0,False,,,
2008-12-08,300750.SZ,,0,-0.0,False,,,
2008-12-09,300750.SZ,,0,-0.0,False,,,
2008-12-10,300750.SZ,,0,-0.0,False,,,
2008-12-11,300750.SZ,,0,-0.0,False,,,
2008-12-12,300750.SZ,,0,-0.0,False,,,
2008-12-15,300750.SZ,,0,-0.0,False,,,
2008-12-16,300750.SZ,,0,-0.0,False,,,
2008-12-17,300750.SZ,,0,-0.0,False,,,
2008-12-18,300750.SZ,,0,-0.0,False,,,
2008-12-19,300750.SZ,,0,-0.0,False,,,
2008-12-22,300750.SZ,,0,-0.0,False,,,
2008-12-23,300750.SZ,,0,-0.0,False,,,
2008-12-24,300750.SZ,,0,-0.0,False,,,
2008-12-25,300750.SZ,,0,-0.0,False,,,
2008-12-26,300750.SZ,,0,-0.0,False,,,
2008-12-29,300750.SZ,,0,-0.0,False,,,
2008-12-30,300750.SZ,,0,-0.0,False,,,
2008-12-31,300750.SZ,,0,-0.0,False,,,
2009-01-05,300750.SZ,,0,-0.0,False,,,
2009-01-06,300750.SZ,,0,-0.0,False,,,
2009-01-07,300750.SZ,,0,-0.0,False,,,
2009-01-08,300750.SZ,,0,-0.0,False,,,
2009-01-09,300750.SZ,,0,-0.0,False,,,
2009-01-12,300750.SZ,,0,-0.0,False,,,
2009-01-13,300750.SZ,,0,-0.0,False,,,
2009-01-14,300750.SZ,,0,-0.0,False,,,
2009-01-15,300750.SZ,,0,-0.0,False,,,
2009-01-16,300750.SZ,,0,-0.0,False,,,
2009-01-19,300750.SZ,,0,-0.0,False,,,
2009-01-20,300750.SZ,,0,-0.0,False,,,
2009-01-21,300750.SZ,,0,-0.0,False,,,
2009-01-22,300750.SZ,,0,-0.0,False,,,
2009-01-23,300750.SZ,,0,-0.0,False,,,
2009-02-02,300750.SZ,,0,-0.0,False,,,
2009-02-03,300750.SZ,,0,-0.0,False,,,
2009-02-04,300750.SZ,,0,-0.0,False,,,
2009-02-05,300750.SZ,,0,-0.0,False,,,
2009-02-06,300750.SZ,,0,-0.0,False,,,
2009-02-09,300750.SZ,,0,-0.0,False,,,
2009-02-10,300750.SZ,,0,-0.0,False,,,
2009-02-11,300750.SZ,,0,-0.0,False,,,
2009-02-12,300750.SZ,,0,-0.0,False,,,
2009-02-13,300750.SZ,,0,-0.0,False,,,
2009-02-16,300750.SZ,,0,-0.0,False,,,
2009-02-17,300750.SZ,,0,-0.0,False,,,
2009-02-18,300750.SZ,,0,-0.0,False,,,
2009-02-19,300750.SZ,,0,-0.0,False,,,
2009-02-20,300750.SZ,,0,-0.0,False,,,
2009-02-23,300750.SZ,,0,-0.0,False,,,
2009-02-24,300750.SZ,,0,-0.0,False,,,
2009-02-25,300750.SZ,,0,-0.0,False,,,
2009-02-26,300750.SZ,,0,-0.0,False,,,
2009-02-27,300750.SZ,,0,-0.0,False,,,
2009-03-02,300750.SZ,,0,-0.0,False,,,
2009-03-03,300750.SZ,,0,-0.0,False,,,
2009-03-04,300750.SZ,,0,-0.0,False,,,
2009-03-05,300750.SZ,,0,-0.0,False,,,
2009-03-06,300750.SZ,,0,-0.0,False,,,
2009-03-09,300750.SZ,,0,-0.0,False,,,
2009-03-10,300750.SZ,,0,-0.0,False,,,
2009-03-11,300750.SZ,,0,-0.0,False,,,
2009-03-12,300750.SZ,,0,-0.0,False,,,
2009-03-13,300750.SZ,,0,-0.0,False,,,
2009-03-16,300750.SZ,,0,-0.0,False,,,
2009-03-17,300750.SZ,,0,-0.0,False,,,
2009-03-18,300750.SZ,,0,-0.0,False,,,
2009-03-19,300750.SZ,,0,-0.0,False,,,
2009-03-20,300750.SZ,,0,-0.0,False,,,
2009-03-23,300750.SZ,,0,-0.0,False,,,
2009-03-24,300750.SZ,,0,-0.0,False,,,
2009-03-25,300750.SZ,,0,-0.0,False,,,
2009-03-26,300750.SZ,,0,-0.0,False,,,
2009-03-27,300750.SZ,,0,-0.0,False,,,
2009-03-30,300750.SZ,,0,-0.0,False,,,
2009-03-31,300750.SZ,,0,-0.0,False,,,
2009-04-01,300750.SZ,,0,-0.0,False,,,
2009-04-02,300750.SZ,,0,-0.0,False,,,
2009-04-03,300750.SZ,,0,-0.0,False,,,
2009-04-07,300750.SZ,,0,-0.0,False,,,
2009-04-08,300750.SZ,,0,-0.0,False,,,
2009-04-09,300750.SZ,,0,-0.0,False,,,
2009-04-10,300750.SZ,,0,-0.0,False,,,
2009-04-13,300750.SZ,,0,-0.0,False,,,
2009-04-14,300750.SZ,,0,-0.0,False,,,
2009-04-15,300750.SZ,,0,-0.0,False,,,
2009-04-16,300750.SZ,,0,-0.0,False,,,
2009-04-17,300750.SZ,,0,-0.0,False,,,
2009-04-20,300750.SZ,,0,-0.0,False,,,
2009-04-21,300750.SZ,,0,-0.0,False,,,
2009-04-22,300750.SZ,,0,-0.0,False,,,
2009-04-23,300750.SZ,,0,-0.0,False,,,
2009-04-24,300750.SZ,,0,-0.0,False,,,
2009-04-27,300750.SZ,,0,-0.0,False,,,
2009-04-28,300750.SZ,,0,-0.0,False,,,
2009-04-29,300750.SZ,,0,-0.0,False,,,
2009-04-30,300750.SZ,,0,-0.0,False,,,
2009-05-04,300750.SZ,,0,-0.0,False,,,
2009-05-05,300750.SZ,,0,-0.0,False,,,
2009-05-06,300750.SZ,,0,-0.0,False,,,
2009-05-07,300750.SZ,,0,-0.0,False,,,
2009-05-08,300750.SZ,,0,-0.0,False,,,
2009-05-11,300750.SZ,,0,-0.0,False,,,
2009-05-12,300750.SZ,,0,-0.0,False,,,
2009-05-13,300750.SZ,,0,-0.0,False,,,
2009-05-14,300750.SZ,,0,-0.0,False,,,
2009-05-15,300750.SZ,,0,-0.0,False,,,
2009-05-18,300750.SZ,,0,-0.0,False,,,
2009-05-19,300750.SZ,,0,-0.0,False,,,
2009-05-20,300750.SZ,,0,-0.0,False,,,
2009-05-21,300750.SZ,,0,-0.0,False,,,
2009-05-22,300750.SZ,,0,-0.0,False,,,
2009-05-25,300750.SZ,,0,-0.0,False,,,
2009-05-26,300750.SZ,,0,-0.0,False,,,
2009-05-27,300750.SZ,,0,-0.0,False,,,
2009-06-01,300750.SZ,,0,-0.0,False,,,
2009-06-02,300750.SZ,,0,-0.0,False,,,
2009-06-03,300750.SZ,,0,-0.0,False,,,
2009-06-04,300750.SZ,,0,-0.0,False,,,
2009-06-05,300750.SZ,,0,-0.0,False,,,
2009-06-08,300750.SZ,,0,-0.0,False,,,
2009-06-09,300750.SZ,,0,-0.0,False,,,
2009-06-10,300750.SZ,,0,-0.0,False,,,
2009-06-11,300750.SZ,,0,-0.0,False,,,
2009-06-12,300750.SZ,,0,-0.0,False,,,
2009-06-15,300750.SZ,,0,-0.0,False,,,
2009-06-16,300750.SZ,,0,-0.0,False,,,
2009-06-17,300750.SZ,,0,-0.0,False,,,
2009-06-18,300750.SZ,,0,-0.0,False,,,
2009-06-19,300750.SZ,,0,-0.0,False,,,
2009-06-22,300750.SZ,,0,-0.0,False,,,
2009-06-23,300750.SZ,,0,-0.0,False,,,
2009-06-24,300750.SZ,,0,-0.0,False,,,
2009-06-25,300750.SZ,,0,-0.0,False,,,
2009-06-26,300750.SZ,,0,-0.0,False,,,
2009-06-29,300750.SZ,,0,-0.0,False,,,
2009-06-30,300750.SZ,,0,-0.0,False,,,
2009-07-01,300750.SZ,,0,-0.0,False,,,
2009-07-02,300750.SZ,,0,-0.0,False,,,
2009-07-03,300750.SZ,,0,-0.0,False,,,
2009-07-06,300750.SZ,,0,-0.0,False,,,
2009-07-07,300750.SZ,,0,-0.0,False,,,
2009-07-08,300750.SZ,,0,-0.0,False,,,
2009-07-09,300750.SZ,,0,-0.0,False,,,
2009-07-10,300750.SZ,,0,-0.0,False,,,
2009-07-13,300750.SZ,,0,-0.0,False,,,
2009-07-14,300750.SZ,,0,-0.0,False,,,
2009-07-15,300750.SZ,,0,-0.0,False,,,
2009-07-16,300750.SZ,,0,-0.0,False,,,
2009-07-17,300750.SZ,,0,-0.0,False,,,
2009-07-20,300750.SZ,,0,-0.0,False,,,
2009-07-21,300750.SZ,,0,-0.0,False,,,
2009-07-22,300750.SZ,,0,-0.0,False,,,
2009-07-23,300750.SZ,,0,-0.0,False,,,
2009-07-24,300750.SZ,,0,-0.0,False,,,
2009-07-27,300750.SZ,,0,-0.0,False,,,
2009-07-28,300750.SZ,,0,-0.0,False,,,
2009-07-29,300750.SZ,,0,-0.0,False,,,
2009-07-30,300750.SZ,,0,-0.0,False,,,
2009-07-31,300750.SZ,,0,-0.0,False,,,
2009-08-03,300750.SZ,,0,-0.0,False,,,
2009-08-04,300750.SZ,,0,-0.0,False,,,
2009-08-05,300750.SZ,,0,-0.0,False,,,
2009-08-06,300750.SZ,,0,-0.0,False,,,
2009-08-07,300750.SZ,,0,-0.0,False,,,
2009-08-10,300750.SZ,,0,-0.0,False,,,
2009-08-11,300750.SZ,,0,-0.0,False,,,
2009-08-12,300750.SZ,,0,-0.0,False,,,
2009-08-13,300750.SZ,,0,-0.0,False,,,
2009-08-14,300750.SZ,,0,-0.0,False,,,
2009-08-17,300750.SZ,,0,-0.0,False,,,
2009-08-18,300750.SZ,,0,-0.0,False,,,
2009-08-19,300750.SZ,,0,-0.0,False,,,
2009-08-20,300750.SZ,,0,-0.0,False,,,
2009-08-21,300750.SZ,,0,-0.0,False,,,
2009-08-24,300750.SZ,,0,-0.0,False,,,
2009-08-25,300750.SZ,,0,-0.0,False,,,
2009-08-26,300750.SZ,,0,-0.0,False,,,
2009-08-27,300750.SZ,,0,-0.0,False,,,
2009-08-28,300750.SZ,,0,-0.0,False,,,
2009-08-31,300750.SZ,,0,-0.0,False,,,
2009-09-01,300750.SZ,,0,-0.0,False,,,
2009-09-02,300750.SZ,,0,-0.0,False,,,
2009-09-03,300750.SZ,,0,-0.0,False,,,
2009-09-04,300750.SZ,,0,-0.0,False,,,
2009-09-07,300750.SZ,,0,-0.0,False,,,
2009-09-08,300750.SZ,,0,-0.0,False,,,
2009-09-09,300750.SZ,,0,-0.0,False,,,
2009-09-10,300750.SZ,,0,-0.0,False,,,
2009-09-11,300750.SZ,,0,-0.0,False,,,
2009-09-14,300750.SZ,,0,-0.0,False,,,
2009-09-15,300750.SZ,,0,-0.0,False,,,
2009-09-16,300750.SZ,,0,-0.0,False,,,
2009-09-17,300750.SZ,,0,-0.0,False,,,
2009-09-18,300750.SZ,,0,-0.0,False,,,
2009-09-21,300750.SZ,,0,-0.0,False,,,
2009-09-22,300750.SZ,,0,-0.0,False,,,
2009-09-23,300750.SZ,,0,-0.0,False,,,
2009-09-24,300750.SZ,,0,-0.0,False,,,
2009-09-25,300750.SZ,,0,-0.0,False,,,
2009-09-28,300750.SZ,,0,-0.0,False,,,
2009-09-29,300750.SZ,,0,-0.0,False,,,
2009-09-30,300750.SZ,,0,-0.0,False,,,
2009-10-09,300750.SZ,,0,-0.0,False,,,
2009-10-12,300750.SZ,,0,-0.0,False,,,
2009-10-13,300750.SZ,,0,-0.0,False,,,
2009-10-14,300750.SZ,,0,-0.0,False,,,
2009-10-15,300750.SZ,,0,-0.0,False,,,
2009-10-16,300750.SZ,,0,-0.0,False,,,
2009-10-19,300750.SZ,,0,-0.0,False,,,
2009-10-20,300750.SZ,,0,-0.0,False,,,
2009-10-21,300750.SZ,,0,-0.0,False,,,
2009-10-22,300750.SZ,,0,-0.0,False,,,
2009-10-23,300750.SZ,,0,-0.0,False,,,
2009-10-26,300750.SZ,,0,-0.0,False,,,
2009-10-27,300750.SZ,,0,-0.0,False,,,
2009-10-28,300750.SZ,,0,-0.0,False,,,
2009-10-29,300750.SZ,,0,-0.0,False,,,
2009-10-30,300750.SZ,,0,-0.0,False,,,
2009-11-02,300750.SZ,,0,-0.0,False,,,
2009-11-03,300750.SZ,,0,-0.0,False,,,
2009-11-04,300750.SZ,,0,-0.0,False,,,
2009-11-05,300750.SZ,,0,-0.0,False,,,
2009-11-06,300750.SZ,,0,-0.0,False,,,
2009-11-09,300750.SZ,,0,-0.0,False,,,
2009-11-10,300750.SZ,,0,-0.0,False,,,
2009-11-11,300750.SZ,,0,-0.0,False,,,
2009-11-12,300750.SZ,,0,-0.0,False,,,
2009-11-13,300750.SZ,,0,-0.0,False,,,
2009-11-16,300750.SZ,,0,-0.0,False,,,
2009-11-17,300750.SZ,,0,-0.0,False,,,
2009-11-18,300750.SZ,,0,-0.0,False,,,
2009-11-19,300750.SZ,,0,-0.0,False,,,
2009-11-20,300750.SZ,,0,-0.0,False,,,
2009-11-23,300750.SZ,,0,-0.0,False,,,
2009-11-24,300750.SZ,,0,-0.0,False,,,
2009-11-25,300750.SZ,,0,-0.0,False,,,
2009-11-26,300750.SZ,,0,-0.0,False,,,
2009-11-27,300750.SZ,,0,-0.0,False,,,
2009-11-30,300750.SZ,,0,-0.0,False,,,
2009-12-01,300750.SZ,,0,-0.0,False,,,
2009-12-02,300750.SZ,,0,-0.0,False,,,
2009-12-03,300750.SZ,,0,-0.0,False,,,
2009-12-04,300750.SZ,,0,-0.0,False,,,
2009-12-07,300750.SZ,,0,-0.0,False,,,
2009-12-08,300750.SZ,,0,-0.0,False,,,
2009-12-09,300750.SZ,,0,-0.0,False,,,
2009-12-10,300750.SZ,,0,-0.0,False,,,
2009-12-11,300750.SZ,,0,-0.0,False,,,
2009-12-14,300750.SZ,,0,-0.0,False,,,
2009-12-15,300750.SZ,,0,-0.0,False,,,
2009-12-16,300750.SZ,,0,-0.0,False,,,
2009-12-17,300750.SZ,,0,-0.0,False,,,
2009-12-18,300750.SZ,,0,-0.0,False,,,
2009-12-21,300750.SZ,,0,-0.0,False,,,
2009-12-22,300750.SZ,,0,-0.0,False,,,
2009-12-23,300750.SZ,,0,-0.0,False,,,
2009-12-24,300750.SZ,,0,-0.0,False,,,
2009-12-25,300750.SZ,,0,-0.0,False,,,
2009-12-28,300750.SZ,,0,-0.0,False,,,
2009-12-29,300750.SZ,,0,-0.0,False,,,
2009-12-30,300750.SZ,,0,-0.0,False,,,
2009-12-31,300750.SZ,,0,-0.0,False,,,
2010-01-04,300750.SZ,,0,-0.0,False,,,
2010-01-05,300750.SZ,,0,-0.0,False,,,
2010-01-06,300750.SZ,,0,-0.0,False,,,
2010-01-07,300750.SZ,,0,-0.0,False,,,
2010-01-08,300750.SZ,,0,-0.0,False,,,
2010-01-11,300750.SZ,,0,-0.0,False,,,
2010-01-12,300750.SZ,,0,-0.0,False,,,
2010-01-13,300750.SZ,,0,-0.0,False,,,
2010-01-14,300750.SZ,,0,-0.0,False,,,
2010-01-15,300750.SZ,,0,-0.0,False,,,
2010-01-18,300750.SZ,,0,-0.0,False,,,
2010-01-19,300750.SZ,,0,-0.0,False,,,
2010-01-20,300750.SZ,,0,-0.0,False,,,
2010-01-21,300750.SZ,,0,-0.0,False,,,
2010-01-22,300750.SZ,,0,-0.0,False,,,
2010-01-25,300750.SZ,,0,-0.0,False,,,
2010-01-26,300750.SZ,,0,-0.0,False,,,
2010-01-27,300750.SZ,,0,-0.0,False,,,
2010-01-28,300750.SZ,,0,-0.0,False,,,
2010-01-29,300750.SZ,,0,-0.0,False,,,
2010-02-01,300750.SZ,,0,-0.0,False,,,
2010-02-02,300750.SZ,,0,-0.0,False,,,
2010-02-03,300750.SZ,,0,-0.0,False,,,
2010-02-04,300750.SZ,,0,-0.0,False,,,
2010-02-05,300750.SZ,,0,-0.0,False,,,
2010-02-08,300750.SZ,,0,-0.0,False,,,
2010-02-09,300750.SZ,,0,-0.0,False,,,
2010-02-10,300750.SZ,,0,-0.0,False,,,
2010-02-11,300750.SZ,,0,-0.0,False,,,
2010-02-12,300750.SZ,,0,-0.0,False,,,
2010-02-22,300750.SZ,,0,-0.0,False,,,
2010-02-23,300750.SZ,,0,-0.0,False,,,
2010-02-24,300750.SZ,,0,-0.0,False,,,
2010-02-25,300750.SZ,,0,-0.0,False,,,
2010-02-26,300750.SZ,,0,-0.0,False,,,
2010-03-01,300750.SZ,,0,-0.0,False,,,
2010-03-02,300750.SZ,,0,-0.0,False,,,
2010-03-03,300750.SZ,,0,-0.0,False,,,
2010-03-04,300750.SZ,,0,-0.0,False,,,
2010-03-05,300750.SZ,,0,-0.0,False,,,
2010-03-08,300750.SZ,,0,-0.0,False,,,
2010-03-09,300750.SZ,,0,-0.0,False,,,
2010-03-10,300750.SZ,,0,-0.0,False,,,
2010-03-11,300750.SZ,,0,-0.0,False,,,
2010-03-12,300750.SZ,,0,-0.0,False,,,
2010-03-15,300750.SZ,,0,-0.0,False,,,
2010-03-16,300750.SZ,,0,-0.0,False,,,
2010-03-17,300750.SZ,,0,-0.0,False,,,
2010-03-18,300750.SZ,,0,-0.0,False,,,
2010-03-19,300750.SZ,,0,-0.0,False,,,
2010-03-22,300750.SZ,,0,-0.0,False,,,
2010-03-23,300750.SZ,,0,-0.0,False,,,
2010-03-24,300750.SZ,,0,-0.0,False,,,
2010-03-25,300750.SZ,,0,-0.0,False,,,
2010-03-26,300750.SZ,,0,-0.0,False,,,
2010-03-29,300750.SZ,,0,-0.0,False,,,
2010-03-30,300750.SZ,,0,-0.0,False,,,
2010-03-31,300750.SZ,,0,-0.0,False,,,
2010-04-01,300750.SZ,,0,-0.0,False,,,
2010-04-02,300750.SZ,,0,-0.0,False,,,
2010-04-06,300750.SZ,,0,-0.0,False,,,
2010-04-07,300750.SZ,,0,-0.0,False,,,
2010-04-08,300750.SZ,,0,-0.0,False,,,
2010-04-09,300750.SZ,,0,-0.0,False,,,
2010-04-12,300750.SZ,,0,-0.0,False,,,
2010-04-13,300750.SZ,,0,-0.0,False,,,
2010-04-14,300750.SZ,,0,-0.0,False,,,
2010-04-15,300750.SZ,,0,-0.0,False,,,
2010-04-16,300750.SZ,,0,-0.0,False,,,
2010-04-19,300750.SZ,,0,-0.0,False,,,
2010-04-20,300750.SZ,,0,-0.0,False,,,
2010-04-21,300750.SZ,,0,-0.0,False,,,
2010-04-22,300750.SZ,,0,-0.0,False,,,
2010-04-23,300750.SZ,,0,-0.0,False,,,
2010-04-26,300750.SZ,,0,-0.0,False,,,
2010-04-27,300750.SZ,,0,-0.0,False,,,
2010-04-28,300750.SZ,,0,-0.0,False,,,
2010-04-29,300750.SZ,,0,-0.0,False,,,
2010-04-30,300750.SZ,,0,-0.0,False,,,
2010-05-04,300750.SZ,,0,-0.0,False,,,
2010-05-05,300750.SZ,,0,-0.0,False,,,
2010-05-06,300750.SZ,,0,-0.0,False,,,
2010-05-07,300750.SZ,,0,-0.0,False,,,
2010-05-10,300750.SZ,,0,-0.0,False,,,
2010-05-11,300750.SZ,,0,-0.0,False,,,
2010-05-12,300750.SZ,,0,-0.0,False,,,
2010-05-13,300750.SZ,,0,-0.0,False,,,
2010-05-14,300750.SZ,,0,-0.0,False,,,
2010-05-17,300750.SZ,,0,-0.0,False,,,
2010-05-18,300750.SZ,,0,-0.0,False,,,
2010-05-19,300750.SZ,,0,-0.0,False,,,
2010-05-20,300750.SZ,,0,-0.0,False,,,
2010-05-21,300750.SZ,,0,-0.0,False,,,
2010-05-24,300750.SZ,,0,-0.0,False,,,
2010-05-25,300750.SZ,,0,-0.0,False,,,
2010-05-26,300750.SZ,,0,-0.0,False,,,
2010-05-27,300750.SZ,,0,-0.0,False,,,
2010-05-28,300750.SZ,,0,-0.0,False,,,
2010-05-31,300750.SZ,,0,-0.0,False,,,
2010-06-01,300750.SZ,,0,-0.0,False,,,
2010-06-02,300750.SZ,,0,-0.0,False,,,
2010-06-03,300750.SZ,,0,-0.0,False,,,
2010-06-04,300750.SZ,,0,-0.0,False,,,
2010-06-07,300750.SZ,,0,-0.0,False,,,
2010-06-08,300750.SZ,,0,-0.0,False,,,
2010-06-09,300750.SZ,,0,-0.0,False,,,
2010-06-10,300750.SZ,,0,-0.0,False,,,
2010-06-11,300750.SZ,,0,-0.0,False,,,
2010-06-17,300750.SZ,,0,-0.0,False,,,
2010-06-18,300750.SZ,,0,-0.0,False,,,
2010-06-21,300750.SZ,,0,-0.0,False,,,
2010-06-22,300750.SZ,,0,-0.0,False,,,
2010-06-23,300750.SZ,,0,-0.0,False,,,
2010-06-24,300750.SZ,,0,-0.0,False,,,
2010-06-25,300750.SZ,,0,-0.0,False,,,
2010-06-28,300750.SZ,,0,-0.0,False,,,
2010-06-29,300750.SZ,,0,-0.0,False,,,
2010-06-30,300750.SZ,,0,-0.0,False,,,
2010-07-01,300750.SZ,,0,-0.0,False,,,
2010-07-02,300750.SZ,,0,-0.0,False,,,
2010-07-05,300750.SZ,,0,-0.0,False,,,
2010-07-06,300750.SZ,,0,-0.0,False,,,
2010-07-07,300750.SZ,,0,-0.0,False,,,
2010-07-08,300750.SZ,,0,-0.0,False,,,
2010-07-09,300750.SZ,,0,-0.0,False,,,
2010-07-12,300750.SZ,,0,-0.0,False,,,
2010-07-13,300750.SZ,,0,-0.0,False,,,
2010-07-14,300750.SZ,,0,-0.0,False,,,
2010-07-15,300750.SZ,,0,-0.0,False,,,
2010-07-16,300750.SZ,,0,-0.0,False,,,
2010-07-19,300750.SZ,,0,-0.0,False,,,
2010-07-20,300750.SZ,,0,-0.0,False,,,
2010-07-21,300750.SZ,,0,-0.0,False,,,
2010-07-22,300750.SZ,,0,-0.0,False,,,
2010-07-23,300750.SZ,,0,-0.0,False,,,
2010-07-26,300750.SZ,,0,-0.0,False,,,
2010-07-27,300750.SZ,,0,-0.0,False,,,
2010-07-28,300750.SZ,,0,-0.0,False,,,
2010-07-29,300750.SZ,,0,-0.0,False,,,
2010-07-30,300750.SZ,,0,-0.0,False,,,
2010-08-02,300750.SZ,,0,-0.0,False,,,
2010-08-03,300750.SZ,,0,-0.0,False,,,
2010-08-04,300750.SZ,,0,-0.0,False,,,
2010-08-05,300750.SZ,,0,-0.0,False,,,
2010-08-06,300750.SZ,,0,-0.0,False,,,
2010-08-09,300750.SZ,,0,-0.0,False,,,
2010-08-10,300750.SZ,,0,-0.0,False,,,
2010-08-11,300750.SZ,,0,-0.0,False,,,
2010-08-12,300750.SZ,,0,-0.0,False,,,
2010-08-13,300750.SZ,,0,-0.0,False,,,
2010-08-16,300750.SZ,,0,-0.0,False,,,
2010-08-17,300750.SZ,,0,-0.0,False,,,
2010-08-18,300750.SZ,,0,-0.0,False,,,
2010-08-19,300750.SZ,,0,-0.0,False,,,
2010-08-20,300750.SZ,,0,-0.0,False,,,
2010-08-23,300750.SZ,,0,-0.0,False,,,
2010-08-24,300750.SZ,,0,-0.0,False,,,
2010-08-25,300750.SZ,,0,-0.0,False,,,
2010-08-26,300750.SZ,,0,-0.0,False,,,
2010-08-27,300750.SZ,,0,-0.0,False,,,
2010-08-30,300750.SZ,,0,-0.0,False,,,
2010-08-31,300750.SZ,,0,-0.0,False,,,
2010-09-01,300750.SZ,,0,-0.0,False,,,
2010-09-02,300750.SZ,,0,-0.0,False,,,
2010-09-03,300750.SZ,,0,-0.0,False,,,
2010-09-06,300750.SZ,,0,-0.0,False,,,
2010-09-07,300750.SZ,,0,-0.0,False,,,
2010-09-08,300750.SZ,,0,-0.0,False,,,
2010-09-09,300750.SZ,,0,-0.0,False,,,
2010-09-10,300750.SZ,,0,-0.0,False,,,
2010-09-13,300750.SZ,,0,-0.0,False,,,
2010-09-14,300750.SZ,,0,-0.0,False,,,
2010-09-15,300750.SZ,,0,-0.0,False,,,
2010-09-16,300750.SZ,,0,-0.0,False,,,
2010-09-17,300750.SZ,,0,-0.0,False,,,
2010-09-20,300750.SZ,,0,-0.0,False,,,
2010-09-21,300750.SZ,,0,-0.0,False,,,
2010-09-27,300750.SZ,,0,-0.0,False,,,
2010-09-28,300750.SZ,,0,-0.0,False,,,
2010-09-29,300750.SZ,,0,-0.0,False,,,
2010-09-30,300750.SZ,,0,-0.0,False,,,
2010-10-08,300750.SZ,,0,-0.0,False,,,
2010-10-11,300750.SZ,,0,-0.0,False,,,
2010-10-12,300750.SZ,,0,-0.0,False,,,
2010-10-13,300750.SZ,,0,-0.0,False,,,
2010-10-14,300750.SZ,,0,-0.0,False,,,
2010-10-15,300750.SZ,,0,-0.0,False,,,
2010-10-18,300750.SZ,,0,-0.0,False,,,
2010-10-19,300750.SZ,,0,-0.0,False,,,
2010-10-20,300750.SZ,,0,-0.0,False,,,
2010-10-21,300750.SZ,,0,-0.0,False,,,
2010-10-22,300750.SZ,,0,-0.0,False,,,
2010-10-25,300750.SZ,,0,-0.0,False,,,
2010-10-26,300750.SZ,,0,-0.0,False,,,
2010-10-27,300750.SZ,,0,-0.0,False,,,
2010-10-28,300750.SZ,,0,-0.0,False,,,
2010-10-29,300750.SZ,,0,-0.0,False,,,
2010-11-01,300750.SZ,,0,-0.0,False,,,
2010-11-02,300750.SZ,,0,-0.0,False,,,
2010-11-03,300750.SZ,,0,-0.0,False,,,
2010-11-04,300750.SZ,,0,-0.0,False,,,
2010-11-05,300750.SZ,,0,-0.0,False,,,
2010-11-08,300750.SZ,,0,-0.0,False,,,
2010-11-09,300750.SZ,,0,-0.0,False,,,
2010-11-10,300750.SZ,,0,-0.0,False,,,
2010-11-11,300750.SZ,,0,-0.0,False,,,
2010-11-12,300750.SZ,,0,-0.0,False,,,
2010-11-15,300750.SZ,,0,-0.0,False,,,
2010-11-16,300750.SZ,,0,-0.0,False,,,
2010-11-17,300750.SZ,,0,-0.0,False,,,
2010-11-18,300750.SZ,,0,-0.0,False,,,
2010-11-19,300750.SZ,,0,-0.0,False,,,
2010-11-22,300750.SZ,,0,-0.0,False,,,
2010-11-23,300750.SZ,,0,-0.0,False,,,
2010-11-24,300750.SZ,,0,-0.0,False,,,
2010-11-25,300750.SZ,,0,-0.0,False,,,
2010-11-26,300750.SZ,,0,-0.0,False,,,
2010-11-29,300750.SZ,,0,-0.0,False,,,
2010-11-30,300750.SZ,,0,-0.0,False,,,
2010-12-01,300750.SZ,,0,-0.0,False,,,
2010-12-02,300750.SZ,,0,-0.0,False,,,
2010-12-03,300750.SZ,,0,-0.0,False,,,
2010-12-06,300750.SZ,,0,-0.0,False,,,
2010-12-07,300750.SZ,,0,-0.0,False,,,
2010-12-08,300750.SZ,,0,-0.0,False,,,
2010-12-09,300750.SZ,,0,-0.0,False,,,
2010-12-10,300750.SZ,,0,-0.0,False,,,
2010-12-13,300750.SZ,,0,-0.0,False,,,
2010-12-14,300750.SZ,,0,-0.0,False,,,
2010-12-15,300750.SZ,,0,-0.0,False,,,
2010-12-16,300750.SZ,,0,-0.0,False,,,
2010-12-17,300750.SZ,,0,-0.0,False,,,
2010-12-20,300750.SZ,,0,-0.0,False,,,
2010-12-21,300750.SZ,,0,-0.0,False,,,
2010-12-22,300750.SZ,,0,-0.0,False,,,
2010-12-23,300750.SZ,,0,-0.0,False,,,
2010-12-24,300750.SZ,,0,-0.0,False,,,
2010-12-27,300750.SZ,,0,-0.0,False,,,
2010-12-28,300750.SZ,,0,-0.0,False,,,
2010-12-29,300750.SZ,,0,-0.0,False,,,
2010-12-30,300750.SZ,,0,-0.0,False,,,
2010-12-31,300750.SZ,,0,-0.0,False,,,
2011-01-04,300750.SZ,,0,-0.0,False,,,
2011-01-05,300750.SZ,,0,-0.0,False,,,
2011-01-06,300750.SZ,,0,-0.0,False,,,
2011-01-07,300750.SZ,,0,-0.0,False,,,
2011-01-10,300750.SZ,,0,-0.0,False,,,
2011-01-11,300750.SZ,,0,-0.0,False,,,
2011-01-12,300750.SZ,,0,-0.0,False,,,
2011-01-13,300750.SZ,,0,-0.0,False,,,
2011-01-14,300750.SZ,,0,-0.0,False,,,
2011-01-17,300750.SZ,,0,-0.0,False,,,
2011-01-18,300750.SZ,,0,-0.0,False,,,
2011-01-19,300750.SZ,,0,-0.0,False,,,
2011-01-20,300750.SZ,,0,-0.0,False,,,
2011-01-21,300750.SZ,,0,-0.0,False,,,
2011-01-24,300750.SZ,,0,-0.0,False,,,
2011-01-25,300750.SZ,,0,-0.0,False,,,
2011-01-26,300750.SZ,,0,-0.0,False,,,
2011-01-27,300750.SZ,,0,-0.0,False,,,
2011-01-28,300750.SZ,,0,-0.0,False,,,
2011-01-31,300750.SZ,,0,-0.0,False,,,
2011-02-01,300750.SZ,,0,-0.0,False,,,
2011-02-09,300750.SZ,,0,-0.0,False,,,
2011-02-10,300750.SZ,,0,-0.0,False,,,
2011-02-11,300750.SZ,,0,-0.0,False,,,
2011-02-14,300750.SZ,,0,-0.0,False,,,
2011-02-15,300750.SZ,,0,-0.0,False,,,
2011-02-16,300750.SZ,,0,-0.0,False,,,
2011-02-17,300750.SZ,,0,-0.0,False,,,
2011-02-18,300750.SZ,,0,-0.0,False,,,
2011-02-21,300750.SZ,,0,-0.0,False,,,
2011-02-22,300750.SZ,,0,-0.0,False,,,
2011-02-23,300750.SZ,,0,-0.0,False,,,
2011-02-24,300750.SZ,,0,-0.0,False,,,
2011-02-25,300750.SZ,,0,-0.0,False,,,
2011-02-28,300750.SZ,,0,-0.0,False,,,
2011-03-01,300750.SZ,,0,-0.0,False,,,
2011-03-02,300750.SZ,,0,-0.0,False,,,
2011-03-03,300750.SZ,,0,-0.0,False,,,
2011-03-04,300750.SZ,,0,-0.0,False,,,
2011-03-07,300750.SZ,,0,-0.0,False,,,
2011-03-08,300750.SZ,,0,-0.0,False,,,
2011-03-09,300750.SZ,,0,-0.0,False,,,
2011-03-10,300750.SZ,,0,-0.0,False,,,
2011-03-11,300750.SZ,,0,-0.0,False,,,
2011-03-14,300750.SZ,,0,-0.0,False,,,
2011-03-15,300750.SZ,,0,-0.0,False,,,
2011-03-16,300750.SZ,,0,-0.0,False,,,
2011-03-17,300750.SZ,,0,-0.0,False,,,
2011-03-18,300750.SZ,,0,-0.0,False,,,
2011-03-21,300750.SZ,,0,-0.0,False,,,
2011-03-22,300750.SZ,,0,-0.0,False,,,
2011-03-23,300750.SZ,,0,-0.0,False,,,
2011-03-24,300750.SZ,,0,-0.0,False,,,
2011-03-25,300750.SZ,,0,-0.0,False,,,
2011-03-28,300750.SZ,,0,-0.0,False,,,
2011-03-29,300750.SZ,,0,-0.0,False,,,
2011-03-30,300750.SZ,,0,-0.0,False,,,
2011-03-31,300750.SZ,,0,-0.0,False,,,
2011-04-01,300750.SZ,,0,-0.0,False,,,
2011-04-06,300750.SZ,,0,-0.0,False,,,
2011-04-07,300750.SZ,,0,-0.0,False,,,
2011-04-08,300750.SZ,,0,-0.0,False,,,
2011-04-11,300750.SZ,,0,-0.0,False,,,
2011-04-12,300750.SZ,,0,-0.0,False,,,
2011-04-13,300750.SZ,,0,-0.0,False,,,
2011-04-14,300750.SZ,,0,-0.0,False,,,
2011-04-15,300750.SZ,,0,-0.0,False,,,
2011-04-18,300750.SZ,,0,-0.0,False,,,
2011-04-19,300750.SZ,,0,-0.0,False,,,
2011-04-20,300750.SZ,,0,-0.0,False,,,
2011-04-21,300750.SZ,,0,-0.0,False,,,
2011-04-22,300750.SZ,,0,-0.0,False,,,
2011-04-25,300750.SZ,,0,-0.0,False,,,
2011-04-26,300750.SZ,,0,-0.0,False,,,
2011-04-27,300750.SZ,,0,-0.0,False,,,
2011-04-28,300750.SZ,,0,-0.0,False,,,
2011-04-29,300750.SZ,,0,-0.0,False,,,
2011-05-03,300750.SZ,,0,-0.0,False,,,
2011-05-04,300750.SZ,,0,-0.0,False,,,
2011-05-05,300750.SZ,,0,-0.0,False,,,
2011-05-06,300750.SZ,,0,-0.0,False,,,
2011-05-09,300750.SZ,,0,-0.0,False,,,
2011-05-10,300750.SZ,,0,-0.0,False,,,
2011-05-11,300750.SZ,,0,-0.0,False,,,
2011-05-12,300750.SZ,,0,-0.0,False,,,
2011-05-13,300750.SZ,,0,-0.0,False,,,
2011-05-16,300750.SZ,,0,-0.0,False,,,
2011-05-17,300750.SZ,,0,-0.0,False,,,
2011-05-18,300750.SZ,,0,-0.0,False,,,
2011-05-19,300750.SZ,,0,-0.0,False,,,
2011-05-20,300750.SZ,,0,-0.0,False,,,
2011-05-23,300750.SZ,,0,-0.0,False,,,
2011-05-24,300750.SZ,,0,-0.0,False,,,
2011-05-25,300750.SZ,,0,-0.0,False,,,
2011-05-26,300750.SZ,,0,-0.0,False,,,
2011-05-27,300750.SZ,,0,-0.0,False,,,
2011-05-30,300750.SZ,,0,-0.0,False,,,
2011-05-31,300750.SZ,,0,-0.0,False,,,
2011-06-01,300750.SZ,,0,-0.0,False,,,
2011-06-02,300750.SZ,,0,-0.0,False,,,
2011-06-03,300750.SZ,,0,-0.0,False,,,
2011-06-07,300750.SZ,,0,-0.0,False,,,
2011-06-08,300750.SZ,,0,-0.0,False,,,
2011-06-09,300750.SZ,,0,-0.0,False,,,
2011-06-10,300750.SZ,,0,-0.0,False,,,
2011-06-13,300750.SZ,,0,-0.0,False,,,
2011-06-14,300750.SZ,,0,-0.0,False,,,
2011-06-15,300750.SZ,,0,-0.0,False,,,
2011-06-16,300750.SZ,,0,-0.0,False,,,
2011-06-17,300750.SZ,,0,-0.0,False,,,
2011-06-20,300750.SZ,,0,-0.0,False,,,
2011-06-21,300750.SZ,,0,-0.0,False,,,
2011-06-22,300750.SZ,,0,-0.0,False,,,
2011-06-23,300750.SZ,,0,-0.0,False,,,
2011-06-24,300750.SZ,,0,-0.0,False,,,
2011-06-27,300750.SZ,,0,-0.0,False,,,
2011-06-28,300750.SZ,,0,-0.0,False,,,
2011-06-29,300750.SZ,,0,-0.0,False,,,
2011-06-30,300750.SZ,,0,-0.0,False,,,
2011-07-01,300750.SZ,,0,-0.0,False,,,
2011-07-04,300750.SZ,,0,-0.0,False,,,
2011-07-05,300750.SZ,,0,-0.0,False,,,
2011-07-06,300750.SZ,,0,-0.0,False,,,
2011-07-07,300750.SZ,,0,-0.0,False,,,
2011-07-08,300750.SZ,,0,-0.0,False,,,
2011-07-11,300750.SZ,,0,-0.0,False,,,
2011-07-12,300750.SZ,,0,-0.0,False,,,
2011-07-13,300750.SZ,,0,-0.0,False,,,
2011-07-14,300750.SZ,,0,-0.0,False,,,
2011-07-15,300750.SZ,,0,-0.0,False,,,
2011-07-18,300750.SZ,,0,-0.0,False,,,
2011-07-19,300750.SZ,,0,-0.0,False,,,
2011-07-20,300750.SZ,,0,-0.0,False,,,
2011-07-21,300750.SZ,,0,-0.0,False,,,
2011-07-22,300750.SZ,,0,-0.0,False,,,
2011-07-25,300750.SZ,,0,-0.0,False,,,
2011-07-26,300750.SZ,,0,-0.0,False,,,
2011-07-27,300750.SZ,,0,-0.0,False,,,
2011-07-28,300750.SZ,,0,-0.0,False,,,
2011-07-29,300750.SZ,,0,-0.0,False,,,
2011-08-01,300750.SZ,,0,-0.0,False,,,
2011-08-02,300750.SZ,,0,-0.0,False,,,
2011-08-03,300750.SZ,,0,-0.0,False,,,
2011-08-04,300750.SZ,,0,-0.0,False,,,
2011-08-05,300750.SZ,,0,-0.0,False,,,
2011-08-08,300750.SZ,,0,-0.0,False,,,
2011-08-09,300750.SZ,,0,-0.0,False,,,
2011-08-10,300750.SZ,,0,-0.0,False,,,
2011-08-11,300750.SZ,,0,-0.0,False,,,
2011-08-12,300750.SZ,,0,-0.0,False,,,
2011-08-15,300750.SZ,,0,-0.0,False,,,
2011-08-16,300750.SZ,,0,-0.0,False,,,
2011-08-17,300750.SZ,,0,-0.0,False,,,
2011-08-18,300750.SZ,,0,-0.0,False,,,
2011-08-19,300750.SZ,,0,-0.0,False,,,
2011-08-22,300750.SZ,,0,-0.0,False,,,
2011-08-23,300750.SZ,,0,-0.0,False,,,
2011-08-24,300750.SZ,,0,-0.0,False,,,
2011-08-25,300750.SZ,,0,-0.0,False,,,
2011-08-26,300750.SZ,,0,-0.0,False,,,
2011-08-29,300750.SZ,,0,-0.0,False,,,
2011-08-30,300750.SZ,,0,-0.0,False,,,
2011-08-31,300750.SZ,,0,-0.0,False,,,
2011-09-01,300750.SZ,,0,-0.0,False,,,
2011-09-02,300750.SZ,,0,-0.0,False,,,
2011-09-05,300750.SZ,,0,-0.0,False,,,
2011-09-06,300750.SZ,,0,-0.0,False,,,
2011-09-07,300750.SZ,,0,-0.0,False,,,
2011-09-08,300750.SZ,,0,-0.0,False,,,
2011-09-09,300750.SZ,,0,-0.0,False,,,
2011-09-13,300750.SZ,,0,-0.0,False,,,
2011-09-14,300750.SZ,,0,-0.0,False,,,
2011-09-15,300750.SZ,,0,-0.0,False,,,
2011-09-16,300750.SZ,,0,-0.0,False,,,
2011-09-19,300750.SZ,,0,-0.0,False,,,
2011-09-20,300750.SZ,,0,-0.0,False,,,
2011-09-21,300750.SZ,,0,-0.0,False,,,
2011-09-22,300750.SZ,,0,-0.0,False,,,
2011-09-23,300750.SZ,,0,-0.0,False,,,
2011-09-26,300750.SZ,,0,-0.0,False,,,
2011-09-27,300750.SZ,,0,-0.0,False,,,
2011-09-28,300750.SZ,,0,-0.0,False,,,
2011-09-29,300750.SZ,,0,-0.0,False,,,
2011-09-30,300750.SZ,,0,-0.0,False,,,
2011-10-10,300750.SZ,,0,-0.0,False,,,
2011-10-11,300750.SZ,,0,-0.0,False,,,
2011-10-12,300750.SZ,,0,-0.0,False,,,
2011-10-13,300750.SZ,,0,-0.0,False,,,
2011-10-14,300750.SZ,,0,-0.0,False,,,
2011-10-17,300750.SZ,,0,-0.0,False,,,
2011-10-18,300750.SZ,,0,-0.0,False,,,
2011-10-19,300750.SZ,,0,-0.0,False,,,
2011-10-20,300750.SZ,,0,-0.0,False,,,
2011-10-21,300750.SZ,,0,-0.0,False,,,
2011-10-24,300750.SZ,,0,-0.0,False,,,
2011-10-25,300750.SZ,,0,-0.0,False,,,
2011-10-26,300750.SZ,,0,-0.0,False,,,
2011-10-27,300750.SZ,,0,-0.0,False,,,
2011-10-28,300750.SZ,,0,-0.0,False,,,
2011-10-31,300750.SZ,,0,-0.0,False,,,
2011-11-01,300750.SZ,,0,-0.0,False,,,
2011-11-02,300750.SZ,,0,-0.0,False,,,
2011-11-03,300750.SZ,,0,-0.0,False,,,
2011-11-04,300750.SZ,,0,-0.0,False,,,
2011-11-07,300750.SZ,,0,-0.0,False,,,
2011-11-08,300750.SZ,,0,-0.0,False,,,
2011-11-09,300750.SZ,,0,-0.0,False,,,
2011-11-10,300750.SZ,,0,-0.0,False,,,
2011-11-11,300750.SZ,,0,-0.0,False,,,
2011-11-14,300750.SZ,,0,-0.0,False,,,
2011-11-15,300750.SZ,,0,-0.0,False,,,
2011-11-16,300750.SZ,,0,-0.0,False,,,
2011-11-17,300750.SZ,,0,-0.0,False,,,
2011-11-18,300750.SZ,,0,-0.0,False,,,
2011-11-21,300750.SZ,,0,-0.0,False,,,
2011-11-22,300750.SZ,,0,-0.0,False,,,
2011-11-23,300750.SZ,,0,-0.0,False,,,
2011-11-24,300750.SZ,,0,-0.0,False,,,
2011-11-25,300750.SZ,,0,-0.0,False,,,
2011-11-28,300750.SZ,,0,-0.0,False,,,
2011-11-29,300750.SZ,,0,-0.0,False,,,
2011-11-30,300750.SZ,,0,-0.0,False,,,
2011-12-01,300750.SZ,,0,-0.0,False,,,
2011-12-02,300750.SZ,,0,-0.0,False,,,
2011-12-05,300750.SZ,,0,-0.0,False,,,
2011-12-06,300750.SZ,,0,-0.0,False,,,
2011-12-07,300750.SZ,,0,-0.0,False,,,
2011-12-08,300750.SZ,,0,-0.0,False,,,
2011-12-09,300750.SZ,,0,-0.0,False,,,
2011-12-12,300750.SZ,,0,-0.0,False,,,
2011-12-13,300750.SZ,,0,-0.0,False,,,
2011-12-14,300750.SZ,,0,-0.0,False,,,
2011-12-15,300750.SZ,,0,-0.0,False,,,
2011-12-16,300750.SZ,,0,-0.0,False,,,
2011-12-19,300750.SZ,,0,-0.0,False,,,
2011-12-20,300750.SZ,,0,-0.0,False,,,
2011-12-21,300750.SZ,,0,-0.0,False,,,
2011-12-22,300750.SZ,,0,-0.0,False,,,
2011-12-23,300750.SZ,,0,-0.0,False,,,
2011-12-26,300750.SZ,,0,-0.0,False,,,
2011-12-27,300750.SZ,,0,-0.0,False,,,
2011-12-28,300750.SZ,,0,-0.0,False,,,
2011-12-29,300750.SZ,,0,-0.0,False,,,
2011-12-30,300750.SZ,,0,-0.0,False,,,
2012-01-04,300750.SZ,,0,-0.0,False,,,
2012-01-05,300750.SZ,,0,-0.0,False,,,
2012-01-06,300750.SZ,,0,-0.0,False,,,
2012-01-09,300750.SZ,,0,-0.0,False,,,
2012-01-10,300750.SZ,,0,-0.0,False,,,
2012-01-11,300750.SZ,,0,-0.0,False,,,
2012-01-12,300750.SZ,,0,-0.0,False,,,
2012-01-13,300750.SZ,,0,-0.0,False,,,
2012-01-16,300750.SZ,,0,-0.0,False,,,
2012-01-17,300750.SZ,,0,-0.0,False,,,
2012-01-18,300750.SZ,,0,-0.0,False,,,
2012-01-19,300750.SZ,,0,-0.0,False,,,
2012-01-20,300750.SZ,,0,-0.0,False,,,
2012-01-30,300750.SZ,,0,-0.0,False,,,
2012-01-31,300750.SZ,,0,-0.0,False,,,
2012-02-01,300750.SZ,,0,-0.0,False,,,
2012-02-02,300750.SZ,,0,-0.0,False,,,
2012-02-03,300750.SZ,,0,-0.0,False,,,
2012-02-06,300750.SZ,,0,-0.0,False,,,
2012-02-07,300750.SZ,,0,-0.0,False,,,
2012-02-08,300750.SZ,,0,-0.0,False,,,
2012-02-09,300750.SZ,,0,-0.0,False,,,
2012-02-10,300750.SZ,,0,-0.0,False,,,
2012-02-13,300750.SZ,,0,-0.0,False,,,
2012-02-14,300750.SZ,,0,-0.0,False,,,
2012-02-15,300750.SZ,,0,-0.0,False,,,
2012-02-16,300750.SZ,,0,-0.0,False,,,
2012-02-17,300750.SZ,,0,-0.0,False,,,
2012-02-20,300750.SZ,,0,-0.0,False,,,
2012-02-21,300750.SZ,,0,-0.0,False,,,
2012-02-22,300750.SZ,,0,-0.0,False,,,
2012-02-23,300750.SZ,,0,-0.0,False,,,
2012-02-24,300750.SZ,,0,-0.0,False,,,
2012-02-27,300750.SZ,,0,-0.0,False,,,
2012-02-28,300750.SZ,,0,-0.0,False,,,
2012-02-29,300750.SZ,,0,-0.0,False,,,
2012-03-01,300750.SZ,,0,-0.0,False,,,
2012-03-02,300750.SZ,,0,-0.0,False,,,
2012-03-05,300750.SZ,,0,-0.0,False,,,
2012-03-06,300750.SZ,,0,-0.0,False,,,
2012-03-07,300750.SZ,,0,-0.0,False,,,
2012-03-08,300750.SZ,,0,-0.0,False,,,
2012-03-09,300750.SZ,,0,-0.0,False,,,
2012-03-12,300750.SZ,,0,-0.0,False,,,
2012-03-13,300750.SZ,,0,-0.0,False,,,
2012-03-14,300750.SZ,,0,-0.0,False,,,
2012-03-15,300750.SZ,,0,-0.0,False,,,
2012-03-16,300750.SZ,,0,-0.0,False,,,
2012-03-19,300750.SZ,,0,-0.0,False,,,
2012-03-20,300750.SZ,,0,-0.0,False,,,
2012-03-21,300750.SZ,,0,-0.0,False,,,
2012-03-22,300750.SZ,,0,-0.0,False,,,
2012-03-23,300750.SZ,,0,-0.0,False,,,
2012-03-26,300750.SZ,,0,-0.0,False,,,
2012-03-27,300750.SZ,,0,-0.0,False,,,
2012-03-28,300750.SZ,,0,-0.0,False,,,
2012-03-29,300750.SZ,,0,-0.0,False,,,
2012-03-30,300750.SZ,,0,-0.0,False,,,
2012-04-05,300750.SZ,,0,-0.0,False,,,
2012-04-06,300750.SZ,,0,-0.0,False,,,
2012-04-09,300750.SZ,,0,-0.0,False,,,
2012-04-10,300750.SZ,,0,-0.0,False,,,
2012-04-11,300750.SZ,,0,-0.0,False,,,
2012-04-12,300750.SZ,,0,-0.0,False,,,
2012-04-13,300750.SZ,,0,-0.0,False,,,
2012-04-16,300750.SZ,,0,-0.0,False,,,
2012-04-17,300750.SZ,,0,-0.0,False,,,
2012-04-18,300750.SZ,,0,-0.0,False,,,
2012-04-19,300750.SZ,,0,-0.0,False,,,
2012-04-20,300750.SZ,,0,-0.0,False,,,
2012-04-23,300750.SZ,,0,-0.0,False,,,
2012-04-24,300750.SZ,,0,-0.0,False,,,
2012-04-25,300750.SZ,,0,-0.0,False,,,
2012-04-26,300750.SZ,,0,-0.0,False,,,
2012-04-27,300750.SZ,,0,-0.0,False,,,
2012-05-02,300750.SZ,,0,-0.0,False,,,
2012-05-03,300750.SZ,,0,-0.0,False,,,
2012-05-04,300750.SZ,,0,-0.0,False,,,
2012-05-07,300750.SZ,,0,-0.0,False,,,
2012-05-08,300750.SZ,,0,-0.0,False,,,
2012-05-09,300750.SZ,,0,-0.0,False,,,
2012-05-10,300750.SZ,,0,-0.0,False,,,
2012-05-11,300750.SZ,,0,-0.0,False,,,
2012-05-14,300750.SZ,,0,-0.0,False,,,
2012-05-15,300750.SZ,,0,-0.0,False,,,
2012-05-16,300750.SZ,,0,-0.0,False,,,
2012-05-17,300750.SZ,,0,-0.0,False,,,
2012-05-18,300750.SZ,,0,-0.0,False,,,
2012-05-21,300750.SZ,,0,-0.0,False,,,
2012-05-22,300750.SZ,,0,-0.0,False,,,
2012-05-23,300750.SZ,,0,-0.0,False,,,
2012-05-24,300750.SZ,,0,-0.0,False,,,
2012-05-25,300750.SZ,,0,-0.0,False,,,
2012-05-28,300750.SZ,,0,-0.0,False,,,
2012-05-29,300750.SZ,,0,-0.0,False,,,
2012-05-30,300750.SZ,,0,-0.0,False,,,
2012-05-31,300750.SZ,,0,-0.0,False,,,
2012-06-01,300750.SZ,,0,-0.0,False,,,
2012-06-04,300750.SZ,,0,-0.0,False,,,
2012-06-05,300750.SZ,,0,-0.0,False,,,
2012-06-06,300750.SZ,,0,-0.0,False,,,
2012-06-07,300750.SZ,,0,-0.0,False,,,
2012-06-08,300750.SZ,,0,-0.0,False,,,
2012-06-11,300750.SZ,,0,-0.0,False,,,
2012-06-12,300750.SZ,,0,-0.0,False,,,
2012-06-13,300750.SZ,,0,-0.0,False,,,
2012-06-14,300750.SZ,,0,-0.0,False,,,
2012-06-15,300750.SZ,,0,-0.0,False,,,
2012-06-18,300750.SZ,,0,-0.0,False,,,
2012-06-19,300750.SZ,,0,-0.0,False,,,
2012-06-20,300750.SZ,,0,-0.0,False,,,
2012-06-21,300750.SZ,,0,-0.0,False,,,
2012-06-25,300750.SZ,,0,-0.0,False,,,
2012-06-26,300750.SZ,,0,-0.0,False,,,
2012-06-27,300750.SZ,,0,-0.0,False,,,
2012-06-28,300750.SZ,,0,-0.0,False,,,
2012-06-29,300750.SZ,,0,-0.0,False,,,
2012-07-02,300750.SZ,,0,-0.0,False,,,
2012-07-03,300750.SZ,,0,-0.0,False,,,
2012-07-04,300750.SZ,,0,-0.0,False,,,
2012-07-05,300750.SZ,,0,-0.0,False,,,
2012-07-06,300750.SZ,,0,-0.0,False,,,
2012-07-09,300750.SZ,,0,-0.0,False,,,
2012-07-10,300750.SZ,,0,-0.0,False,,,
2012-07-11,300750.SZ,,0,-0.0,False,,,
2012-07-12,300750.SZ,,0,-0.0,False,,,
2012-07-13,300750.SZ,,0,-0.0,False,,,
2012-07-16,300750.SZ,,0,-0.0,False,,,
2012-07-17,300750.SZ,,0,-0.0,False,,,
2012-07-18,300750.SZ,,0,-0.0,False,,,
2012-07-19,300750.SZ,,0,-0.0,False,,,
2012-07-20,300750.SZ,,0,-0.0,False,,,
2012-07-23,300750.SZ,,0,-0.0,False,,,
2012-07-24,300750.SZ,,0,-0.0,False,,,
2012-07-25,300750.SZ,,0,-0.0,False,,,
2012-07-26,300750.SZ,,0,-0.0,False,,,
2012-07-27,300750.SZ,,0,-0.0,False,,,
2012-07-30,300750.SZ,,0,-0.0,False,,,
2012-07-31,300750.SZ,,0,-0.0,False,,,
2012-08-01,300750.SZ,,0,-0.0,False,,,
2012-08-02,300750.SZ,,0,-0.0,False,,,
2012-08-03,300750.SZ,,0,-0.0,False,,,
2012-08-06,300750.SZ,,0,-0.0,False,,,
2012-08-07,300750.SZ,,0,-0.0,False,,,
2012-08-08,300750.SZ,,0,-0.0,False,,,
2012-08-09,300750.SZ,,0,-0.0,False,,,
2012-08-10,300750.SZ,,0,-0.0,False,,,
2012-08-13,300750.SZ,,0,-0.0,False,,,
2012-08-14,300750.SZ,,0,-0.0,False,,,
2012-08-15,300750.SZ,,0,-0.0,False,,,
2012-08-16,300750.SZ,,0,-0.0,False,,,
2012-08-17,300750.SZ,,0,-0.0,False,,,
2012-08-20,300750.SZ,,0,-0.0,False,,,
2012-08-21,300750.SZ,,0,-0.0,False,,,
2012-08-22,300750.SZ,,0,-0.0,False,,,
2012-08-23,300750.SZ,,0,-0.0,False,,,
2012-08-24,300750.SZ,,0,-0.0,False,,,
2012-08-27,300750.SZ,,0,-0.0,False,,,
2012-08-28,300750.SZ,,0,-0.0,False,,,
2012-08-29,300750.SZ,,0,-0.0,False,,,
2012-08-30,300750.SZ,,0,-0.0,False,,,
2012-08-31,300750.SZ,,0,-0.0,False,,,
2012-09-03,300750.SZ,,0,-0.0,False,,,
2012-09-04,300750.SZ,,0,-0.0,False,,,
2012-09-05,300750.SZ,,0,-0.0,False,,,
2012-09-06,300750.SZ,,0,-0.0,False,,,
2012-09-07,300750.SZ,,0,-0.0,False,,,
2012-09-10,300750.SZ,,0,-0.0,False,,,
2012-09-11,300750.SZ,,0,-0.0,False,,,
2012-09-12,300750.SZ,,0,-0.0,False,,,
2012-09-13,300750.SZ,,0,-0.0,False,,,
2012-09-14,300750.SZ,,0,-0.0,False,,,
2012-09-17,300750.SZ,,0,-0.0,False,,,
2012-09-18,300750.SZ,,0,-0.0,False,,,
2012-09-19,300750.SZ,,0,-0.0,False,,,
2012-09-20,300750.SZ,,0,-0.0,False,,,
2012-09-21,300750.SZ,,0,-0.0,False,,,
2012-09-24,300750.SZ,,0,-0.0,False,,,
2012-09-25,300750.SZ,,0,-0.0,False,,,
2012-09-26,300750.SZ,,0,-0.0,False,,,
2012-09-27,300750.SZ,,0,-0.0,False,,,
2012-09-28,300750.SZ,,0,-0.0,False,,,
2012-10-08,300750.SZ,,0,-0.0,False,,,
2012-10-09,300750.SZ,,0,-0.0,False,,,
2012-10-10,300750.SZ,,0,-0.0,False,,,
2012-10-11,300750.SZ,,0,-0.0,False,,,
2012-10-12,300750.SZ,,0,-0.0,False,,,
2012-10-15,300750.SZ,,0,-0.0,False,,,
2012-10-16,300750.SZ,,0,-0.0,False,,,
2012-10-17,300750.SZ,,0,-0.0,False,,,
2012-10-18,300750.SZ,,0,-0.0,False,,,
2012-10-19,300750.SZ,,0,-0.0,False,,,
2012-10-22,300750.SZ,,0,-0.0,False,,,
2012-10-23,300750.SZ,,0,-0.0,False,,,
2012-10-24,300750.SZ,,0,-0.0,False,,,
2012-10-25,300750.SZ,,0,-0.0,False,,,
2012-10-26,300750.SZ,,0,-0.0,False,,,
2012-10-29,300750.SZ,,0,-0.0,False,,,
2012-10-30,300750.SZ,,0,-0.0,False,,,
2012-10-31,300750.SZ,,0,-0.0,False,,,
2012-11-01,300750.SZ,,0,-0.0,False,,,
2012-11-02,300750.SZ,,0,-0.0,False,,,
2012-11-05,300750.SZ,,0,-0.0,False,,,
2012-11-06,300750.SZ,,0,-0.0,False,,,
2012-11-07,300750.SZ,,0,-0.0,False,,,
2012-11-08,300750.SZ,,0,-0.0,False,,,
2012-11-09,300750.SZ,,0,-0.0,False,,,
2012-11-12,300750.SZ,,0,-0.0,False,,,
2012-11-13,300750.SZ,,0,-0.0,False,,,
2012-11-14,300750.SZ,,0,-0.0,False,,,
2012-11-15,300750.SZ,,0,-0.0,False,,,
2012-11-16,300750.SZ,,0,-0.0,False,,,
2012-11-19,300750.SZ,,0,-0.0,False,,,
2012-11-20,300750.SZ,,0,-0.0,False,,,
2012-11-21,300750.SZ,,0,-0.0,False,,,
2012-11-22,300750.SZ,,0,-0.0,False,,,
2012-11-23,300750.SZ,,0,-0.0,False,,,
2012-11-26,300750.SZ,,0,-0.0,False,,,
2012-11-27,300750.SZ,,0,-0.0,False,,,
2012-11-28,300750.SZ,,0,-0.0,False,,,
2012-11-29,300750.SZ,,0,-0.0,False,,,
2012-11-30,300750.SZ,,0,-0.0,False,,,
2012-12-03,300750.SZ,,0,-0.0,False,,,
2012-12-04,300750.SZ,,0,-0.0,False,,,
2012-12-05,300750.SZ,,0,-0.0,False,,,
2012-12-06,300750.SZ,,0,-0.0,False,,,
2012-12-07,300750.SZ,,0,-0.0,False,,,
2012-12-10,300750.SZ,,0,-0.0,False,,,
2012-12-11,300750.SZ,,0,-0.0,False,,,
2012-12-12,300750.SZ,,0,-0.0,False,,,
2012-12-13,300750.SZ,,0,-0.0,False,,,
2012-12-14,300750.SZ,,0,-0.0,False,,,
2012-12-17,300750.SZ,,0,-0.0,False,,,
2012-12-18,300750.SZ,,0,-0.0,False,,,
2012-12-19,300750.SZ,,0,-0.0,False,,,
2012-12-20,300750.SZ,,0,-0.0,False,,,
2012-12-21,300750.SZ,,0,-0.0,False,,,
2012-12-24,300750.SZ,,0,-0.0,False,,,
2012-12-25,300750.SZ,,0,-0.0,False,,,
2012-12-26,300750.SZ,,0,-0.0,False,,,
2012-12-27,300750.SZ,,0,-0.0,False,,,
2012-12-28,300750.SZ,,0,-0.0,False,,,
2012-12-31,300750.SZ,,0,-0.0,False,,,
2013-01-04,300750.SZ,,0,-0.0,False,,,
2013-01-07,300750.SZ,,0,-0.0,False,,,
2013-01-08,300750.SZ,,0,-0.0,False,,,
2013-01-09,300750.SZ,,0,-0.0,False,,,
2013-01-10,300750.SZ,,0,-0.0,False,,,
2013-01-11,300750.SZ,,0,-0.0,False,,,
2013-01-14,300750.SZ,,0,-0.0,False,,,
2013-01-15,300750.SZ,,0,-0.0,False,,,
2013-01-16,300750.SZ,,0,-0.0,False,,,
2013-01-17,300750.SZ,,0,-0.0,False,,,
2013-01-18,300750.SZ,,0,-0.0,False,,,
2013-01-21,300750.SZ,,0,-0.0,False,,,
2013-01-22,300750.SZ,,0,-0.0,False,,,
2013-01-23,300750.SZ,,0,-0.0,False,,,
2013-01-24,300750.SZ,,0,-0.0,False,,,
2013-01-25,300750.SZ,,0,-0.0,False,,,
2013-01-28,300750.SZ,,0,-0.0,False,,,
2013-01-29,300750.SZ,,0,-0.0,False,,,
2013-01-30,300750.SZ,,0,-0.0,False,,,
2013-01-31,300750.SZ,,0,-0.0,False,,,
2013-02-01,300750.SZ,,0,-0.0,False,,,
2013-02-04,300750.SZ,,0,-0.0,False,,,
2013-02-05,300750.SZ,,0,-0.0,False,,,
2013-02-06,300750.SZ,,0,-0.0,False,,,
2013-02-07,300750.SZ,,0,-0.0,False,,,
2013-02-08,300750.SZ,,0,-0.0,False,,,
2013-02-18,300750.SZ,,0,-0.0,False,,,
2013-02-19,300750.SZ,,0,-0.0,False,,,
2013-02-20,300750.SZ,,0,-0.0,False,,,
2013-02-21,300750.SZ,,0,-0.0,False,,,
2013-02-22,300750.SZ,,0,-0.0,False,,,
2013-02-25,300750.SZ,,0,-0.0,False,,,
2013-02-26,300750.SZ,,0,-0.0,False,,,
2013-02-27,300750.SZ,,0,-0.0,False,,,
2013-02-28,300750.SZ,,0,-0.0,False,,,
2013-03-01,300750.SZ,,0,-0.0,False,,,
2013-03-04,300750.SZ,,0,-0.0,False,,,
2013-03-05,300750.SZ,,0,-0.0,False,,,
2013-03-06,300750.SZ,,0,-0.0,False,,,
2013-03-07,300750.SZ,,0,-0.0,False,,,
2013-03-08,300750.SZ,,0,-0.0,False,,,
2013-03-11,300750.SZ,,0,-0.0,False,,,
2013-03-12,300750.SZ,,0,-0.0,False,,,
2013-03-13,300750.SZ,,0,-0.0,False,,,
2013-03-14,300750.SZ,,0,-0.0,False,,,
2013-03-15,300750.SZ,,0,-0.0,False,,,
2013-03-18,300750.SZ,,0,-0.0,False,,,
2013-03-19,300750.SZ,,0,-0.0,False,,,
2013-03-20,300750.SZ,,0,-0.0,False,,,
2013-03-21,300750.SZ,,0,-0.0,False,,,
2013-03-22,300750.SZ,,0,-0.0,False,,,
2013-03-25,300750.SZ,,0,-0.0,False,,,
2013-03-26,300750.SZ,,0,-0.0,False,,,
2013-03-27,300750.SZ,,0,-0.0,False,,,
2013-03-28,300750.SZ,,0,-0.0,False,,,
2013-03-29,300750.SZ,,0,-0.0,False,,,
2013-04-01,300750.SZ,,0,-0.0,False,,,
2013-04-02,300750.SZ,,0,-0.0,False,,,
2013-04-03,300750.SZ,,0,-0.0,False,,,
2013-04-08,300750.SZ,,0,-0.0,False,,,
2013-04-09,300750.SZ,,0,-0.0,False,,,
2013-04-10,300750.SZ,,0,-0.0,False,,,
2013-04-11,300750.SZ,,0,-0.0,False,,,
2013-04-12,300750.SZ,,0,-0.0,False,,,
2013-04-15,300750.SZ,,0,-0.0,False,,,
2013-04-16,300750.SZ,,0,-0.0,False,,,
2013-04-17,300750.SZ,,0,-0.0,False,,,
2013-04-18,300750.SZ,,0,-0.0,False,,,
2013-04-19,300750.SZ,,0,-0.0,False,,,
2013-04-22,300750.SZ,,0,-0.0,False,,,
2013-04-23,300750.SZ,,0,-0.0,False,,,
2013-04-24,300750.SZ,,0,-0.0,False,,,
2013-04-25,300750.SZ,,0,-0.0,False,,,
2013-04-26,300750.SZ,,0,-0.0,False,,,
2013-05-02,300750.SZ,,0,-0.0,False,,,
2013-05-03,300750.SZ,,0,-0.0,False,,,
2013-05-06,300750.SZ,,0,-0.0,False,,,
2013-05-07,300750.SZ,,0,-0.0,False,,,
2013-05-08,300750.SZ,,0,-0.0,False,,,
2013-05-09,300750.SZ,,0,-0.0,False,,,
2013-05-10,300750.SZ,,0,-0.0,False,,,
2013-05-13,300750.SZ,,0,-0.0,False,,,
2013-05-14,300750.SZ,,0,-0.0,False,,,
2013-05-15,300750.SZ,,0,-0.0,False,,,
2013-05-16,300750.SZ,,0,-0.0,False,,,
2013-05-17,300750.SZ,,0,-0.0,False,,,
2013-05-20,300750.SZ,,0,-0.0,False,,,
2013-05-21,300750.SZ,,0,-0.0,False,,,
2013-05-22,300750.SZ,,0,-0.0,False,,,
2013-05-23,300750.SZ,,0,-0.0,False,,,
2013-05-24,300750.SZ,,0,-0.0,False,,,
2013-05-27,300750.SZ,,0,-0.0,False,,,
2013-05-28,300750.SZ,,0,-0.0,False,,,
2013-05-29,300750.SZ,,0,-0.0,False,,,
2013-05-30,300750.SZ,,0,-0.0,False,,,
2013-05-31,300750.SZ,,0,-0.0,False,,,
2013-06-03,300750.SZ,,0,-0.0,False,,,
2013-06-04,300750.SZ,,0,-0.0,False,,,
2013-06-05,300750.SZ,,0,-0.0,False,,,
2013-06-06,300750.SZ,,0,-0.0,False,,,
2013-06-07,300750.SZ,,0,-0.0,False,,,
2013-06-13,300750.SZ,,0,-0.0,False,,,
2013-06-14,300750.SZ,,0,-0.0,False,,,
2013-06-17,300750.SZ,,0,-0.0,False,,,
2013-06-18,300750.SZ,,0,-0.0,False,,,
2013-06-19,300750.SZ,,0,-0.0,False,,,
2013-06-20,300750.SZ,,0,-0.0,False,,,
2013-06-21,300750.SZ,,0,-0.0,False,,,
2013-06-24,300750.SZ,,0,-0.0,False,,,
2013-06-25,300750.SZ,,0,-0.0,False,,,
2013-06-26,300750.SZ,,0,-0.0,False,,,
2013-06-27,300750.SZ,,0,-0.0,False,,,
2013-06-28,300750.SZ,,0,-0.0,False,,,
2013-07-01,300750.SZ,,0,-0.0,False,,,
2013-07-02,300750.SZ,,0,-0.0,False,,,
2013-07-03,300750.SZ,,0,-0.0,False,,,
2013-07-04,300750.SZ,,0,-0.0,False,,,
2013-07-05,300750.SZ,,0,-0.0,False,,,
2013-07-08,300750.SZ,,0,-0.0,False,,,
2013-07-09,300750.SZ,,0,-0.0,False,,,
2013-07-10,300750.SZ,,0,-0.0,False,,,
2013-07-11,300750.SZ,,0,-0.0,False,,,
2013-07-12,300750.SZ,,0,-0.0,False,,,
2013-07-15,300750.SZ,,0,-0.0,False,,,
2013-07-16,300750.SZ,,0,-0.0,False,,,
2013-07-17,300750.SZ,,0,-0.0,False,,,
2013-07-18,300750.SZ,,0,-0.0,False,,,
2013-07-19,300750.SZ,,0,-0.0,False,,,
2013-07-22,300750.SZ,,0,-0.0,False,,,
2013-07-23,300750.SZ,,0,-0.0,False,,,
2013-07-24,300750.SZ,,0,-0.0,False,,,
2013-07-25,300750.SZ,,0,-0.0,False,,,
2013-07-26,300750.SZ,,0,-0.0,False,,,
2013-07-29,300750.SZ,,0,-0.0,False,,,
2013-07-30,300750.SZ,,0,-0.0,False,,,
2013-07-31,300750.SZ,,0,-0.0,False,,,
2013-08-01,300750.SZ,,0,-0.0,False,,,
2013-08-02,300750.SZ,,0,-0.0,False,,,
2013-08-05,300750.SZ,,0,-0.0,False,,,
2013-08-06,300750.SZ,,0,-0.0,False,,,
2013-08-07,300750.SZ,,0,-0.0,False,,,
2013-08-08,300750.SZ,,0,-0.0,False,,,
2013-08-09,300750.SZ,,0,-0.0,False,,,
2013-08-12,300750.SZ,,0,-0.0,False,,,
2013-08-13,300750.SZ,,0,-0.0,False,,,
2013-08-14,300750.SZ,,0,-0.0,False,,,
2013-08-15,300750.SZ,,0,-0.0,False,,,
2013-08-16,300750.SZ,,0,-0.0,False,,,
2013-08-19,300750.SZ,,0,-0.0,False,,,
2013-08-20,300750.SZ,,0,-0.0,False,,,
2013-08-21,300750.SZ,,0,-0.0,False,,,
2013-08-22,300750.SZ,,0,-0.0,False,,,
2013-08-23,300750.SZ,,0,-0.0,False,,,
2013-08-26,300750.SZ,,0,-0.0,False,,,
2013-08-27,300750.SZ,,0,-0.0,False,,,
2013-08-28,300750.SZ,,0,-0.0,False,,,
2013-08-29,300750.SZ,,0,-0.0,False,,,
2013-08-30,300750.SZ,,0,-0.0,False,,,
2013-09-02,300750.SZ,,0,-0.0,False,,,
2013-09-03,300750.SZ,,0,-0.0,False,,,
2013-09-04,300750.SZ,,0,-0.0,False,,,
2013-09-05,300750.SZ,,0,-0.0,False,,,
2013-09-06,300750.SZ,,0,-0.0,False,,,
2013-09-09,300750.SZ,,0,-0.0,False,,,
2013-09-10,300750.SZ,,0,-0.0,False,,,
2013-09-11,300750.SZ,,0,-0.0,False,,,
2013-09-12,300750.SZ,,0,-0.0,False,,,
2013-09-13,300750.SZ,,0,-0.0,False,,,
2013-09-16,300750.SZ,,0,-0.0,False,,,
2013-09-17,300750.SZ,,0,-0.0,False,,,
2013-09-18,300750.SZ,,0,-0.0,False,,,
2013-09-23,300750.SZ,,0,-0.0,False,,,
2013-09-24,300750.SZ,,0,-0.0,False,,,
2013-09-25,300750.SZ,,0,-0.0,False,,,
2013-09-26,300750.SZ,,0,-0.0,False,,,
2013-09-27,300750.SZ,,0,-0.0,False,,,
2013-09-30,300750.SZ,,0,-0.0,False,,,
2013-10-08,300750.SZ,,0,-0.0,False,,,
2013-10-09,300750.SZ,,0,-0.0,False,,,
2013-10-10,300750.SZ,,0,-0.0,False,,,
2013-10-11,300750.SZ,,0,-0.0,False,,,
2013-10-14,300750.SZ,,0,-0.0,False,,,
2013-10-15,300750.SZ,,0,-0.0,False,,,
2013-10-16,300750.SZ,,0,-0.0,False,,,
2013-10-17,300750.SZ,,0,-0.0,False,,,
2013-10-18,300750.SZ,,0,-0.0,False,,,
2013-10-21,300750.SZ,,0,-0.0,False,,,
2013-10-22,300750.SZ,,0,-0.0,False,,,
2013-10-23,300750.SZ,,0,-0.0,False,,,
2013-10-24,300750.SZ,,0,-0.0,False,,,
2013-10-25,300750.SZ,,0,-0.0,False,,,
2013-10-28,300750.SZ,,0,-0.0,False,,,
2013-10-29,300750.SZ,,0,-0.0,False,,,
2013-10-30,300750.SZ,,0,-0.0,False,,,
2013-10-31,300750.SZ,,0,-0.0,False,,,
2013-11-01,300750.SZ,,0,-0.0,False,,,
2013-11-04,300750.SZ,,0,-0.0,False,,,
2013-11-05,300750.SZ,,0,-0.0,False,,,
2013-11-06,300750.SZ,,0,-0.0,False,,,
2013-11-07,300750.SZ,,0,-0.0,False,,,
2013-11-08,300750.SZ,,0,-0.0,False,,,
2013-11-11,300750.SZ,,0,-0.0,False,,,
2013-11-12,300750.SZ,,0,-0.0,False,,,
2013-11-13,300750.SZ,,0,-0.0,False,,,
2013-11-14,300750.SZ,,0,-0.0,False,,,
2013-11-15,300750.SZ,,0,-0.0,False,,,
2013-11-18,300750.SZ,,0,-0.0,False,,,
2013-11-19,300750.SZ,,0,-0.0,False,,,
2013-11-20,300750.SZ,,0,-0.0,False,,,
2013-11-21,300750.SZ,,0,-0.0,False,,,
2013-11-22,300750.SZ,,0,-0.0,False,,,
2013-11-25,300750.SZ,,0,-0.0,False,,,
2013-11-26,300750.SZ,,0,-0.0,False,,,
2013-11-27,300750.SZ,,0,-0.0,False,,,
2013-11-28,300750.SZ,,0,-0.0,False,,,
2013-11-29,300750.SZ,,0,-0.0,False,,,
2013-12-02,300750.SZ,,0,-0.0,False,,,
2013-12-03,300750.SZ,,0,-0.0,False,,,
2013-12-04,300750.SZ,,0,-0.0,False,,,
2013-12-05,300750.SZ,,0,-0.0,False,,,
2013-12-06,300750.SZ,,0,-0.0,False,,,
2013-12-09,300750.SZ,,0,-0.0,False,,,
2013-12-10,300750.SZ,,0,-0.0,False,,,
2013-12-11,300750.SZ,,0,-0.0,False,,,
2013-12-12,300750.SZ,,0,-0.0,False,,,
2013-12-13,300750.SZ,,0,-0.0,False,,,
2013-12-16,300750.SZ,,0,-0.0,False,,,
2013-12-17,300750.SZ,,0,-0.0,False,,,
2013-12-18,300750.SZ,,0,-0.0,False,,,
2013-12-19,300750.SZ,,0,-0.0,False,,,
2013-12-20,300750.SZ,,0,-0.0,False,,,
2013-12-23,300750.SZ,,0,-0.0,False,,,
2013-12-24,300750.SZ,,0,-0.0,False,,,
2013-12-25,300750.SZ,,0,-0.0,False,,,
2013-12-26,300750.SZ,,0,-0.0,False,,,
2013-12-27,300750.SZ,,0,-0.0,False,,,
2013-12-30,300750.SZ,,0,-0.0,False,,,
2013-12-31,300750.SZ,,0,-0.0,False,,,
2014-01-02,300750.SZ,,0,-0.0,False,,,
2014-01-03,300750.SZ,,0,-0.0,False,,,
2014-01-06,300750.SZ,,0,-0.0,False,,,
2014-01-07,300750.SZ,,0,-0.0,False,,,
2014-01-08,300750.SZ,,0,-0.0,False,,,
2014-01-09,300750.SZ,,0,-0.0,False,,,
2014-01-10,300750.SZ,,0,-0.0,False,,,
2014-01-13,300750.SZ,,0,-0.0,False,,,
2014-01-14,300750.SZ,,0,-0.0,False,,,
2014-01-15,300750.SZ,,0,-0.0,False,,,
2014-01-16,300750.SZ,,0,-0.0,False,,,
2014-01-17,300750.SZ,,0,-0.0,False,,,
2014-01-20,300750.SZ,,0,-0.0,False,,,
2014-01-21,300750.SZ,,0,-0.0,False,,,
2014-01-22,300750.SZ,,0,-0.0,False,,,
2014-01-23,300750.SZ,,0,-0.0,False,,,
2014-01-24,300750.SZ,,0,-0.0,False,,,
2014-01-27,300750.SZ,,0,-0.0,False,,,
2014-01-28,300750.SZ,,0,-0.0,False,,,
2014-01-29,300750.SZ,,0,-0.0,False,,,
2014-01-30,300750.SZ,,0,-0.0,False,,,
2014-02-07,300750.SZ,,0,-0.0,False,,,
2014-02-10,300750.SZ,,0,-0.0,False,,,
2014-02-11,300750.SZ,,0,-0.0,False,,,
2014-02-12,300750.SZ,,0,-0.0,False,,,
2014-02-13,300750.SZ,,0,-0.0,False,,,
2014-02-14,300750.SZ,,0,-0.0,False,,,
2014-02-17,300750.SZ,,0,-0.0,False,,,
2014-02-18,300750.SZ,,0,-0.0,False,,,
2014-02-19,300750.SZ,,0,-0.0,False,,,
2014-02-20,300750.SZ,,0,-0.0,False,,,
2014-02-21,300750.SZ,,0,-0.0,False,,,
2014-02-24,300750.SZ,,0,-0.0,False,,,
2014-02-25,300750.SZ,,0,-0.0,False,,,
2014-02-26,300750.SZ,,0,-0.0,False,,,
2014-02-27,300750.SZ,,0,-0.0,False,,,
2014-02-28,300750.SZ,,0,-0.0,False,,,
2014-03-03,300750.SZ,,0,-0.0,False,,,
2014-03-04,300750.SZ,,0,-0.0,False,,,
2014-03-05,300750.SZ,,0,-0.0,False,,,
2014-03-06,300750.SZ,,0,-0.0,False,,,
2014-03-07,300750.SZ,,0,-0.0,False,,,
2014-03-10,300750.SZ,,0,-0.0,False,,,
2014-03-11,300750.SZ,,0,-0.0,False,,,
2014-03-12,300750.SZ,,0,-0.0,False,,,
2014-03-13,300750.SZ,,0,-0.0,False,,,
2014-03-14,300750.SZ,,0,-0.0,False,,,
2014-03-17,300750.SZ,,0,-0.0,False,,,
2014-03-18,300750.SZ,,0,-0.0,False,,,
2014-03-19,300750.SZ,,0,-0.0,False,,,
2014-03-20,300750.SZ,,0,-0.0,False,,,
2014-03-21,300750.SZ,,0,-0.0,False,,,
2014-03-24,300750.SZ,,0,-0.0,False,,,
2014-03-25,300750.SZ,,0,-0.0,False,,,
2014-03-26,300750.SZ,,0,-0.0,False,,,
2014-03-27,300750.SZ,,0,-0.0,False,,,
2014-03-28,300750.SZ,,0,-0.0,False,,,
2014-03-31,300750.SZ,,0,-0.0,False,,,
2014-04-01,300750.SZ,,0,-0.0,False,,,
2014-04-02,300750.SZ,,0,-0.0,False,,,
2014-04-03,300750.SZ,,0,-0.0,False,,,
2014-04-04,300750.SZ,,0,-0.0,False,,,
2014-04-08,300750.SZ,,0,-0.0,False,,,
2014-04-09,300750.SZ,,0,-0.0,False,,,
2014-04-10,300750.SZ,,0,-0.0,False,,,
2014-04-11,300750.SZ,,0,-0.0,False,,,
2014-04-14,300750.SZ,,0,-0.0,False,,,
2014-04-15,300750.SZ,,0,-0.0,False,,,
2014-04-16,300750.SZ,,0,-0.0,False,,,
2014-04-17,300750.SZ,,0,-0.0,False,,,
2014-04-18,300750.SZ,,0,-0.0,False,,,
2014-04-21,300750.SZ,,0,-0.0,False,,,
2014-04-22,300750.SZ,,0,-0.0,False,,,
2014-04-23,300750.SZ,,0,-0.0,False,,,
2014-04-24,300750.SZ,,0,-0.0,False,,,
2014-04-25,300750.SZ,,0,-0.0,False,,,
2014-04-28,300750.SZ,,0,-0.0,False,,,
2014-04-29,300750.SZ,,0,-0.0,False,,,
2014-04-30,300750.SZ,,0,-0.0,False,,,
2014-05-05,300750.SZ,,0,-0.0,False,,,
2014-05-06,300750.SZ,,0,-0.0,False,,,
2014-05-07,300750.SZ,,0,-0.0,False,,,
2014-05-08,300750.SZ,,0,-0.0,False,,,
2014-05-09,300750.SZ,,0,-0.0,False,,,
2014-05-12,300750.SZ,,0,-0.0,False,,,
2014-05-13,300750.SZ,,0,-0.0,False,,,
2014-05-14,300750.SZ,,0,-0.0,False,,,
2014-05-15,300750.SZ,,0,-0.0,False,,,
2014-05-16,300750.SZ,,0,-0.0,False,,,
2014-05-19,300750.SZ,,0,-0.0,False,,,
2014-05-20,300750.SZ,,0,-0.0,False,,,
2014-05-21,300750.SZ,,0,-0.0,False,,,
2014-05-22,300750.SZ,,0,-0.0,False,,,
2014-05-23,300750.SZ,,0,-0.0,False,,,
2014-05-26,300750.SZ,,0,-0.0,False,,,
2014-05-27,300750.SZ,,0,-0.0,False,,,
2014-05-28,300750.SZ,,0,-0.0,False,,,
2014-05-29,300750.SZ,,0,-0.0,False,,,
2014-05-30,300750.SZ,,0,-0.0,False,,,
2014-06-03,300750.SZ,,0,-0.0,False,,,
2014-06-04,300750.SZ,,0,-0.0,False,,,
2014-06-05,300750.SZ,,0,-0.0,False,,,
2014-06-06,300750.SZ,,0,-0.0,False,,,
2014-06-09,300750.SZ,,0,-0.0,False,,,
2014-06-10,300750.SZ,,0,-0.0,False,,,
2014-06-11,300750.SZ,,0,-0.0,False,,,
2014-06-12,300750.SZ,,0,-0.0,False,,,
2014-06-13,300750.SZ,,0,-0.0,False,,,
2014-06-16,300750.SZ,,0,-0.0,False,,,
2014-06-17,300750.SZ,,0,-0.0,False,,,
2014-06-18,300750.SZ,,0,-0.0,False,,,
2014-06-19,300750.SZ,,0,-0.0,False,,,
2014-06-20,300750.SZ,,0,-0.0,False,,,
2014-06-23,300750.SZ,,0,-0.0,False,,,
2014-06-24,300750.SZ,,0,-0.0,False,,,
2014-06-25,300750.SZ,,0,-0.0,False,,,
2014-06-26,300750.SZ,,0,-0.0,False,,,
2014-06-27,300750.SZ,,0,-0.0,False,,,
2014-06-30,300750.SZ,,0,-0.0,False,,,
2014-07-01,300750.SZ,,0,-0.0,False,,,
2014-07-02,300750.SZ,,0,-0.0,False,,,
2014-07-03,300750.SZ,,0,-0.0,False,,,
2014-07-04,300750.SZ,,0,-0.0,False,,,
2014-07-07,300750.SZ,,0,-0.0,False,,,
2014-07-08,300750.SZ,,0,-0.0,False,,,
2014-07-09,300750.SZ,,0,-0.0,False,,,
2014-07-10,300750.SZ,,0,-0.0,False,,,
2014-07-11,300750.SZ,,0,-0.0,False,,,
2014-07-14,300750.SZ,,0,-0.0,False,,,
2014-07-15,300750.SZ,,0,-0.0,False,,,
2014-07-16,300750.SZ,,0,-0.0,False,,,
2014-07-17,300750.SZ,,0,-0.0,False,,,
2014-07-18,300750.SZ,,0,-0.0,False,,,
2014-07-21,300750.SZ,,0,-0.0,False,,,
2014-07-22,300750.SZ,,0,-0.0,False,,,
2014-07-23,300750.SZ,,0,-0.0,False,,,
2014-07-24,300750.SZ,,0,-0.0,False,,,
2014-07-25,300750.SZ,,0,-0.0,False,,,
2014-07-28,300750.SZ,,0,-0.0,False,,,
2014-07-29,300750.SZ,,0,-0.0,False,,,
2014-07-30,300750.SZ,,0,-0.0,False,,,
2014-07-31,300750.SZ,,0,-0.0,False,,,
2014-08-01,300750.SZ,,0,-0.0,False,,,
2014-08-04,300750.SZ,,0,-0.0,False,,,
2014-08-05,300750.SZ,,0,-0.0,False,,,
2014-08-06,300750.SZ,,0,-0.0,False,,,
2014-08-07,300750.SZ,,0,-0.0,False,,,
2014-08-08,300750.SZ,,0,-0.0,False,,,
2014-08-11,300750.SZ,,0,-0.0,False,,,
2014-08-12,300750.SZ,,0,-0.0,False,,,
2014-08-13,300750.SZ,,0,-0.0,False,,,
2014-08-14,300750.SZ,,0,-0.0,False,,,
2014-08-15,300750.SZ,,0,-0.0,False,,,
2014-08-18,300750.SZ,,0,-0.0,False,,,
2014-08-19,300750.SZ,,0,-0.0,False,,,
2014-08-20,300750.SZ,,0,-0.0,False,,,
2014-08-21,300750.SZ,,0,-0.0,False,,,
2014-08-22,300750.SZ,,0,-0.0,False,,,
2014-08-25,300750.SZ,,0,-0.0,False,,,
2014-08-26,300750.SZ,,0,-0.0,False,,,
2014-08-27,300750.SZ,,0,-0.0,False,,,
2014-08-28,300750.SZ,,0,-0.0,False,,,
2014-08-29,300750.SZ,,0,-0.0,False,,,
2014-09-01,300750.SZ,,0,-0.0,False,,,
2014-09-02,300750.SZ,,0,-0.0,False,,,
2014-09-03,300750.SZ,,0,-0.0,False,,,
2014-09-04,300750.SZ,,0,-0.0,False,,,
2014-09-05,300750.SZ,,0,-0.0,False,,,
2014-09-09,300750.SZ,,0,-0.0,False,,,
2014-09-10,300750.SZ,,0,-0.0,False,,,
2014-09-11,300750.SZ,,0,-0.0,False,,,
2014-09-12,300750.SZ,,0,-0.0,False,,,
2014-09-15,300750.SZ,,0,-0.0,False,,,
2014-09-16,300750.SZ,,0,-0.0,False,,,
2014-09-17,300750.SZ,,0,-0.0,False,,,
2014-09-18,300750.SZ,,0,-0.0,False,,,
2014-09-19,300750.SZ,,0,-0.0,False,,,
2014-09-22,300750.SZ,,0,-0.0,False,,,
2014-09-23,300750.SZ,,0,-0.0,False,,,
2014-09-24,300750.SZ,,0,-0.0,False,,,
2014-09-25,300750.SZ,,0,-0.0,False,,,
2014-09-26,300750.SZ,,0,-0.0,False,,,
2014-09-29,300750.SZ,,0,-0.0,False,,,
2014-09-30,300750.SZ,,0,-0.0,False,,,
2014-10-08,300750.SZ,,0,-0.0,False,,,
2014-10-09,300750.SZ,,0,-0.0,False,,,
2014-10-10,300750.SZ,,0,-0.0,False,,,
2014-10-13,300750.SZ,,0,-0.0,False,,,
2014-10-14,300750.SZ,,0,-0.0,False,,,
2014-10-15,300750.SZ,,0,-0.0,False,,,
2014-10-16,300750.SZ,,0,-0.0,False,,,
2014-10-17,300750.SZ,,0,-0.0,False,,,
2014-10-20,300750.SZ,,0,-0.0,False,,,
2014-10-21,300750.SZ,,0,-0.0,False,,,
2014-10-22,300750.SZ,,0,-0.0,False,,,
2014-10-23,300750.SZ,,0,-0.0,False,,,
2014-10-24,300750.SZ,,0,-0.0,False,,,
2014-10-27,300750.SZ,,0,-0.0,False,,,
2014-10-28,300750.SZ,,0,-0.0,False,,,
2014-10-29,300750.SZ,,0,-0.0,False,,,
2014-10-30,300750.SZ,,0,-0.0,False,,,
2014-10-31,300750.SZ,,0,-0.0,False,,,
2014-11-03,300750.SZ,,0,-0.0,False,,,
2014-11-04,300750.SZ,,0,-0.0,False,,,
2014-11-05,300750.SZ,,0,-0.0,False,,,
2014-11-06,300750.SZ,,0,-0.0,False,,,
2014-11-07,300750.SZ,,0,-0.0,False,,,
2014-11-10,300750.SZ,,0,-0.0,False,,,
2014-11-11,300750.SZ,,0,-0.0,False,,,
2014-11-12,300750.SZ,,0,-0.0,False,,,
2014-11-13,300750.SZ,,0,-0.0,False,,,
2014-11-14,300750.SZ,,0,-0.0,False,,,
2014-11-17,300750.SZ,,0,-0.0,False,,,
2014-11-18,300750.SZ,,0,-0.0,False,,,
2014-11-19,300750.SZ,,0,-0.0,False,,,
2014-11-20,300750.SZ,,0,-0.0,False,,,
2014-11-21,300750.SZ,,0,-0.0,False,,,
2014-11-24,300750.SZ,,0,-0.0,False,,,
2014-11-25,300750.SZ,,0,-0.0,False,,,
2014-11-26,300750.SZ,,0,-0.0,False,,,
2014-11-27,300750.SZ,,0,-0.0,False,,,
2014-11-28,300750.SZ,,0,-0.0,False,,,
2014-12-01,300750.SZ,,0,-0.0,False,,,
2014-12-02,300750.SZ,,0,-0.0,False,,,
2014-12-03,300750.SZ,,0,-0.0,False,,,
2014-12-04,300750.SZ,,0,-0.0,False,,,
2014-12-05,300750.SZ,,0,-0.0,False,,,
2014-12-08,300750.SZ,,0,-0.0,False,,,
2014-12-09,300750.SZ,,0,-0.0,False,,,
2014-12-10,300750.SZ,,0,-0.0,False,,,
2014-12-11,300750.SZ,,0,-0.0,False,,,
2014-12-12,300750.SZ,,0,-0.0,False,,,
2014-12-15,300750.SZ,,0,-0.0,False,,,
2014-12-16,300750.SZ,,0,-0.0,False,,,
2014-12-17,300750.SZ,,0,-0.0,False,,,
2014-12-18,300750.SZ,,0,-0.0,False,,,
2014-12-19,300750.SZ,,0,-0.0,False,,,
2014-12-22,300750.SZ,,0,-0.0,False,,,
2014-12-23,300750.SZ,,0,-0.0,False,,,
2014-12-24,300750.SZ,,0,-0.0,False,,,
2014-12-25,300750.SZ,,0,-0.0,False,,,
2014-12-26,300750.SZ,,0,-0.0,False,,,
2014-12-29,300750.SZ,,0,-0.0,False,,,
2014-12-30,300750.SZ,,0,-0.0,False,,,
2014-12-31,300750.SZ,,0,-0.0,False,,,
2015-01-05,300750.SZ,,0,-0.0,False,,,
2015-01-06,300750.SZ,,0,-0.0,False,,,
2015-01-07,300750.SZ,,0,-0.0,False,,,
2015-01-08,300750.SZ,,0,-0.0,False,,,
2015-01-09,300750.SZ,,0,-0.0,False,,,
2015-01-12,300750.SZ,,0,-0.0,False,,,
2015-01-13,300750.SZ,,0,-0.0,False,,,
2015-01-14,300750.SZ,,0,-0.0,False,,,
2015-01-15,300750.SZ,,0,-0.0,False,,,
2015-01-16,300750.SZ,,0,-0.0,False,,,
2015-01-19,300750.SZ,,0,-0.0,False,,,
2015-01-20,300750.SZ,,0,-0.0,False,,,
2015-01-21,300750.SZ,,0,-0.0,False,,,
2015-01-22,300750.SZ,,0,-0.0,False,,,
2015-01-23,300750.SZ,,0,-0.0,False,,,
2015-01-26,300750.SZ,,0,-0.0,False,,,
2015-01-27,300750.SZ,,0,-0.0,False,,,
2015-01-28,300750.SZ,,0,-0.0,False,,,
2015-01-29,300750.SZ,,0,-0.0,False,,,
2015-01-30,300750.SZ,,0,-0.0,False,,,
2015-02-02,300750.SZ,,0,-0.0,False,,,
2015-02-03,300750.SZ,,0,-0.0,False,,,
2015-02-04,300750.SZ,,0,-0.0,False,,,
2015-02-05,300750.SZ,,0,-0.0,False,,,
2015-02-06,300750.SZ,,0,-0.0,False,,,
2015-02-09,300750.SZ,,0,-0.0,False,,,
2015-02-10,300750.SZ,,0,-0.0,False,,,
2015-02-11,300750.SZ,,0,-0.0,False,,,
2015-02-12,300750.SZ,,0,-0.0,False,,,
2015-02-13,300750.SZ,,0,-0.0,False,,,
2015-02-16,300750.SZ,,0,-0.0,False,,,
2015-02-17,300750.SZ,,0,-0.0,False,,,
2015-02-25,300750.SZ,,0,-0.0,False,,,
2015-02-26,300750.SZ,,0,-0.0,False,,,
2015-02-27,300750.SZ,,0,-0.0,False,,,
2015-03-02,300750.SZ,,0,-0.0,False,,,
2015-03-03,300750.SZ,,0,-0.0,False,,,
2015-03-04,300750.SZ,,0,-0.0,False,,,
2015-03-05,300750.SZ,,0,-0.0,False,,,
2015-03-06,300750.SZ,,0,-0.0,False,,,
2015-03-09,300750.SZ,,0,-0.0,False,,,
2015-03-10,300750.SZ,,0,-0.0,False,,,
2015-03-11,300750.SZ,,0,-0.0,False,,,
2015-03-12,300750.SZ,,0,-0.0,False,,,
2015-03-13,300750.SZ,,0,-0.0,False,,,
2015-03-16,300750.SZ,,0,-0.0,False,,,
2015-03-17,300750.SZ,,0,-0.0,False,,,
2015-03-18,300750.SZ,,0,-0.0,False,,,
2015-03-19,300750.SZ,,0,-0.0,False,,,
2015-03-20,300750.SZ,,0,-0.0,False,,,
2015-03-23,300750.SZ,,0,-0.0,False,,,
2015-03-24,300750.SZ,,0,-0.0,False,,,
2015-03-25,300750.SZ,,0,-0.0,False,,,
2015-03-26,300750.SZ,,0,-0.0,False,,,
2015-03-27,300750.SZ,,0,-0.0,False,,,
2015-03-30,300750.SZ,,0,-0.0,False,,,
2015-03-31,300750.SZ,,0,-0.0,False,,,
2015-04-01,300750.SZ,,0,-0.0,False,,,
2015-04-02,300750.SZ,,0,-0.0,False,,,
2015-04-03,300750.SZ,,0,-0.0,False,,,
2015-04-07,300750.SZ,,0,-0.0,False,,,
2015-04-08,300750.SZ,,0,-0.0,False,,,
2015-04-09,300750.SZ,,0,-0.0,False,,,
2015-04-10,300750.SZ,,0,-0.0,False,,,
2015-04-13,300750.SZ,,0,-0.0,False,,,
2015-04-14,300750.SZ,,0,-0.0,False,,,
2015-04-15,300750.SZ,,0,-0.0,False,,,
2015-04-16,300750.SZ,,0,-0.0,False,,,
2015-04-17,300750.SZ,,0,-0.0,False,,,
2015-04-20,300750.SZ,,0,-0.0,False,,,
2015-04-21,300750.SZ,,0,-0.0,False,,,
2015-04-22,300750.SZ,,0,-0.0,False,,,
2015-04-23,300750.SZ,,0,-0.0,False,,,
2015-04-24,300750.SZ,,0,-0.0,False,,,
2015-04-27,300750.SZ,,0,-0.0,False,,,
2015-04-28,300750.SZ,,0,-0.0,False,,,
2015-04-29,300750.SZ,,0,-0.0,False,,,
2015-04-30,300750.SZ,,0,-0.0,False,,,
2015-05-04,300750.SZ,,0,-0.0,False,,,
2015-05-05,300750.SZ,,0,-0.0,False,,,
2015-05-06,300750.SZ,,0,-0.0,False,,,
2015-05-07,300750.SZ,,0,-0.0,False,,,
2015-05-08,300750.SZ,,0,-0.0,False,,,
2015-05-11,300750.SZ,,0,-0.0,False,,,
2015-05-12,300750.SZ,,0,-0.0,False,,,
2015-05-13,300750.SZ,,0,-0.0,False,,,
2015-05-14,300750.SZ,,0,-0.0,False,,,
2015-05-15,300750.SZ,,0,-0.0,False,,,
2015-05-18,300750.SZ,,0,-0.0,False,,,
2015-05-19,300750.SZ,,0,-0.0,False,,,
2015-05-20,300750.SZ,,0,-0.0,False,,,
2015-05-21,300750.SZ,,0,-0.0,False,,,
2015-05-22,300750.SZ,,0,-0.0,False,,,
2015-05-25,300750.SZ,,0,-0.0,False,,,
2015-05-26,300750.SZ,,0,-0.0,False,,,
2015-05-27,300750.SZ,,0,-0.0,False,,,
2015-05-28,300750.SZ,,0,-0.0,False,,,
2015-05-29,300750.SZ,,0,-0.0,False,,,
2015-06-01,300750.SZ,,0,-0.0,False,,,
2015-06-02,300750.SZ,,0,-0.0,False,,,
2015-06-03,300750.SZ,,0,-0.0,False,,,
2015-06-04,300750.SZ,,0,-0.0,False,,,
2015-06-05,300750.SZ,,0,-0.0,False,,,
2015-06-08,300750.SZ,,0,-0.0,False,,,
2015-06-09,300750.SZ,,0,-0.0,False,,,
2015-06-10,300750.SZ,,0,-0.0,False,,,
2015-06-11,300750.SZ,,0,-0.0,False,,,
2015-06-12,300750.SZ,,0,-0.0,False,,,
2015-06-15,300750.SZ,,0,-0.0,False,,,
2015-06-16,300750.SZ,,0,-0.0,False,,,
2015-06-17,300750.SZ,,0,-0.0,False,,,
2015-06-18,300750.SZ,,0,-0.0,False,,,
2015-06-19,300750.SZ,,0,-0.0,False,,,
2015-06-23,300750.SZ,,0,-0.0,False,,,
2015-06-24,300750.SZ,,0,-0.0,False,,,
2015-06-25,300750.SZ,,0,-0.0,False,,,
2015-06-26,300750.SZ,,0,-0.0,False,,,
2015-06-29,300750.SZ,,0,-0.0,False,,,
2015-06-30,300750.SZ,,0,-0.0,False,,,
2015-07-01,300750.SZ,,0,-0.0,False,,,
2015-07-02,300750.SZ,,0,-0.0,False,,,
2015-07-03,300750.SZ,,0,-0.0,False,,,
2015-07-06,300750.SZ,,0,-0.0,False,,,
2015-07-07,300750.SZ,,0,-0.0,False,,,
2015-07-08,300750.SZ,,0,-0.0,False,,,
2015-07-09,300750.SZ,,0,-0.0,False,,,
2015-07-10,300750.SZ,,0,-0.0,False,,,
2015-07-13,300750.SZ,,0,-0.0,False,,,
2015-07-14,300750.SZ,,0,-0.0,False,,,
2015-07-15,300750.SZ,,0,-0.0,False,,,
2015-07-16,300750.SZ,,0,-0.0,False,,,
2015-07-17,300750.SZ,,0,-0.0,False,,,
2015-07-20,300750.SZ,,0,-0.0,False,,,
2015-07-21,300750.SZ,,0,-0.0,False,,,
2015-07-22,300750.SZ,,0,-0.0,False,,,
2015-07-23,300750.SZ,,0,-0.0,False,,,
2015-07-24,300750.SZ,,0,-0.0,False,,,
2015-07-27,300750.SZ,,0,-0.0,False,,,
2015-07-28,300750.SZ,,0,-0.0,False,,,
2015-07-29,300750.SZ,,0,-0.0,False,,,
2015-07-30,300750.SZ,,0,-0.0,False,,,
2015-07-31,300750.SZ,,0,-0.0,False,,,
2015-08-03,300750.SZ,,0,-0.0,False,,,
2015-08-04,300750.SZ,,0,-0.0,False,,,
2015-08-05,300750.SZ,,0,-0.0,False,,,
2015-08-06,300750.SZ,,0,-0.0,False,,,
2015-08-07,300750.SZ,,0,-0.0,False,,,
2015-08-10,300750.SZ,,0,-0.0,False,,,
2015-08-11,300750.SZ,,0,-0.0,False,,,
2015-08-12,300750.SZ,,0,-0.0,False,,,
2015-08-13,300750.SZ,,0,-0.0,False,,,
2015-08-14,300750.SZ,,0,-0.0,False,,,
2015-08-17,300750.SZ,,0,-0.0,False,,,
2015-08-18,300750.SZ,,0,-0.0,False,,,
2015-08-19,300750.SZ,,0,-0.0,False,,,
2015-08-20,300750.SZ,,0,-0.0,False,,,
2015-08-21,300750.SZ,,0,-0.0,False,,,
2015-08-24,300750.SZ,,0,-0.0,False,,,
2015-08-25,300750.SZ,,0,-0.0,False,,,
2015-08-26,300750.SZ,,0,-0.0,False,,,
2015-08-27,300750.SZ,,0,-0.0,False,,,
2015-08-28,300750.SZ,,0,-0.0,False,,,
2015-08-31,300750.SZ,,0,-0.0,False,,,
2015-09-01,300750.SZ,,0,-0.0,False,,,
2015-09-02,300750.SZ,,0,-0.0,False,,,
2015-09-07,300750.SZ,,0,-0.0,False,,,
2015-09-08,300750.SZ,,0,-0.0,False,,,
2015-09-09,300750.SZ,,0,-0.0,False,,,
2015-09-10,300750.SZ,,0,-0.0,False,,,
2015-09-11,300750.SZ,,0,-0.0,False,,,
2015-09-14,300750.SZ,,0,-0.0,False,,,
2015-09-15,300750.SZ,,0,-0.0,False,,,
2015-09-16,300750.SZ,,0,-0.0,False,,,
2015-09-17,300750.SZ,,0,-0.0,False,,,
2015-09-18,300750.SZ,,0,-0.0,False,,,
2015-09-21,300750.SZ,,0,-0.0,False,,,
2015-09-22,300750.SZ,,0,-0.0,False,,,
2015-09-23,300750.SZ,,0,-0.0,False,,,
2015-09-24,300750.SZ,,0,-0.0,False,,,
2015-09-25,300750.SZ,,0,-0.0,False,,,
2015-09-28,300750.SZ,,0,-0.0,False,,,
2015-09-29,300750.SZ,,0,-0.0,False,,,
2015-09-30,300750.SZ,,0,-0.0,False,,,
2015-10-08,300750.SZ,,0,-0.0,False,,,
2015-10-09,300750.SZ,,0,-0.0,False,,,
2015-10-12,300750.SZ,,0,-0.0,False,,,
2015-10-13,300750.SZ,,0,-0.0,False,,,
2015-10-14,300750.SZ,,0,-0.0,False,,,
2015-10-15,300750.SZ,,0,-0.0,False,,,
2015-10-16,300750.SZ,,0,-0.0,False,,,
2015-10-19,300750.SZ,,0,-0.0,False,,,
2015-10-20,300750.SZ,,0,-0.0,False,,,
2015-10-21,300750.SZ,,0,-0.0,False,,,
2015-10-22,300750.SZ,,0,-0.0,False,,,
2015-10-23,300750.SZ,,0,-0.0,False,,,
2015-10-26,300750.SZ,,0,-0.0,False,,,
2015-10-27,300750.SZ,,0,-0.0,False,,,
2015-10-28,300750.SZ,,0,-0.0,False,,,
2015-10-29,300750.SZ,,0,-0.0,False,,,
2015-10-30,300750.SZ,,0,-0.0,False,,,
2015-11-02,300750.SZ,,0,-0.0,False,,,
2015-11-03,300750.SZ,,0,-0.0,False,,,
2015-11-04,300750.SZ,,0,-0.0,False,,,
2015-11-05,300750.SZ,,0,-0.0,False,,,
2015-11-06,300750.SZ,,0,-0.0,False,,,
2015-11-09,300750.SZ,,0,-0.0,False,,,
2015-11-10,300750.SZ,,0,-0.0,False,,,
2015-11-11,300750.SZ,,0,-0.0,False,,,
2015-11-12,300750.SZ,,0,-0.0,False,,,
2015-11-13,300750.SZ,,0,-0.0,False,,,
2015-11-16,300750.SZ,,0,-0.0,False,,,
2015-11-17,300750.SZ,,0,-0.0,False,,,
2015-11-18,300750.SZ,,0,-0.0,False,,,
2015-11-19,300750.SZ,,0,-0.0,False,,,
2015-11-20,300750.SZ,,0,-0.0,False,,,
2015-11-23,300750.SZ,,0,-0.0,False,,,
2015-11-24,300750.SZ,,0,-0.0,False,,,
2015-11-25,300750.SZ,,0,-0.0,False,,,
2015-11-26,300750.SZ,,0,-0.0,False,,,
2015-11-27,300750.SZ,,0,-0.0,False,,,
2015-11-30,300750.SZ,,0,-0.0,False,,,
2015-12-01,300750.SZ,,0,-0.0,False,,,
2015-12-02,300750.SZ,,0,-0.0,False,,,
2015-12-03,300750.SZ,,0,-0.0,False,,,
2015-12-04,300750.SZ,,0,-0.0,False,,,
2015-12-07,300750.SZ,,0,-0.0,False,,,
2015-12-08,300750.SZ,,0,-0.0,False,,,
2015-12-09,300750.SZ,,0,-0.0,False,,,
2015-12-10,300750.SZ,,0,-0.0,False,,,
2015-12-11,300750.SZ,,0,-0.0,False,,,
2015-12-14,300750.SZ,,0,-0.0,False,,,
2015-12-15,300750.SZ,,0,-0.0,False,,,
2015-12-16,300750.SZ,,0,-0.0,False,,,
2015-12-17,300750.SZ,,0,-0.0,False,,,
2015-12-18,300750.SZ,,0,-0.0,False,,,
2015-12-21,300750.SZ,,0,-0.0,False,,,
2015-12-22,300750.SZ,,0,-0.0,False,,,
2015-12-23,300750.SZ,,0,-0.0,False,,,
2015-12-24,300750.SZ,,0,-0.0,False,,,
2015-12-25,300750.SZ,,0,-0.0,False,,,
2015-12-28,300750.SZ,,0,-0.0,False,,,
2015-12-29,300750.SZ,,0,-0.0,False,,,
2015-12-30,300750.SZ,,0,-0.0,False,,,
2015-12-31,300750.SZ,,0,-0.0,False,,,
2016-01-04,300750.SZ,,0,-0.0,False,,,
2016-01-05,300750.SZ,,0,-0.0,False,,,
2016-01-06,300750.SZ,,0,-0.0,False,,,
2016-01-07,300750.SZ,,0,-0.0,False,,,
2016-01-08,300750.SZ,,0,-0.0,False,,,
2016-01-11,300750.SZ,,0,-0.0,False,,,
2016-01-12,300750.SZ,,0,-0.0,False,,,
2016-01-13,300750.SZ,,0,-0.0,False,,,
2016-01-14,300750.SZ,,0,-0.0,False,,,
2016-01-15,300750.SZ,,0,-0.0,False,,,
2016-01-18,300750.SZ,,0,-0.0,False,,,
2016-01-19,300750.SZ,,0,-0.0,False,,,
2016-01-20,300750.SZ,,0,-0.0,False,,,
2016-01-21,300750.SZ,,0,-0.0,False,,,
2016-01-22,300750.SZ,,0,-0.0,False,,,
2016-01-25,300750.SZ,,0,-0.0,False,,,
2016-01-26,300750.SZ,,0,-0.0,False,,,
2016-01-27,300750.SZ,,0,-0.0,False,,,
2016-01-28,300750.SZ,,0,-0.0,False,,,
2016-01-29,300750.SZ,,0,-0.0,False,,,
2016-02-01,300750.SZ,,0,-0.0,False,,,
2016-02-02,300750.SZ,,0,-0.0,False,,,
2016-02-03,300750.SZ,,0,-0.0,False,,,
2016-02-04,300750.SZ,,0,-0.0,False,,,
2016-02-05,300750.SZ,,0,-0.0,False,,,
2016-02-15,300750.SZ,,0,-0.0,False,,,
2016-02-16,300750.SZ,,0,-0.0,False,,,
2016-02-17,300750.SZ,,0,-0.0,False,,,
2016-02-18,300750.SZ,,0,-0.0,False,,,
2016-02-19,300750.SZ,,0,-0.0,False,,,
2016-02-22,300750.SZ,,0,-0.0,False,,,
2016-02-23,300750.SZ,,0,-0.0,False,,,
2016-02-24,300750.SZ,,0,-0.0,False,,,
2016-02-25,300750.SZ,,0,-0.0,False,,,
2016-02-26,300750.SZ,,0,-0.0,False,,,
2016-02-29,300750.SZ,,0,-0.0,False,,,
2016-03-01,300750.SZ,,0,-0.0,False,,,
2016-03-02,300750.SZ,,0,-0.0,False,,,
2016-03-03,300750.SZ,,0,-0.0,False,,,
2016-03-04,300750.SZ,,0,-0.0,False,,,
2016-03-07,300750.SZ,,0,-0.0,False,,,
2016-03-08,300750.SZ,,0,-0.0,False,,,
2016-03-09,300750.SZ,,0,-0.0,False,,,
2016-03-10,300750.SZ,,0,-0.0,False,,,
2016-03-11,300750.SZ,,0,-0.0,False,,,
2016-03-14,300750.SZ,,0,-0.0,False,,,
2016-03-15,300750.SZ,,0,-0.0,False,,,
2016-03-16,300750.SZ,,0,-0.0,False,,,
2016-03-17,300750.SZ,,0,-0.0,False,,,
2016-03-18,300750.SZ,,0,-0.0,False,,,
2016-03-21,300750.SZ,,0,-0.0,False,,,
2016-03-22,300750.SZ,,0,-0.0,False,,,
2016-03-23,300750.SZ,,0,-0.0,False,,,
2016-03-24,300750.SZ,,0,-0.0,False,,,
2016-03-25,300750.SZ,,0,-0.0,False,,,
2016-03-28,300750.SZ,,0,-0.0,False,,,
2016-03-29,300750.SZ,,0,-0.0,False,,,
2016-03-30,300750.SZ,,0,-0.0,False,,,
2016-03-31,300750.SZ,,0,-0.0,False,,,
2016-04-01,300750.SZ,,0,-0.0,False,,,
2016-04-05,300750.SZ,,0,-0.0,False,,,
2016-04-06,300750.SZ,,0,-0.0,False,,,
2016-04-07,300750.SZ,,0,-0.0,False,,,
2016-04-08,300750.SZ,,0,-0.0,False,,,
2016-04-11,300750.SZ,,0,-0.0,False,,,
2016-04-12,300750.SZ,,0,-0.0,False,,,
2016-04-13,300750.SZ,,0,-0.0,False,,,
2016-04-14,300750.SZ,,0,-0.0,False,,,
2016-04-15,300750.SZ,,0,-0.0,False,,,
2016-04-18,300750.SZ,,0,-0.0,False,,,
2016-04-19,300750.SZ,,0,-0.0,False,,,
2016-04-20,300750.SZ,,0,-0.0,False,,,
2016-04-21,300750.SZ,,0,-0.0,False,,,
2016-04-22,300750.SZ,,0,-0.0,False,,,
2016-04-25,300750.SZ,,0,-0.0,False,,,
2016-04-26,300750.SZ,,0,-0.0,False,,,
2016-04-27,300750.SZ,,0,-0.0,False,,,
2016-04-28,300750.SZ,,0,-0.0,False,,,
2016-04-29,300750.SZ,,0,-0.0,False,,,
2016-05-03,300750.SZ,,0,-0.0,False,,,
2016-05-04,300750.SZ,,0,-0.0,False,,,
2016-05-05,300750.SZ,,0,-0.0,False,,,
2016-05-06,300750.SZ,,0,-0.0,False,,,
2016-05-09,300750.SZ,,0,-0.0,False,,,
2016-05-10,300750.SZ,,0,-0.0,False,,,
2016-05-11,300750.SZ,,0,-0.0,False,,,
2016-05-12,300750.SZ,,0,-0.0,False,,,
2016-05-13,300750.SZ,,0,-0.0,False,,,
2016-05-16,300750.SZ,,0,-0.0,False,,,
2016-05-17,300750.SZ,,0,-0.0,False,,,
2016-05-18,300750.SZ,,0,-0.0,False,,,
2016-05-19,300750.SZ,,0,-0.0,False,,,
2016-05-20,300750.SZ,,0,-0.0,False,,,
2016-05-23,300750.SZ,,0,-0.0,False,,,
2016-05-24,300750.SZ,,0,-0.0,False,,,
2016-05-25,300750.SZ,,0,-0.0,False,,,
2016-05-26,300750.SZ,,0,-0.0,False,,,
2016-05-27,300750.SZ,,0,-0.0,False,,,
2016-05-30,300750.SZ,,0,-0.0,False,,,
2016-05-31,300750.SZ,,0,-0.0,False,,,
2016-06-01,300750.SZ,,0,-0.0,False,,,
2016-06-02,300750.SZ,,0,-0.0,False,,,
2016-06-03,300750.SZ,,0,-0.0,False,,,
2016-06-06,300750.SZ,,0,-0.0,False,,,
2016-06-07,300750.SZ,,0,-0.0,False,,,
2016-06-08,300750.SZ,,0,-0.0,False,,,
2016-06-13,300750.SZ,,0,-0.0,False,,,
2016-06-14,300750.SZ,,0,-0.0,False,,,
2016-06-15,300750.SZ,,0,-0.0,False,,,
2016-06-16,300750.SZ,,0,-0.0,False,,,
2016-06-17,300750.SZ,,0,-0.0,False,,,
2016-06-20,300750.SZ,,0,-0.0,False,,,
2016-06-21,300750.SZ,,0,-0.0,False,,,
2016-06-22,300750.SZ,,0,-0.0,False,,,
2016-06-23,300750.SZ,,0,-0.0,False,,,
2016-06-24,300750.SZ,,0,-0.0,False,,,
2016-06-27,300750.SZ,,0,-0.0,False,,,
2016-06-28,300750.SZ,,0,-0.0,False,,,
2016-06-29,300750.SZ,,0,-0.0,False,,,
2016-06-30,300750.SZ,,0,-0.0,False,,,
2016-07-01,300750.SZ,,0,-0.0,False,,,
2016-07-04,300750.SZ,,0,-0.0,False,,,
2016-07-05,300750.SZ,,0,-0.0,False,,,
2016-07-06,300750.SZ,,0,-0.0,False,,,
2016-07-07,300750.SZ,,0,-0.0,False,,,
2016-07-08,300750.SZ,,0,-0.0,False,,,
2016-07-11,300750.SZ,,0,-0.0,False,,,
2016-07-12,300750.SZ,,0,-0.0,False,,,
2016-07-13,300750.SZ,,0,-0.0,False,,,
2016-07-14,300750.SZ,,0,-0.0,False,,,
2016-07-15,300750.SZ,,0,-0.0,False,,,
2016-07-18,300750.SZ,,0,-0.0,False,,,
2016-07-19,300750.SZ,,0,-0.0,False,,,
2016-07-20,300750.SZ,,0,-0.0,False,,,
2016-07-21,300750.SZ,,0,-0.0,False,,,
2016-07-22,300750.SZ,,0,-0.0,False,,,
2016-07-25,300750.SZ,,0,-0.0,False,,,
2016-07-26,300750.SZ,,0,-0.0,False,,,
2016-07-27,300750.SZ,,0,-0.0,False,,,
2016-07-28,300750.SZ,,0,-0.0,False,,,
2016-07-29,300750.SZ,,0,-0.0,False,,,
2016-08-01,300750.SZ,,0,-0.0,False,,,
2016-08-02,300750.SZ,,0,-0.0,False,,,
2016-08-03,300750.SZ,,0,-0.0,False,,,
2016-08-04,300750.SZ,,0,-0.0,False,,,
2016-08-05,300750.SZ,,0,-0.0,False,,,
2016-08-08,300750.SZ,,0,-0.0,False,,,
2016-08-09,300750.SZ,,0,-0.0,False,,,
2016-08-10,300750.SZ,,0,-0.0,False,,,
2016-08-11,300750.SZ,,0,-0.0,False,,,
2016-08-12,300750.SZ,,0,-0.0,False,,,
2016-08-15,300750.SZ,,0,-0.0,False,,,
2016-08-16,300750.SZ,,0,-0.0,False,,,
2016-08-17,300750.SZ,,0,-0.0,False,,,
2016-08-18,300750.SZ,,0,-0.0,False,,,
2016-08-19,300750.SZ,,0,-0.0,False,,,
2016-08-22,300750.SZ,,0,-0.0,False,,,
2016-08-23,300750.SZ,,0,-0.0,False,,,
2016-08-24,300750.SZ,,0,-0.0,False,,,
2016-08-25,300750.SZ,,0,-0.0,False,,,
2016-08-26,300750.SZ,,0,-0.0,False,,,
2016-08-29,300750.SZ,,0,-0.0,False,,,
2016-08-30,300750.SZ,,0,-0.0,False,,,
2016-08-31,300750.SZ,,0,-0.0,False,,,
2016-09-01,300750.SZ,,0,-0.0,False,,,
2016-09-02,300750.SZ,,0,-0.0,False,,,
2016-09-05,300750.SZ,,0,-0.0,False,,,
2016-09-06,300750.SZ,,0,-0.0,False,,,
2016-09-07,300750.SZ,,0,-0.0,False,,,
2016-09-08,300750.SZ,,0,-0.0,False,,,
2016-09-09,300750.SZ,,0,-0.0,False,,,
2016-09-12,300750.SZ,,0,-0.0,False,,,
2016-09-13,300750.SZ,,0,-0.0,False,,,
2016-09-14,300750.SZ,,0,-0.0,False,,,
2016-09-19,300750.SZ,,0,-0.0,False,,,
2016-09-20,300750.SZ,,0,-0.0,False,,,
2016-09-21,300750.SZ,,0,-0.0,False,,,
2016-09-22,300750.SZ,,0,-0.0,False,,,
2016-09-23,300750.SZ,,0,-0.0,False,,,
2016-09-26,300750.SZ,,0,-0.0,False,,,
2016-09-27,300750.SZ,,0,-0.0,False,,,
2016-09-28,300750.SZ,,0,-0.0,False,,,
2016-09-29,300750.SZ,,0,-0.0,False,,,
2016-09-30,300750.SZ,,0,-0.0,False,,,
2016-10-10,300750.SZ,,0,-0.0,False,,,
2016-10-11,300750.SZ,,0,-0.0,False,,,
2016-10-12,300750.SZ,,0,-0.0,False,,,
2016-10-13,300750.SZ,,0,-0.0,False,,,
2016-10-14,300750.SZ,,0,-0.0,False,,,
2016-10-17,300750.SZ,,0,-0.0,False,,,
2016-10-18,300750.SZ,,0,-0.0,False,,,
2016-10-19,300750.SZ,,0,-0.0,False,,,
2016-10-20,300750.SZ,,0,-0.0,False,,,
2016-10-21,300750.SZ,,0,-0.0,False,,,
2016-10-24,300750.SZ,,0,-0.0,False,,,
2016-10-25,300750.SZ,,0,-0.0,False,,,
2016-10-26,300750.SZ,,0,-0.0,False,,,
2016-10-27,300750.SZ,,0,-0.0,False,,,
2016-10-28,300750.SZ,,0,-0.0,False,,,
2016-10-31,300750.SZ,,0,-0.0,False,,,
2016-11-01,300750.SZ,,0,-0.0,False,,,
2016-11-02,300750.SZ,,0,-0.0,False,,,
2016-11-03,300750.SZ,,0,-0.0,False,,,
2016-11-04,300750.SZ,,0,-0.0,False,,,
2016-11-07,300750.SZ,,0,-0.0,False,,,
2016-11-08,300750.SZ,,0,-0.0,False,,,
2016-11-09,300750.SZ,,0,-0.0,False,,,
2016-11-10,300750.SZ,,0,-0.0,False,,,
2016-11-11,300750.SZ,,0,-0.0,False,,,
2016-11-14,300750.SZ,,0,-0.0,False,,,
2016-11-15,300750.SZ,,0,-0.0,False,,,
2016-11-16,300750.SZ,,0,-0.0,False,,,
2016-11-17,300750.SZ,,0,-0.0,False,,,
2016-11-18,300750.SZ,,0,-0.0,False,,,
2016-11-21,300750.SZ,,0,-0.0,False,,,
2016-11-22,300750.SZ,,0,-0.0,False,,,
2016-11-23,300750.SZ,,0,-0.0,False,,,
2016-11-24,300750.SZ,,0,-0.0,False,,,
2016-11-25,300750.SZ,,0,-0.0,False,,,
2016-11-28,300750.SZ,,0,-0.0,False,,,
2016-11-29,300750.SZ,,0,-0.0,False,,,
2016-11-30,300750.SZ,,0,-0.0,False,,,
2016-12-01,300750.SZ,,0,-0.0,False,,,
2016-12-02,300750.SZ,,0,-0.0,False,,,
2016-12-05,300750.SZ,,0,-0.0,False,,,
2016-12-06,300750.SZ,,0,-0.0,False,,,
2016-12-07,300750.SZ,,0,-0.0,False,,,
2016-12-08,300750.SZ,,0,-0.0,False,,,
2016-12-09,300750.SZ,,0,-0.0,False,,,
2016-12-12,300750.SZ,,0,-0.0,False,,,
2016-12-13,300750.SZ,,0,-0.0,False,,,
2016-12-14,300750.SZ,,0,-0.0,False,,,
2016-12-15,300750.SZ,,0,-0.0,False,,,
2016-12-16,300750.SZ,,0,-0.0,False,,,
2016-12-19,300750.SZ,,0,-0.0,False,,,
2016-12-20,300750.SZ,,0,-0.0,False,,,
2016-12-21,300750.SZ,,0,-0.0,False,,,
2016-12-22,300750.SZ,,0,-0.0,False,,,
2016-12-23,300750.SZ,,0,-0.0,False,,,
2016-12-26,300750.SZ,,0,-0.0,False,,,
2016-12-27,300750.SZ,,0,-0.0,False,,,
2016-12-28,300750.SZ,,0,-0.0,False,,,
2016-12-29,300750.SZ,,0,-0.0,False,,,
2016-12-30,300750.SZ,,0,-0.0,False,,,
2017-01-03,300750.SZ,,0,-0.0,False,,,
2017-01-04,300750.SZ,,0,-0.0,False,,,
2017-01-05,300750.SZ,,0,-0.0,False,,,
2017-01-06,300750.SZ,,0,-0.0,False,,,
2017-01-09,300750.SZ,,0,-0.0,False,,,
2017-01-10,300750.SZ,,0,-0.0,False,,,
2017-01-11,300750.SZ,,0,-0.0,False,,,
2017-01-12,300750.SZ,,0,-0.0,False,,,
2017-01-13,300750.SZ,,0,-0.0,False,,,
2017-01-16,300750.SZ,,0,-0.0,False,,,
2017-01-17,300750.SZ,,0,-0.0,False,,,
2017-01-18,300750.SZ,,0,-0.0,False,,,
2017-01-19,300750.SZ,,0,-0.0,False,,,
2017-01-20,300750.SZ,,0,-0.0,False,,,
2017-01-23,300750.SZ,,0,-0.0,False,,,
2017-01-24,300750.SZ,,0,-0.0,False,,,
2017-01-25,300750.SZ,,0,-0.0,False,,,
2017-01-26,300750.SZ,,0,-0.0,False,,,
2017-02-03,300750.SZ,,0,-0.0,False,,,
2017-02-06,300750.SZ,,0,-0.0,False,,,
2017-02-07,300750.SZ,,0,-0.0,False,,,
2017-02-08,300750.SZ,,0,-0.0,False,,,
2017-02-09,300750.SZ,,0,-0.0,False,,,
2017-02-10,300750.SZ,,0,-0.0,False,,,
2017-02-13,300750.SZ,,0,-0.0,False,,,
2017-02-14,300750.SZ,,0,-0.0,False,,,
2017-02-15,300750.SZ,,0,-0.0,False,,,
2017-02-16,300750.SZ,,0,-0.0,False,,,
2017-02-17,300750.SZ,,0,-0.0,False,,,
2017-02-20,300750.SZ,,0,-0.0,False,,,
2017-02-21,300750.SZ,,0,-0.0,False,,,
2017-02-22,300750.SZ,,0,-0.0,False,,,
2017-02-23,300750.SZ,,0,-0.0,False,,,
2017-02-24,300750.SZ,,0,-0.0,False,,,
2017-02-27,300750.SZ,,0,-0.0,False,,,
2017-02-28,300750.SZ,,0,-0.0,False,,,
2017-03-01,300750.SZ,,0,-0.0,False,,,
2017-03-02,300750.SZ,,0,-0.0,False,,,
2017-03-03,300750.SZ,,0,-0.0,False,,,
2017-03-06,300750.SZ,,0,-0.0,False,,,
2017-03-07,300750.SZ,,0,-0.0,False,,,
2017-03-08,300750.SZ,,0,-0.0,False,,,
2017-03-09,300750.SZ,,0,-0.0,False,,,
2017-03-10,300750.SZ,,0,-0.0,False,,,
2017-03-13,300750.SZ,,0,-0.0,False,,,
2017-03-14,300750.SZ,,0,-0.0,False,,,
2017-03-15,300750.SZ,,0,-0.0,False,,,
2017-03-16,300750.SZ,,0,-0.0,False,,,
2017-03-17,300750.SZ,,0,-0.0,False,,,
2017-03-20,300750.SZ,,0,-0.0,False,,,
2017-03-21,300750.SZ,,0,-0.0,False,,,
2017-03-22,300750.SZ,,0,-0.0,False,,,
2017-03-23,300750.SZ,,0,-0.0,False,,,
2017-03-24,300750.SZ,,0,-0.0,False,,,
2017-03-27,300750.SZ,,0,-0.0,False,,,
2017-03-28,300750.SZ,,0,-0.0,False,,,
2017-03-29,300750.SZ,,0,-0.0,False,,,
2017-03-30,300750.SZ,,0,-0.0,False,,,
2017-03-31,300750.SZ,,0,-0.0,False,,,
2017-04-05,300750.SZ,,0,-0.0,False,,,
2017-04-06,300750.SZ,,0,-0.0,False,,,
2017-04-07,300750.SZ,,0,-0.0,False,,,
2017-04-10,300750.SZ,,0,-0.0,False,,,
2017-04-11,300750.SZ,,0,-0.0,False,,,
2017-04-12,300750.SZ,,0,-0.0,False,,,
2017-04-13,300750.SZ,,0,-0.0,False,,,
2017-04-14,300750.SZ,,0,-0.0,False,,,
2017-04-17,300750.SZ,,0,-0.0,False,,,
2017-04-18,300750.SZ,,0,-0.0,False,,,
2017-04-19,300750.SZ,,0,-0.0,False,,,
2017-04-20,300750.SZ,,0,-0.0,False,,,
2017-04-21,300750.SZ,,0,-0.0,False,,,
2017-04-24,300750.SZ,,0,-0.0,False,,,
2017-04-25,300750.SZ,,0,-0.0,False,,,
2017-04-26,300750.SZ,,0,-0.0,False,,,
2017-04-27,300750.SZ,,0,-0.0,False,,,
2017-04-28,300750.SZ,,0,-0.0,False,,,
2017-05-02,300750.SZ,,0,-0.0,False,,,
2017-05-03,300750.SZ,,0,-0.0,False,,,
2017-05-04,300750.SZ,,0,-0.0,False,,,
2017-05-05,300750.SZ,,0,-0.0,False,,,
2017-05-08,300750.SZ,,0,-0.0,False,,,
2017-05-09,300750.SZ,,0,-0.0,False,,,
2017-05-10,300750.SZ,,0,-0.0,False,,,
2017-05-11,300750.SZ,,0,-0.0,False,,,
2017-05-12,300750.SZ,,0,-0.0,False,,,
2017-05-15,300750.SZ,,0,-0.0,False,,,
2017-05-16,300750.SZ,,0,-0.0,False,,,
2017-05-17,300750.SZ,,0,-0.0,False,,,
2017-05-18,300750.SZ,,0,-0.0,False,,,
2017-05-19,300750.SZ,,0,-0.0,False,,,
2017-05-22,300750.SZ,,0,-0.0,False,,,
2017-05-23,300750.SZ,,0,-0.0,False,,,
2017-05-24,300750.SZ,,0,-0.0,False,,,
2017-05-25,300750.SZ,,0,-0.0,False,,,
2017-05-26,300750.SZ,,0,-0.0,False,,,
2017-05-31,300750.SZ,,0,-0.0,False,,,
2017-06-01,300750.SZ,,0,-0.0,False,,,
2017-06-02,300750.SZ,,0,-0.0,False,,,
2017-06-05,300750.SZ,,0,-0.0,False,,,
2017-06-06,300750.SZ,,0,-0.0,False,,,
2017-06-07,300750.SZ,,0,-0.0,False,,,
2017-06-08,300750.SZ,,0,-0.0,False,,,
2017-06-09,300750.SZ,,0,-0.0,False,,,
2017-06-12,300750.SZ,,0,-0.0,False,,,
2017-06-13,300750.SZ,,0,-0.0,False,,,
2017-06-14,300750.SZ,,0,-0.0,False,,,
2017-06-15,300750.SZ,,0,-0.0,False,,,
2017-06-16,300750.SZ,,0,-0.0,False,,,
2017-06-19,300750.SZ,,0,-0.0,False,,,
2017-06-20,300750.SZ,,0,-0.0,False,,,
2017-06-21,300750.SZ,,0,-0.0,False,,,
2017-06-22,300750.SZ,,0,-0.0,False,,,
2017-06-23,300750.SZ,,0,-0.0,False,,,
2017-06-26,300750.SZ,,0,-0.0,False,,,
2017-06-27,300750.SZ,,0,-0.0,False,,,
2017-06-28,300750.SZ,,0,-0.0,False,,,
2017-06-29,300750.SZ,,0,-0.0,False,,,
2017-06-30,300750.SZ,,0,-0.0,False,,,
2017-07-03,300750.SZ,,0,-0.0,False,,,
2017-07-04,300750.SZ,,0,-0.0,False,,,
2017-07-05,300750.SZ,,0,-0.0,False,,,
2017-07-06,300750.SZ,,0,-0.0,False,,,
2017-07-07,300750.SZ,,0,-0.0,False,,,
2017-07-10,300750.SZ,,0,-0.0,False,,,
2017-07-11,300750.SZ,,0,-0.0,False,,,
2017-07-12,300750.SZ,,0,-0.0,False,,,
2017-07-13,300750.SZ,,0,-0.0,False,,,
2017-07-14,300750.SZ,,0,-0.0,False,,,
2017-07-17,300750.SZ,,0,-0.0,False,,,
2017-07-18,300750.SZ,,0,-0.0,False,,,
2017-07-19,300750.SZ,,0,-0.0,False,,,
2017-07-20,300750.SZ,,0,-0.0,False,,,
2017-07-21,300750.SZ,,0,-0.0,False,,,
2017-07-24,300750.SZ,,0,-0.0,False,,,
2017-07-25,300750.SZ,,0,-0.0,False,,,
2017-07-26,300750.SZ,,0,-0.0,False,,,
2017-07-27,300750.SZ,,0,-0.0,False,,,
2017-07-28,300750.SZ,,0,-0.0,False,,,
2017-07-31,300750.SZ,,0,-0.0,False,,,
2017-08-01,300750.SZ,,0,-0.0,False,,,
2017-08-02,300750.SZ,,0,-0.0,False,,,
2017-08-03,300750.SZ,,0,-0.0,False,,,
2017-08-04,300750.SZ,,0,-0.0,False,,,
2017-08-07,300750.SZ,,0,-0.0,False,,,
2017-08-08,300750.SZ,,0,-0.0,False,,,
2017-08-09,300750.SZ,,0,-0.0,False,,,
2017-08-10,300750.SZ,,0,-0.0,False,,,
2017-08-11,300750.SZ,,0,-0.0,False,,,
2017-08-14,300750.SZ,,0,-0.0,False,,,
2017-08-15,300750.SZ,,0,-0.0,False,,,
2017-08-16,300750.SZ,,0,-0.0,False,,,
2017-08-17,300750.SZ,,0,-0.0,False,,,
2017-08-18,300750.SZ,,0,-0.0,False,,,
2017-08-21,300750.SZ,,0,-0.0,False,,,
2017-08-22,300750.SZ,,0,-0.0,False,,,
2017-08-23,300750.SZ,,0,-0.0,False,,,
2017-08-24,300750.SZ,,0,-0.0,False,,,
2017-08-25,300750.SZ,,0,-0.0,False,,,
2017-08-28,300750.SZ,,0,-0.0,False,,,
2017-08-29,300750.SZ,,0,-0.0,False,,,
2017-08-30,300750.SZ,,0,-0.0,False,,,
2017-08-31,300750.SZ,,0,-0.0,False,,,
2017-09-01,300750.SZ,,0,-0.0,False,,,
2017-09-04,300750.SZ,,0,-0.0,False,,,
2017-09-05,300750.SZ,,0,-0.0,False,,,
2017-09-06,300750.SZ,,0,-0.0,False,,,
2017-09-07,300750.SZ,,0,-0.0,False,,,
2017-09-08,300750.SZ,,0,-0.0,False,,,
2017-09-11,300750.SZ,,0,-0.0,False,,,
2017-09-12,300750.SZ,,0,-0.0,False,,,
2017-09-13,300750.SZ,,0,-0.0,False,,,
2017-09-14,300750.SZ,,0,-0.0,False,,,
2017-09-15,300750.SZ,,0,-0.0,False,,,
2017-09-18,300750.SZ,,0,-0.0,False,,,
2017-09-19,300750.SZ,,0,-0.0,False,,,
2017-09-20,300750.SZ,,0,-0.0,False,,,
2017-09-21,300750.SZ,,0,-0.0,False,,,
2017-09-22,300750.SZ,,0,-0.0,False,,,
2017-09-25,300750.SZ,,0,-0.0,False,,,
2017-09-26,300750.SZ,,0,-0.0,False,,,
2017-09-27,300750.SZ,,0,-0.0,False,,,
2017-09-28,300750.SZ,,0,-0.0,False,,,
2017-09-29,300750.SZ,,0,-0.0,False,,,
2017-10-09,300750.SZ,,0,-0.0,False,,,
2017-10-10,300750.SZ,,0,-0.0,False,,,
2017-10-11,300750.SZ,,0,-0.0,False,,,
2017-10-12,300750.SZ,,0,-0.0,False,,,
2017-10-13,300750.SZ,,0,-0.0,False,,,
2017-10-16,300750.SZ,,0,-0.0,False,,,
2017-10-17,300750.SZ,,0,-0.0,False,,,
2017-10-18,300750.SZ,,0,-0.0,False,,,
2017-10-19,300750.SZ,,0,-0.0,False,,,
2017-10-20,300750.SZ,,0,-0.0,False,,,
2017-10-23,300750.SZ,,0,-0.0,False,,,
2017-10-24,300750.SZ,,0,-0.0,False,,,
2017-10-25,300750.SZ,,0,-0.0,False,,,
2017-10-26,300750.SZ,,0,-0.0,False,,,
2017-10-27,300750.SZ,,0,-0.0,False,,,
2017-10-30,300750.SZ,,0,-0.0,False,,,
2017-10-31,300750.SZ,,0,-0.0,False,,,
2017-11-01,300750.SZ,,0,-0.0,False,,,
2017-11-02,300750.SZ,,0,-0.0,False,,,
2017-11-03,300750.SZ,,0,-0.0,False,,,
2017-11-06,300750.SZ,,0,-0.0,False,,,
2017-11-07,300750.SZ,,0,-0.0,False,,,
2017-11-08,300750.SZ,,0,-0.0,False,,,
2017-11-09,300750.SZ,,0,-0.0,False,,,
2017-11-10,300750.SZ,,0,-0.0,False,,,
2017-11-13,300750.SZ,,0,-0.0,False,,,
2017-11-14,300750.SZ,,0,-0.0,False,,,
2017-11-15,300750.SZ,,0,-0.0,False,,,
2017-11-16,300750.SZ,,0,-0.0,False,,,
2017-11-17,300750.SZ,,0,-0.0,False,,,
2017-11-20,300750.SZ,,0,-0.0,False,,,
2017-11-21,300750.SZ,,0,-0.0,False,,,
2017-11-22,300750.SZ,,0,-0.0,False,,,
2017-11-23,300750.SZ,,0,-0.0,False,,,
2017-11-24,300750.SZ,,0,-0.0,False,,,
2017-11-27,300750.SZ,,0,-0.0,False,,,
2017-11-28,300750.SZ,,0,-0.0,False,,,
2017-11-29,300750.SZ,,0,-0.0,False,,,
2017-11-30,300750.SZ,,0,-0.0,False,,,
2017-12-01,300750.SZ,,0,-0.0,False,,,
2017-12-04,300750.SZ,,0,-0.0,False,,,
2017-12-05,300750.SZ,,0,-0.0,False,,,
2017-12-06,300750.SZ,,0,-0.0,False,,,
2017-12-07,300750.SZ,,0,-0.0,False,,,
2017-12-08,300750.SZ,,0,-0.0,False,,,
2017-12-11,300750.SZ,,0,-0.0,False,,,
2017-12-12,300750.SZ,,0,-0.0,False,,,
2017-12-13,300750.SZ,,0,-0.0,False,,,
2017-12-14,300750.SZ,,0,-0.0,False,,,
2017-12-15,300750.SZ,,0,-0.0,False,,,
2017-12-18,300750.SZ,,0,-0.0,False,,,
2017-12-19,300750.SZ,,0,-0.0,False,,,
2017-12-20,300750.SZ,,0,-0.0,False,,,
2017-12-21,300750.SZ,,0,-0.0,False,,,
2017-12-22,300750.SZ,,0,-0.0,False,,,
2017-12-25,300750.SZ,,0,-0.0,False,,,
2017-12-26,300750.SZ,,0,-0.0,False,,,
2017-12-27,300750.SZ,,0,-0.0,False,,,
2017-12-28,300750.SZ,,0,-0.0,False,,,
2017-12-29,300750.SZ,,0,-0.0,False,,,
2018-01-02,300750.SZ,,0,-0.0,False,,,
2018-01-03,300750.SZ,,0,-0.0,False,,,
2018-01-04,300750.SZ,,0,-0.0,False,,,
2018-01-05,300750.SZ,,0,-0.0,False,,,
2018-01-08,300750.SZ,,0,-0.0,False,,,
2018-01-09,300750.SZ,,0,-0.0,False,,,
2018-01-10,300750.SZ,,0,-0.0,False,,,
2018-01-11,300750.SZ,,0,-0.0,False,,,
2018-01-12,300750.SZ,,0,-0.0,False,,,
2018-01-15,300750.SZ,,0,-0.0,False,,,
2018-01-16,300750.SZ,,0,-0.0,False,,,
2018-01-17,300750.SZ,,0,-0.0,False,,,
2018-01-18,300750.SZ,,0,-0.0,False,,,
2018-01-19,300750.SZ,,0,-0.0,False,,,
2018-01-22,300750.SZ,,0,-0.0,False,,,
2018-01-23,300750.SZ,,0,-0.0,False,,,
2018-01-24,300750.SZ,,0,-0.0,False,,,
2018-01-25,300750.SZ,,0,-0.0,False,,,
2018-01-26,300750.SZ,,0,-0.0,False,,,
2018-01-29,300750.SZ,,0,-0.0,False,,,
2018-01-30,300750.SZ,,0,-0.0,False,,,
2018-01-31,300750.SZ,,0,-0.0,False,,,
2018-02-01,300750.SZ,,0,-0.0,False,,,
2018-02-02,300750.SZ,,0,-0.0,False,,,
2018-02-05,300750.SZ,,0,-0.0,False,,,
2018-02-06,300750.SZ,,0,-0.0,False,,,
2018-02-07,300750.SZ,,0,-0.0,False,,,
2018-02-08,300750.SZ,,0,-0.0,False,,,
2018-02-09,300750.SZ,,0,-0.0,False,,,
2018-02-12,300750.SZ,,0,-0.0,False,,,
2018-02-13,300750.SZ,,0,-0.0,False,,,
2018-02-14,300750.SZ,,0,-0.0,False,,,
2018-02-22,300750.SZ,,0,-0.0,False,,,
2018-02-23,300750.SZ,,0,-0.0,False,,,
2018-02-26,300750.SZ,,0,-0.0,False,,,
2018-02-27,300750.SZ,,0,-0.0,False,,,
2018-02-28,300750.SZ,,0,-0.0,False,,,
2018-03-01,300750.SZ,,0,-0.0,False,,,
2018-03-02,300750.SZ,,0,-0.0,False,,,
2018-03-05,300750.SZ,,0,-0.0,False,,,
2018-03-06,300750.SZ,,0,-0.0,False,,,
2018-03-07,300750.SZ,,0,-0.0,False,,,
2018-03-08,300750.SZ,,0,-0.0,False,,,
2018-03-09,300750.SZ,,0,-0.0,False,,,
2018-03-12,300750.SZ,,0,-0.0,False,,,
2018-03-13,300750.SZ,,0,-0.0,False,,,
2018-03-14,300750.SZ,,0,-0.0,False,,,
2018-03-15,300750.SZ,,0,-0.0,False,,,
2018-03-16,300750.SZ,,0,-0.0,False,,,
2018-03-19,300750.SZ,,0,-0.0,False,,,
2018-03-20,300750.SZ,,0,-0.0,False,,,
2018-03-21,300750.SZ,,0,-0.0,False,,,
2018-03-22,300750.SZ,,0,-0.0,False,,,
2018-03-23,300750.SZ,,0,-0.0,False,,,
2018-03-26,300750.SZ,,0,-0.0,False,,,
2018-03-27,300750.SZ,,0,-0.0,False,,,
2018-03-28,300750.SZ,,0,-0.0,False,,,
2018-03-29,300750.SZ,,0,-0.0,False,,,
2018-03-30,300750.SZ,,0,-0.0,False,,,
2018-04-02,300750.SZ,,0,-0.0,False,,,
2018-04-03,300750.SZ,,0,-0.0,False,,,
2018-04-04,300750.SZ,,0,-0.0,False,,,
2018-04-09,300750.SZ,,0,-0.0,False,,,
2018-04-10,300750.SZ,,0,-0.0,False,,,
2018-04-11,300750.SZ,,0,-0.0,False,,,
2018-04-12,300750.SZ,,0,-0.0,False,,,
2018-04-13,300750.SZ,,0,-0.0,False,,,
2018-04-16,300750.SZ,,0,-0.0,False,,,
2018-04-17,300750.SZ,,0,-0.0,False,,,
2018-04-18,300750.SZ,,0,-0.0,False,,,
2018-04-19,300750.SZ,,0,-0.0,False,,,
2018-04-20,300750.SZ,,0,-0.0,False,,,
2018-04-23,300750.SZ,,0,-0.0,False,,,
2018-04-24,300750.SZ,,0,-0.0,False,,,
2018-04-25,300750.SZ,,0,-0.0,False,,,
2018-04-26,300750.SZ,,0,-0.0,False,,,
2018-04-27,300750.SZ,,0,-0.0,False,,,
2018-05-02,300750.SZ,,0,-0.0,False,,,
2018-05-03,300750.SZ,,0,-0.0,False,,,
2018-05-04,300750.SZ,,0,-0.0,False,,,
2018-05-07,300750.SZ,,0,-0.0,False,,,
2018-05-08,300750.SZ,,0,-0.0,False,,,
2018-05-09,300750.SZ,,0,-0.0,False,,,
2018-05-10,300750.SZ,,0,-0.0,False,,,
2018-05-11,300750.SZ,,0,-0.0,False,,,
2018-05-14,300750.SZ,,0,-0.0,False,,,
2018-05-15,300750.SZ,,0,-0.0,False,,,
2018-05-16,300750.SZ,,0,-0.0,False,,,
2018-05-17,300750.SZ,,0,-0.0,False,,,
2018-05-18,300750.SZ,,0,-0.0,False,,,
2018-05-21,300750.SZ,,0,-0.0,False,,,
2018-05-22,300750.SZ,,0,-0.0,False,,,
2018-05-23,300750.SZ,,0,-0.0,False,,,
2018-05-24,300750.SZ,,0,-0.0,False,,,
2018-05-25,300750.SZ,,0,-0.0,False,,,
2018-05-28,300750.SZ,,0,-0.0,False,,,
2018-05-29,300750.SZ,,0,-0.0,False,,,
2018-05-30,300750.SZ,,0,-0.0,False,,,
2018-05-31,300750.SZ,,0,-0.0,False,,,
2018-06-01,300750.SZ,,0,-0.0,False,,,
2018-06-04,300750.SZ,,0,-0.0,False,,,
2018-06-05,300750.SZ,,0,-0.0,False,,,
2018-06-06,300750.SZ,,0,-0.0,False,,,
2018-06-07,300750.SZ,,0,-0.0,False,,,
2018-06-08,300750.SZ,,0,-0.0,False,,,
2018-06-11,300750.SZ,,0,-0.0,False,,,
2018-06-12,300750.SZ,,0,-0.0,False,,,
2018-06-13,300750.SZ,,0,-0.0,False,,,
2018-06-14,300750.SZ,,0,-0.0,False,,,
2018-06-15,300750.SZ,,0,-0.0,False,,,
2018-06-19,300750.SZ,,0,-0.0,False,,,
2018-06-20,300750.SZ,,0,-0.0,False,,,
2018-06-21,300750.SZ,,0,-0.0,False,,,
2018-06-22,300750.SZ,,0,-0.0,False,,,
2018-06-25,300750.SZ,,0,-0.0,False,,,
2018-06-26,300750.SZ,,0,-0.0,False,,,
2018-06-27,300750.SZ,,0,-0.0,False,,,
2018-06-28,300750.SZ,,0,-0.0,False,,,
2018-06-29,300750.SZ,,0,-0.0,False,,,
2018-07-02,300750.SZ,,0,-0.0,False,,,
2018-07-03,300750.SZ,,0,-0.0,False,,,
2018-07-04,300750.SZ,,0,-0.0,False,,,
2018-07-05,300750.SZ,,0,-0.0,False,,,
2018-07-06,300750.SZ,,0,-0.0,False,,,
2018-07-09,300750.SZ,,0,-0.0,False,,,
2018-07-10,300750.SZ,,0,-0.0,False,,,
2018-07-11,300750.SZ,,0,-0.0,False,,,
2018-07-12,300750.SZ,,0,-0.0,False,,,
2018-07-13,300750.SZ,,0,-0.0,False,,,
2018-07-16,300750.SZ,,0,-0.0,False,,,
2018-07-17,300750.SZ,,0,-0.0,False,,,
2018-07-18,300750.SZ,,0,-0.0,False,,,
2018-07-19,300750.SZ,,0,-0.0,False,,,
2018-07-20,300750.SZ,,0,-0.0,False,,,
2018-07-23,300750.SZ,,0,-0.0,False,,,
2018-07-24,300750.SZ,,0,-0.0,False,,,
2018-07-25,300750.SZ,,0,-0.0,False,,,
2018-07-26,300750.SZ,,0,-0.0,False,,,
2018-07-27,300750.SZ,,0,-0.0,False,,,
2018-07-30,300750.SZ,,0,-0.0,False,,,
2018-07-31,300750.SZ,,0,-0.0,False,,,
2018-08-01,300750.SZ,,0,-0.0,False,,,
2018-08-02,300750.SZ,,0,-0.0,False,,,
2018-08-03,300750.SZ,,0,-0.0,False,,,
2018-08-06,300750.SZ,,0,-0.0,False,,,
2018-08-07,300750.SZ,,0,-0.0,False,,,
2018-08-08,300750.SZ,,0,-0.0,False,,,
2018-08-09,300750.SZ,,0,-0.0,False,,,
2018-08-10,300750.SZ,,0,-0.0,False,,,
2018-08-13,300750.SZ,,0,-0.0,False,,,
2018-08-14,300750.SZ,,0,-0.0,False,,,
2018-08-15,300750.SZ,,0,-0.0,False,,,
2018-08-16,300750.SZ,,0,-0.0,False,,,
2018-08-17,300750.SZ,,0,-0.0,False,,,
2018-08-20,300750.SZ,,0,-0.0,False,,,
2018-08-21,300750.SZ,,0,-0.0,False,,,
2018-08-22,300750.SZ,,0,-0.0,False,,,
2018-08-23,300750.SZ,,0,-0.0,False,,,
2018-08-24,300750.SZ,,0,-0.0,False,,,
2018-08-27,300750.SZ,,0,-0.0,False,,,
2018-08-28,300750.SZ,,0,-0.0,False,,,
2018-08-29,300750.SZ,,0,-0.0,False,,,
2018-08-30,300750.SZ,,0,-0.0,False,,,
2018-08-31,300750.SZ,,0,-0.0,False,,,
2018-09-03,300750.SZ,,0,-0.0,False,,,
2018-09-04,300750.SZ,,0,-0.0,False,,,
2018-09-05,300750.SZ,,0,-0.0,False,,,
2018-09-06,300750.SZ,,0,-0.0,False,,,
2018-09-07,300750.SZ,,0,-0.0,False,,,
2018-09-10,300750.SZ,,0,-0.0,False,,,
2018-09-11,300750.SZ,,0,-0.0,False,,,
2018-09-12,300750.SZ,,0,-0.0,False,,,
2018-09-13,300750.SZ,,0,-0.0,False,,,
2018-09-14,300750.SZ,,0,-0.0,False,,,
2018-09-17,300750.SZ,,0,-0.0,False,,,
2018-09-18,300750.SZ,,0,-0.0,False,,,
2018-09-19,300750.SZ,,0,-0.0,False,,,
2018-09-20,300750.SZ,,0,-0.0,False,,,
2018-09-21,300750.SZ,,0,-0.0,False,,,
2018-09-25,300750.SZ,,0,-0.0,False,,,
2018-09-26,300750.SZ,,0,-0.0,False,,,
2018-09-27,300750.SZ,,0,-0.0,False,,,
2018-09-28,300750.SZ,,0,-0.0,False,,,
2018-10-08,300750.SZ,,0,-0.0,False,,,
2018-10-09,300750.SZ,,0,-0.0,False,,,
2018-10-10,300750.SZ,,0,-0.0,False,,,
2018-10-11,300750.SZ,,0,-0.0,False,,,
2018-10-12,300750.SZ,,0,-0.0,False,,,
2018-10-15,300750.SZ,,0,-0.0,False,,,
2018-10-16,300750.SZ,,0,-0.0,False,,,
2018-10-17,300750.SZ,,0,-0.0,False,,,
2018-10-18,300750.SZ,,0,-0.0,False,,,
2018-10-19,300750.SZ,,0,-0.0,False,,,
2018-10-22,300750.SZ,,0,-0.0,False,,,
2018-10-23,300750.SZ,,0,-0.0,False,,,
2018-10-24,300750.SZ,,0,-0.0,False,,,
2018-10-25,300750.SZ,,0,-0.0,False,,,
2018-10-26,300750.SZ,,0,-0.0,False,,,
2018-10-29,300750.SZ,,0,-0.0,False,,,
2018-10-30,300750.SZ,,0,-0.0,False,,,
2018-10-31,300750.SZ,,0,-0.0,False,,,
2018-11-01,300750.SZ,,0,-0.0,False,,,
2018-11-02,300750.SZ,,0,-0.0,False,,,
2018-11-05,300750.SZ,,0,-0.0,False,,,
2018-11-06,300750.SZ,,0,-0.0,False,,,
2018-11-07,300750.SZ,,0,-0.0,False,,,
2018-11-08,300750.SZ,,0,-0.0,False,,,
2018-11-09,300750.SZ,,0,-0.0,False,,,
2018-11-12,300750.SZ,,0,-0.0,False,,,
2018-11-13,300750.SZ,,0,-0.0,False,,,
2018-11-14,300750.SZ,,0,-0.0,False,,,
2018-11-15,300750.SZ,,0,-0.0,False,,,
2018-11-16,300750.SZ,,0,-0.0,False,,,
2018-11-19,300750.SZ,,0,-0.0,False,,,
2018-11-20,300750.SZ,,0,-0.0,False,,,
2018-11-21,300750.SZ,,0,-0.0,False,,,
2018-11-22,300750.SZ,,0,-0.0,False,,,
2018-11-23,300750.SZ,,0,-0.0,False,,,
2018-11-26,300750.SZ,,0,-0.0,False,,,
2018-11-27,300750.SZ,,0,-0.0,False,,,
2018-11-28,300750.SZ,,0,-0.0,False,,,
2018-11-29,300750.SZ,,0,-0.0,False,,,
2018-11-30,300750.SZ,,0,-0.0,False,,,
2018-12-03,300750.SZ,,0,-0.0,False,,,
2018-12-04,300750.SZ,,0,-0.0,False,,,
2018-12-05,300750.SZ,,0,-0.0,False,,,
2018-12-06,300750.SZ,,0,-0.0,False,,,
2018-12-07,300750.SZ,,0,-0.0,False,,,
2018-12-10,300750.SZ,,0,-0.0,False,,,
2018-12-11,300750.SZ,,0,-0.0,False,,,
2018-12-12,300750.SZ,,0,-0.0,False,,,
2018-12-13,300750.SZ,,0,-0.0,False,,,
2018-12-14,300750.SZ,,0,-0.0,False,,,
2018-12-17,300750.SZ,,0,-0.0,False,,,
2018-12-18,300750.SZ,,0,-0.0,False,,,
2018-12-19,300750.SZ,,0,-0.0,False,,,
2018-12-20,300750.SZ,,0,-0.0,False,,,
2018-12-21,300750.SZ,,0,-0.0,False,,,
2018-12-24,300750.SZ,,0,-0.0,False,,,
2018-12-25,300750.SZ,,0,-0.0,False,,,
2018-12-26,300750.SZ,,0,-0.0,False,,,
2018-12-27,300750.SZ,,0,-0.0,False,,,
2018-12-28,300750.SZ,,0,-0.0,False,,,
2019-01-02,300750.SZ,,0,-0.0,False,,,
2019-01-03,300750.SZ,,0,-0.0,False,,,
2019-01-04,300750.SZ,,0,-0.0,False,,,
2019-01-07,300750.SZ,,0,-0.0,False,,,
2019-01-08,300750.SZ,,0,-0.0,False,,,
2019-01-09,300750.SZ,,0,-0.0,False,,,
2019-01-10,300750.SZ,,0,-0.0,False,,,
2019-01-11,300750.SZ,,0,-0.0,False,,,
2019-01-14,300750.SZ,,0,-0.0,False,,,
2019-01-15,300750.SZ,,0,-0.0,False,,,
2019-01-16,300750.SZ,,0,-0.0,False,,,
2019-01-17,300750.SZ,,0,-0.0,False,,,
2019-01-18,300750.SZ,,0,-0.0,False,,,
2019-01-21,300750.SZ,,0,-0.0,False,,,
2019-01-22,300750.SZ,,0,-0.0,False,,,
2019-01-23,300750.SZ,,0,-0.0,False,,,
2019-01-24,300750.SZ,,0,-0.0,False,,,
2019-01-25,300750.SZ,,0,-0.0,False,,,
2019-01-28,300750.SZ,,0,-0.0,False,,,
2019-01-29,300750.SZ,,0,-0.0,False,,,
2019-01-30,300750.SZ,,0,-0.0,False,,,
2019-01-31,300750.SZ,,0,-0.0,False,,,
2019-02-01,300750.SZ,,0,-0.0,False,,,
2019-02-11,300750.SZ,,0,-0.0,False,,,
2019-02-12,300750.SZ,,0,-0.0,False,,,
2019-02-13,300750.SZ,,0,-0.0,False,,,
2019-02-14,300750.SZ,,0,-0.0,False,,,
2019-02-15,300750.SZ,,0,-0.0,False,,,
2019-02-18,300750.SZ,,0,-0.0,False,,,
2019-02-19,300750.SZ,,0,-0.0,False,,,
2019-02-20,300750.SZ,,0,-0.0,False,,,
2019-02-21,300750.SZ,,0,-0.0,False,,,
2019-02-22,300750.SZ,,0,-0.0,False,,,
2019-02-25,300750.SZ,,0,-0.0,False,,,
2019-02-26,300750.SZ,,0,-0.0,False,,,
2019-02-27,300750.SZ,,0,-0.0,False,,,
2019-02-28,300750.SZ,,0,-0.0,False,,,
2019-03-01,300750.SZ,,0,-0.0,False,,,
2019-03-04,300750.SZ,,0,-0.0,False,,,
2019-03-05,300750.SZ,,0,-0.0,False,,,
2019-03-06,300750.SZ,,0,-0.0,False,,,
2019-03-07,300750.SZ,,0,-0.0,False,,,
2019-03-08,300750.SZ,,0,-0.0,False,,,
2019-03-11,300750.SZ,,0,-0.0,False,,,
2019-03-12,300750.SZ,,0,-0.0,False,,,
2019-03-13,300750.SZ,,0,-0.0,False,,,
2019-03-14,300750.SZ,,0,-0.0,False,,,
2019-03-15,300750.SZ,,0,-0.0,False,,,
2019-03-18,300750.SZ,,0,-0.0,False,,,
2019-03-19,300750.SZ,,0,-0.0,False,,,
2019-03-20,300750.SZ,,0,-0.0,False,,,
2019-03-21,300750.SZ,,0,-0.0,False,,,
2019-03-22,300750.SZ,,0,-0.0,False,,,
2019-03-25,300750.SZ,,0,-0.0,False,,,
2019-03-26,300750.SZ,,0,-0.0,False,,,
2019-03-27,300750.SZ,,0,-0.0,False,,,
2019-03-28,300750.SZ,,0,-0.0,False,,,
2019-03-29,300750.SZ,,0,-0.0,False,,,
2019-04-01,300750.SZ,,0,-0.0,False,,,
2019-04-02,300750.SZ,,0,-0.0,False,,,
2019-04-03,300750.SZ,,0,-0.0,False,,,
2019-04-04,300750.SZ,,0,-0.0,False,,,
2019-04-08,300750.SZ,,0,-0.0,False,,,
2019-04-09,300750.SZ,,0,-0.0,False,,,
2019-04-10,300750.SZ,,0,-0.0,False,,,
2019-04-11,300750.SZ,,0,-0.0,False,,,
2019-04-12,300750.SZ,,0,-0.0,False,,,
2019-04-15,300750.SZ,,0,-0.0,False,,,
2019-04-16,300750.SZ,,0,-0.0,False,,,
2019-04-17,300750.SZ,,0,-0.0,False,,,
2019-04-18,300750.SZ,,0,-0.0,False,,,
2019-04-19,300750.SZ,,0,-0.0,False,,,
2019-04-22,300750.SZ,,0,-0.0,False,,,
2019-04-23,300750.SZ,,0,-0.0,False,,,
2019-04-24,300750.SZ,,0,-0.0,False,,,
2019-04-25,300750.SZ,,0,-0.0,False,,,
2019-04-26,300750.SZ,,0,-0.0,False,,,
2019-04-29,300750.SZ,,0,-0.0,False,,,
2019-04-30,300750.SZ,,0,-0.0,False,,,
2019-05-06,300750.SZ,,0,-0.0,False,,,
2019-05-07,300750.SZ,,0,-0.0,False,,,
2019-05-08,300750.SZ,,0,-0.0,False,,,
2019-05-09,300750.SZ,,0,-0.0,False,,,
2019-05-10,300750.SZ,,0,-0.0,False,,,
2019-05-13,300750.SZ,,0,-0.0,False,,,
2019-05-14,300750.SZ,,0,-0.0,False,,,
2019-05-15,300750.SZ,,0,-0.0,False,,,
2019-05-16,300750.SZ,,0,-0.0,False,,,
2019-05-17,300750.SZ,,0,-0.0,False,,,
2019-05-20,300750.SZ,,0,-0.0,False,,,
2019-05-21,300750.SZ,,0,-0.0,False,,,
2019-05-22,300750.SZ,,0,-0.0,False,,,
2019-05-23,300750.SZ,,0,-0.0,False,,,
2019-05-24,300750.SZ,,0,-0.0,False,,,
2019-05-27,300750.SZ,,0,-0.0,False,,,
2019-05-28,300750.SZ,,0,-0.0,False,,,
2019-05-29,300750.SZ,,0,-0.0,False,,,
2019-05-30,300750.SZ,,0,-0.0,False,,,
2019-05-31,300750.SZ,,0,-0.0,False,,,
2019-06-03,300750.SZ,,0,-0.0,False,,,
2019-06-04,300750.SZ,,0,-0.0,False,,,
2019-06-05,300750.SZ,,0,-0.0,False,,,
2019-06-06,300750.SZ,,0,-0.0,False,,,
2019-06-10,300750.SZ,,0,-0.0,False,,,
2019-06-11,300750.SZ,,0,-0.0,False,,,
2019-06-12,300750.SZ,,0,-0.0,False,,,
2019-06-13,300750.SZ,,0,-0.0,False,,,
2019-06-14,300750.SZ,,0,-0.0,False,,,
2019-06-17,300750.SZ,,0,-0.0,False,,,
2019-06-18,300750.SZ,,0,-0.0,False,,,
2019-06-19,300750.SZ,,0,-0.0,False,,,
2019-06-20,300750.SZ,,0,-0.0,False,,,
2019-06-21,300750.SZ,,0,-0.0,False,,,
2019-06-24,300750.SZ,,0,-0.0,False,,,
2019-06-25,300750.SZ,,0,-0.0,False,,,
2019-06-26,300750.SZ,,0,-0.0,False,,,
2019-06-27,300750.SZ,,0,-0.0,False,,,
2019-06-28,300750.SZ,,0,-0.0,False,,,
2019-07-01,300750.SZ,,0,-0.0,False,,,
2019-07-02,300750.SZ,,0,-0.0,False,,,
2019-07-03,300750.SZ,,0,-0.0,False,,,
2019-07-04,300750.SZ,,0,-0.0,False,,,
2019-07-05,300750.SZ,,0,-0.0,False,,,
2019-07-08,300750.SZ,,0,-0.0,False,,,
2019-07-09,300750.SZ,,0,-0.0,False,,,
2019-07-10,300750.SZ,,0,-0.0,False,,,
2019-07-11,300750.SZ,,0,-0.0,False,,,
2019-07-12,300750.SZ,,0,-0.0,False,,,
2019-07-15,300750.SZ,,0,-0.0,False,,,
2019-07-16,300750.SZ,,0,-0.0,False,,,
2019-07-17,300750.SZ,,0,-0.0,False,,,
2019-07-18,300750.SZ,,0,-0.0,False,,,
2019-07-19,300750.SZ,,0,-0.0,False,,,
2019-07-22,300750.SZ,,0,-0.0,False,,,
2019-07-23,300750.SZ,,0,-0.0,False,,,
2019-07-24,300750.SZ,,0,-0.0,False,,,
2019-07-25,300750.SZ,,0,-0.0,False,,,
2019-07-26,300750.SZ,,0,-0.0,False,,,
2019-07-29,300750.SZ,,0,-0.0,False,,,
2019-07-30,300750.SZ,,0,-0.0,False,,,
2019-07-31,300750.SZ,,0,-0.0,False,,,
2019-08-01,300750.SZ,,0,-0.0,False,,,
2019-08-02,300750.SZ,,0,-0.0,False,,,
2019-08-05,300750.SZ,,0,-0.0,False,,,
2019-08-06,300750.SZ,,0,-0.0,False,,,
2019-08-07,300750.SZ,,0,-0.0,False,,,
2019-08-08,300750.SZ,,0,-0.0,False,,,
2019-08-09,300750.SZ,,0,-0.0,False,,,
2019-08-12,300750.SZ,,0,-0.0,False,,,
2019-08-13,300750.SZ,,0,-0.0,False,,,
2019-08-14,300750.SZ,,0,-0.0,False,,,
2019-08-15,300750.SZ,,0,-0.0,False,,,
2019-08-16,300750.SZ,,0,-0.0,False,,,
2019-08-19,300750.SZ,,0,-0.0,False,,,
2019-08-20,300750.SZ,,0,-0.0,False,,,
2019-08-21,300750.SZ,,0,-0.0,False,,,
2019-08-22,300750.SZ,,0,-0.0,False,,,
2019-08-23,300750.SZ,,0,-0.0,False,,,
2019-08-26,300750.SZ,,0,-0.0,False,,,
2019-08-27,300750.SZ,,0,-0.0,False,,,
2019-08-28,300750.SZ,,0,-0.0,False,,,
2019-08-29,300750.SZ,,0,-0.0,False,,,
2019-08-30,300750.SZ,,0,-0.0,False,,,
2019-09-02,300750.SZ,,0,-0.0,False,,,
2019-09-03,300750.SZ,,0,-0.0,False,,,
2019-09-04,300750.SZ,,0,-0.0,False,,,
2019-09-05,300750.SZ,,0,-0.0,False,,,
2019-09-06,300750.SZ,,0,-0.0,False,,,
2019-09-09,300750.SZ,,0,-0.0,False,,,
2019-09-10,300750.SZ,,0,-0.0,False,,,
2019-09-11,300750.SZ,,0,-0.0,False,,,
2019-09-12,300750.SZ,,0,-0.0,False,,,
2019-09-16,300750.SZ,,0,-0.0,False,,,
2019-09-17,300750.SZ,,0,-0.0,False,,,
2019-09-18,300750.SZ,,0,-0.0,False,,,
2019-09-19,300750.SZ,,0,-0.0,False,,,
2019-09-20,300750.SZ,,0,-0.0,False,,,
2019-09-23,300750.SZ,,0,-0.0,False,,,
2019-09-24,300750.SZ,,0,-0.0,False,,,
2019-09-25,300750.SZ,,0,-0.0,False,,,
2019-09-26,300750.SZ,,0,-0.0,False,,,
2019-09-27,300750.SZ,,0,-0.0,False,,,
2019-09-30,300750.SZ,,0,-0.0,False,,,
2019-10-08,300750.SZ,,0,-0.0,False,,,
2019-10-09,300750.SZ,,0,-0.0,False,,,
2019-10-10,300750.SZ,,0,-0.0,False,,,
2019-10-11,300750.SZ,,0,-0.0,False,,,
2019-10-14,300750.SZ,,0,-0.0,False,,,
2019-10-15,300750.SZ,,0,-0.0,False,,,
2019-10-16,300750.SZ,,0,-0.0,False,,,
2019-10-17,300750.SZ,,0,-0.0,False,,,
2019-10-18,300750.SZ,,0,-0.0,False,,,
2019-10-21,300750.SZ,,0,-0.0,False,,,
2019-10-22,300750.SZ,,0,-0.0,False,,,
2019-10-23,300750.SZ,,0,-0.0,False,,,
2019-10-24,300750.SZ,,0,-0.0,False,,,
2019-10-25,300750.SZ,,0,-0.0,False,,,
2019-10-28,300750.SZ,,0,-0.0,False,,,
2019-10-29,300750.SZ,,0,-0.0,False,,,
2019-10-30,300750.SZ,,0,-0.0,False,,,
2019-10-31,300750.SZ,,0,-0.0,False,,,
2019-11-01,300750.SZ,,0,-0.0,False,,,
2019-11-04,300750.SZ,,0,-0.0,False,,,
2019-11-05,300750.SZ,,0,-0.0,False,,,
2019-11-06,300750.SZ,,0,-0.0,False,,,
2019-11-07,300750.SZ,,0,-0.0,False,,,
2019-11-08,300750.SZ,,0,-0.0,False,,,
2019-11-11,300750.SZ,,0,-0.0,False,,,
2019-11-12,300750.SZ,,0,-0.0,False,,,
2019-11-13,300750.SZ,,0,-0.0,False,,,
2019-11-14,300750.SZ,,0,-0.0,False,,,
2019-11-15,300750.SZ,,0,-0.0,False,,,
2019-11-18,300750.SZ,,0,-0.0,False,,,
2019-11-19,300750.SZ,,0,-0.0,False,,,
2019-11-20,300750.SZ,,0,-0.0,False,,,
2019-11-21,300750.SZ,,0,-0.0,False,,,
2019-11-22,300750.SZ,,0,-0.0,False,,,
2019-11-25,300750.SZ,,0,-0.0,False,,,
2019-11-26,300750.SZ,,0,-0.0,False,,,
2019-11-27,300750.SZ,,0,-0.0,False,,,
2019-11-28,300750.SZ,,0,-0.0,False,,,
2019-11-29,300750.SZ,,0,-0.0,False,,,
2019-12-02,300750.SZ,,0,-0.0,False,,,
2019-12-03,300750.SZ,,0,-0.0,False,,,
2019-12-04,300750.SZ,,0,-0.0,False,,,
2019-12-05,300750.SZ,,0,-0.0,False,,,
2019-12-06,300750.SZ,,0,-0.0,False,,,
2019-12-09,300750.SZ,,0,-0.0,False,,,
2019-12-10,300750.SZ,,0,-0.0,False,,,
2019-12-11,300750.SZ,,0,-0.0,False,,,
2019-12-12,300750.SZ,,0,-0.0,False,,,
2019-12-13,300750.SZ,,0,-0.0,False,,,
2019-12-16,300750.SZ,,0,-0.0,False,,,
2019-12-17,300750.SZ,,0,-0.0,False,,,
2019-12-18,300750.SZ,,0,-0.0,False,,,
2019-12-19,300750.SZ,,0,-0.0,False,,,
2019-12-20,300750.SZ,,0,-0.0,False,,,
2019-12-23,300750.SZ,,0,-0.0,False,,,
2019-12-24,300750.SZ,,0,-0.0,False,,,
2019-12-25,300750.SZ,,0,-0.0,False,,,
2019-12-26,300750.SZ,,0,-0.0,False,,,
2019-12-27,300750.SZ,,0,-0.0,False,,,
2019-12-30,300750.SZ,,0,-0.0,False,,,
2019-12-31,300750.SZ,,0,-0.0,False,,,
2020-01-02,300750.SZ,,0,-0.0,False,,,
2020-01-03,300750.SZ,,0,-0.0,False,,,
2020-01-06,300750.SZ,,0,-0.0,False,,,
2020-01-07,300750.SZ,,0,-0.0,False,,,
2020-01-08,300750.SZ,,0,-0.0,False,,,
2020-01-09,300750.SZ,,0,-0.0,False,,,
2020-01-10,300750.SZ,,0,-0.0,False,,,
2020-01-13,300750.SZ,,0,-0.0,False,,,
2020-01-14,300750.SZ,,0,-0.0,False,,,
2020-01-15,300750.SZ,,0,-0.0,False,,,
2020-01-16,300750.SZ,,0,-0.0,False,,,
2020-01-17,300750.SZ,,0,-0.0,False,,,
2020-01-20,300750.SZ,,0,-0.0,False,,,
2020-01-21,300750.SZ,,0,-0.0,False,,,
2020-01-22,300750.SZ,,0,-0.0,False,,,
2020-01-23,300750.SZ,,0,-0.0,False,,,
2020-02-03,300750.SZ,,0,-0.0,False,,,
2020-02-04,300750.SZ,,0,-0.0,False,,,
2020-02-05,300750.SZ,,0,-0.0,False,,,
2020-02-06,300750.SZ,,0,-0.0,False,,,
2020-02-07,300750.SZ,,0,-0.0,False,,,
2020-02-10,300750.SZ,,0,-0.0,False,,,
2020-02-11,300750.SZ,,0,-0.0,False,,,
2020-02-12,300750.SZ,,0,-0.0,False,,,
2020-02-13,300750.SZ,,0,-0.0,False,,,
2020-02-14,300750.SZ,,0,-0.0,False,,,
2020-02-17,300750.SZ,,0,-0.0,False,,,
2020-02-18,300750.SZ,,0,-0.0,False,,,
2020-02-19,300750.SZ,,0,-0.0,False,,,
2020-02-20,300750.SZ,,0,-0.0,False,,,
2020-02-21,300750.SZ,,0,-0.0,False,,,
2020-02-24,300750.SZ,,0,-0.0,False,,,
2020-02-25,300750.SZ,,0,-0.0,False,,,
2020-02-26,300750.SZ,,0,-0.0,False,,,
2020-02-27,300750.SZ,,0,-0.0,False,,,
2020-02-28,300750.SZ,,0,-0.0,False,,,
2020-03-02,300750.SZ,,0,-0.0,False,,,
2020-03-03,300750.SZ,,0,-0.0,False,,,
2020-03-04,300750.SZ,,0,-0.0,False,,,
2020-03-05,300750.SZ,,0,-0.0,False,,,
2020-03-06,300750.SZ,,0,-0.0,False,,,
2020-03-09,300750.SZ,,0,-0.0,False,,,
2020-03-10,300750.SZ,,0,-0.0,False,,,
2020-03-11,300750.SZ,,0,-0.0,False,,,
2020-03-12,300750.SZ,,0,-0.0,False,,,
2020-03-13,300750.SZ,,0,-0.0,False,,,
2020-03-16,300750.SZ,,0,-0.0,False,,,
2020-03-17,300750.SZ,,0,-0.0,False,,,
2020-03-18,300750.SZ,,0,-0.0,False,,,
2020-03-19,300750.SZ,,0,-0.0,False,,,
2020-03-20,300750.SZ,,0,-0.0,False,,,
2020-03-23,300750.SZ,,0,-0.0,False,,,
2020-03-24,300750.SZ,,0,-0.0,False,,,
2020-03-25,300750.SZ,,0,-0.0,False,,,
2020-03-26,300750.SZ,,0,-0.0,False,,,
2020-03-27,300750.SZ,,0,-0.0,False,,,
2020-03-30,300750.SZ,,0,-0.0,False,,,
2020-03-31,300750.SZ,,0,-0.0,False,,,
2020-04-01,300750.SZ,,0,-0.0,False,,,
2020-04-02,300750.SZ,,0,-0.0,False,,,
2020-04-03,300750.SZ,,0,-0.0,False,,,
2020-04-07,300750.SZ,,0,-0.0,False,,,
2020-04-08,300750.SZ,,0,-0.0,False,,,
2020-04-09,300750.SZ,,0,-0.0,False,,,
2020-04-10,300750.SZ,,0,-0.0,False,,,
2020-04-13,300750.SZ,,0,-0.0,False,,,
2020-04-14,300750.SZ,,0,-0.0,False,,,
2020-04-15,300750.SZ,,0,-0.0,False,,,
2020-04-16,300750.SZ,,0,-0.0,False,,,
2020-04-17,300750.SZ,,0,-0.0,False,,,
2020-04-20,300750.SZ,,0,-0.0,False,,,
2020-04-21,300750.SZ,,0,-0.0,False,,,
2020-04-22,300750.SZ,,0,-0.0,False,,,
2020-04-23,300750.SZ,,0,-0.0,False,,,
2020-04-24,300750.SZ,,0,-0.0,False,,,
2020-04-27,300750.SZ,,0,-0.0,False,,,
2020-04-28,300750.SZ,,0,-0.0,False,,,
2020-04-29,300750.SZ,,0,-0.0,False,,,
2020-04-30,300750.SZ,,0,-0.0,False,,,
2020-05-06,300750.SZ,,0,-0.0,False,,,
2020-05-07,300750.SZ,,0,-0.0,False,,,
2020-05-08,300750.SZ,,0,-0.0,False,,,
2020-05-11,300750.SZ,,0,-0.0,False,,,
2020-05-12,300750.SZ,,0,-0.0,False,,,
2020-05-13,300750.SZ,,0,-0.0,False,,,
2020-05-14,300750.SZ,,0,-0.0,False,,,
2020-05-15,300750.SZ,,0,-0.0,False,,,
2020-05-18,300750.SZ,,0,-0.0,False,,,
2020-05-19,300750.SZ,,0,-0.0,False,,,
2020-05-20,300750.SZ,,0,-0.0,False,,,
2020-05-21,300750.SZ,,0,-0.0,False,,,
2020-05-22,300750.SZ,,0,-0.0,False,,,
2020-05-25,300750.SZ,,0,-0.0,False,,,
2020-05-26,300750.SZ,,0,-0.0,False,,,
2020-05-27,300750.SZ,,0,-0.0,False,,,
2020-05-28,300750.SZ,,0,-0.0,False,,,
2020-05-29,300750.SZ,,0,-0.0,False,,,
2020-06-01,300750.SZ,,0,-0.0,False,,,
2020-06-02,300750.SZ,,0,-0.0,False,,,
2020-06-03,300750.SZ,,0,-0.0,False,,,
2020-06-04,300750.SZ,,0,-0.0,False,,,
2020-06-05,300750.SZ,,0,-0.0,False,,,
2020-06-08,300750.SZ,,0,-0.0,False,,,
2020-06-09,300750.SZ,,0,-0.0,False,,,
2020-06-10,300750.SZ,,0,-0.0,False,,,
2020-06-11,300750.SZ,,0,-0.0,False,,,
2020-06-12,300750.SZ,,0,-0.0,False,,,
2020-06-15,300750.SZ,,0,-0.0,False,,,
2020-06-16,300750.SZ,,0,-0.0,False,,,
2020-06-17,300750.SZ,,0,-0.0,False,,,
2020-06-18,300750.SZ,,0,-0.0,False,,,
2020-06-19,300750.SZ,,0,-0.0,False,,,
2020-06-22,300750.SZ,,0,-0.0,False,,,
2020-06-23,300750.SZ,,0,-0.0,False,,,
2020-06-24,300750.SZ,,0,-0.0,False,,,
2020-06-29,300750.SZ,,0,-0.0,False,,,
2020-06-30,300750.SZ,,0,-0.0,False,,,
2020-07-01,300750.SZ,,0,-0.0,False,,,
2020-07-02,300750.SZ,,0,-0.0,False,,,
2020-07-03,300750.SZ,,0,-0.0,False,,,
2020-07-06,300750.SZ,,0,-0.0,False,,,
2020-07-07,300750.SZ,,0,-0.0,False,,,
2020-07-08,300750.SZ,,0,-0.0,False,,,
2020-07-09,300750.SZ,,0,-0.0,False,,,
2020-07-10,300750.SZ,,0,-0.0,False,,,
2020-07-13,300750.SZ,,0,-0.0,False,,,
2020-07-14,300750.SZ,,0,-0.0,False,,,
2020-07-15,300750.SZ,,0,-0.0,False,,,
2020-07-16,300750.SZ,,0,-0.0,False,,,
2020-07-17,300750.SZ,,0,-0.0,False,,,
2020-07-20,300750.SZ,,0,-0.0,False,,,
2020-07-21,300750.SZ,,0,-0.0,False,,,
2020-07-22,300750.SZ,,0,-0.0,False,,,
2020-07-23,300750.SZ,,0,-0.0,False,,,
2020-07-24,300750.SZ,,0,-0.0,False,,,
2020-07-27,300750.SZ,,0,-0.0,False,,,
2020-07-28,300750.SZ,,0,-0.0,False,,,
2020-07-29,300750.SZ,,0,-0.0,False,,,
2020-07-30,300750.SZ,,0,-0.0,False,,,
2020-07-31,300750.SZ,,0,-0.0,False,,,
2020-08-03,300750.SZ,,0,-0.0,False,,,
2020-08-04,300750.SZ,,0,-0.0,False,,,
2020-08-05,300750.SZ,,0,-0.0,False,,,
2020-08-06,300750.SZ,,0,-0.0,False,,,
2020-08-07,300750.SZ,,0,-0.0,False,,,
2020-08-10,300750.SZ,,0,-0.0,False,,,
2020-08-11,300750.SZ,,0,-0.0,False,,,
2020-08-12,300750.SZ,,0,-0.0,False,,,
2020-08-13,300750.SZ,,0,-0.0,False,,,
2020-08-14,300750.SZ,,0,-0.0,False,,,
2020-08-17,300750.SZ,,0,-0.0,False,,,
2020-08-18,300750.SZ,,0,-0.0,False,,,
2020-08-19,300750.SZ,,0,-0.0,False,,,
2020-08-20,300750.SZ,,0,-0.0,False,,,
2020-08-21,300750.SZ,,0,-0.0,False,,,
2020-08-24,300750.SZ,,0,-0.0,False,,,
2020-08-25,300750.SZ,,0,-0.0,False,,,
2020-08-26,300750.SZ,,0,-0.0,False,,,
2020-08-27,300750.SZ,,0,-0.0,False,,,
2020-08-28,300750.SZ,,0,-0.0,False,,,
2020-08-31,300750.SZ,,0,-0.0,False,,,
2020-09-01,300750.SZ,,0,-0.0,False,,,
2020-09-02,300750.SZ,,0,-0.0,False,,,
2020-09-03,300750.SZ,,0,-0.0,False,,,
2020-09-04,300750.SZ,,0,-0.0,False,,,
2020-09-07,300750.SZ,,0,-0.0,False,,,
2020-09-08,300750.SZ,,0,-0.0,False,,,
2020-09-09,300750.SZ,,0,-0.0,False,,,
2020-09-10,300750.SZ,,0,-0.0,False,,,
2020-09-11,300750.SZ,,0,-0.0,False,,,
2020-09-14,300750.SZ,,0,-0.0,False,,,
2020-09-15,300750.SZ,,0,-0.0,False,,,
2020-09-16,300750.SZ,,0,-0.0,False,,,
2020-09-17,300750.SZ,,0,-0.0,False,,,
2020-09-18,300750.SZ,,0,-0.0,False,,,
2020-09-21,300750.SZ,,0,-0.0,False,,,
2020-09-22,300750.SZ,,0,-0.0,False,,,
2020-09-23,300750.SZ,,0,-0.0,False,,,
2020-09-24,300750.SZ,,0,-0.0,False,,,
2020-09-25,300750.SZ,,0,-0.0,False,,,
2020-09-28,300750.SZ,,0,-0.0,False,,,
2020-09-29,300750.SZ,,0,-0.0,False,,,
2020-09-30,300750.SZ,,0,-0.0,False,,,
2020-10-09,300750.SZ,,0,-0.0,False,,,
2020-10-12,300750.SZ,,0,-0.0,False,,,
2020-10-13,300750.SZ,,0,-0.0,False,,,
2020-10-14,300750.SZ,,0,-0.0,False,,,
2020-10-15,300750.SZ,,0,-0.0,False,,,
2020-10-16,300750.SZ,,0,-0.0,False,,,
2020-10-19,300750.SZ,,0,-0.0,False,,,
2020-10-20,300750.SZ,,0,-0.0,False,,,
2020-10-21,300750.SZ,,0,-0.0,False,,,
2020-10-22,300750.SZ,,0,-0.0,False,,,
2020-10-23,300750.SZ,,0,-0.0,False,,,
2020-10-26,300750.SZ,,0,-0.0,False,,,
2020-10-27,300750.SZ,,0,-0.0,False,,,
2020-10-28,300750.SZ,,0,-0.0,False,,,
2020-10-29,300750.SZ,,0,-0.0,False,,,
2020-10-30,300750.SZ,,0,-0.0,False,,,
2020-11-02,300750.SZ,,0,-0.0,False,,,
2020-11-03,300750.SZ,,0,-0.0,False,,,
2020-11-04,300750.SZ,,0,-0.0,False,,,
2020-11-05,300750.SZ,,0,-0.0,False,,,
2020-11-06,300750.SZ,,0,-0.0,False,,,
2020-11-09,300750.SZ,,0,-0.0,False,,,
2020-11-10,300750.SZ,,0,-0.0,False,,,
2020-11-11,300750.SZ,,0,-0.0,False,,,
2020-11-12,300750.SZ,,0,-0.0,False,,,
2020-11-13,300750.SZ,,0,-0.0,False,,,
2020-11-16,300750.SZ,,0,-0.0,False,,,
2020-11-17,300750.SZ,,0,-0.0,False,,,
2020-11-18,300750.SZ,,0,-0.0,False,,,
2020-11-19,300750.SZ,,0,-0.0,False,,,
2020-11-20,300750.SZ,,0,-0.0,False,,,
2020-11-23,300750.SZ,,0,-0.0,False,,,
2020-11-24,300750.SZ,,0,-0.0,False,,,
2020-11-25,300750.SZ,,0,-0.0,False,,,
2020-11-26,300750.SZ,,0,-0.0,False,,,
2020-11-27,300750.SZ,,0,-0.0,False,,,
2020-11-30,300750.SZ,,0,-0.0,False,,,
2020-12-01,300750.SZ,,0,-0.0,False,,,
2020-12-02,300750.SZ,,0,-0.0,False,,,
2020-12-03,300750.SZ,,0,-0.0,False,,,
2020-12-04,300750.SZ,,0,-0.0,False,,,
2020-12-07,300750.SZ,,0,-0.0,False,,,
2020-12-08,300750.SZ,,0,-0.0,False,,,
2020-12-09,300750.SZ,,0,-0.0,False,,,
2020-12-10,300750.SZ,,0,-0.0,False,,,
2020-12-11,300750.SZ,,0,-0.0,False,,,
2020-12-14,300750.SZ,,0,-0.0,False,,,
2020-12-15,300750.SZ,,0,-0.0,False,,,
2020-12-16,300750.SZ,,0,-0.0,False,,,
2020-12-17,300750.SZ,,0,-0.0,False,,,
2020-12-18,300750.SZ,,0,-0.0,False,,,
2020-12-21,300750.SZ,,0,-0.0,False,,,
2020-12-22,300750.SZ,,0,-0.0,False,,,
2020-12-23,300750.SZ,,0,-0.0,False,,,
2020-12-24,300750.SZ,,0,-0.0,False,,,
2020-12-25,300750.SZ,,0,-0.0,False,,,
2020-12-28,300750.SZ,,0,-0.0,False,,,
2020-12-29,300750.SZ,,0,-0.0,False,,,
2020-12-30,300750.SZ,,0,-0.0,False,,,
2020-12-31,300750.SZ,,0,-0.0,False,,,
2021-01-04,300750.SZ,,0,-0.0,False,,,
2021-01-05,300750.SZ,,0,-0.0,False,,,
2021-01-06,300750.SZ,,0,-0.0,False,,,
2021-01-07,300750.SZ,,0,-0.0,False,,,
2021-01-08,300750.SZ,,0,-0.0,False,,,
2021-01-11,300750.SZ,,0,-0.0,False,,,
2021-01-12,300750.SZ,,0,-0.0,False,,,
2021-01-13,300750.SZ,,0,-0.0,False,,,
2021-01-14,300750.SZ,,0,-0.0,False,,,
2021-01-15,300750.SZ,,0,-0.0,False,,,
2021-01-18,300750.SZ,,0,-0.0,False,,,
2021-01-19,300750.SZ,,0,-0.0,False,,,
2021-01-20,300750.SZ,,0,-0.0,False,,,
2021-01-21,300750.SZ,,0,-0.0,False,,,
2021-01-22,300750.SZ,,0,-0.0,False,,,
2021-01-25,300750.SZ,,0,-0.0,False,,,
2021-01-26,300750.SZ,,0,-0.0,False,,,
2021-01-27,300750.SZ,,0,-0.0,False,,,
2021-01-28,300750.SZ,,0,-0.0,False,,,
2021-01-29,300750.SZ,,0,-0.0,False,,,
2021-02-01,300750.SZ,,0,-0.0,False,,,
2021-02-02,300750.SZ,,0,-0.0,False,,,
2021-02-03,300750.SZ,,0,-0.0,False,,,
2021-02-04,300750.SZ,,0,-0.0,False,,,
2021-02-05,300750.SZ,,0,-0.0,False,,,
2021-02-08,300750.SZ,,0,-0.0,False,,,
2021-02-09,300750.SZ,,0,-0.0,False,,,
2021-02-10,300750.SZ,,0,-0.0,False,,,
2021-02-18,300750.SZ,,0,-0.0,False,,,
2021-02-19,300750.SZ,,0,-0.0,False,,,
2021-02-22,300750.SZ,,0,-0.0,False,,,
2021-02-23,300750.SZ,,0,-0.0,False,,,
2021-02-24,300750.SZ,,0,-0.0,False,,,
2021-02-25,300750.SZ,,0,-0.0,False,,,
2021-02-26,300750.SZ,,0,-0.0,False,,,
2021-03-01,300750.SZ,,0,-0.0,False,,,
2021-03-02,300750.SZ,,0,-0.0,False,,,
2021-03-03,300750.SZ,,0,-0.0,False,,,
2021-03-04,300750.SZ,,0,-0.0,False,,,
2021-03-05,300750.SZ,,0,-0.0,False,,,
2021-03-08,300750.SZ,,0,-0.0,False,,,
2021-03-09,300750.SZ,,0,-0.0,False,,,
2021-03-10,300750.SZ,,0,-0.0,False,,,
2021-03-11,300750.SZ,,0,-0.0,False,,,
2021-03-12,300750.SZ,,0,-0.0,False,,,
2021-03-15,300750.SZ,,0,-0.0,False,,,
2021-03-16,300750.SZ,,0,-0.0,False,,,
2021-03-17,300750.SZ,,0,-0.0,False,,,
2021-03-18,300750.SZ,,0,-0.0,False,,,
2021-03-19,300750.SZ,,0,-0.0,False,,,
2021-03-22,300750.SZ,,0,-0.0,False,,,
2021-03-23,300750.SZ,,0,-0.0,False,,,
2021-03-24,300750.SZ,,0,-0.0,False,,,
2021-03-25,300750.SZ,,0,-0.0,False,,,
2021-03-26,300750.SZ,,0,-0.0,False,,,
2021-03-29,300750.SZ,,0,-0.0,False,,,
2021-03-30,300750.SZ,,0,-0.0,False,,,
2021-03-31,300750.SZ,,0,-0.0,False,,,
2021-04-01,300750.SZ,,0,-0.0,False,,,
2021-04-02,300750.SZ,,0,-0.0,False,,,
2021-04-06,300750.SZ,,0,-0.0,False,,,
2021-04-07,300750.SZ,,0,-0.0,False,,,
2021-04-08,300750.SZ,,0,-0.0,False,,,
2021-04-09,300750.SZ,,0,-0.0,False,,,
2021-04-12,300750.SZ,,0,-0.0,False,,,
2021-04-13,300750.SZ,,0,-0.0,False,,,
2021-04-14,300750.SZ,,0,-0.0,False,,,
2021-04-15,300750.SZ,,0,-0.0,False,,,
2021-04-16,300750.SZ,,0,-0.0,False,,,
2021-04-19,300750.SZ,,0,-0.0,False,,,
2021-04-20,300750.SZ,,0,-0.0,False,,,
2021-04-21,300750.SZ,,0,-0.0,False,,,
2021-04-22,300750.SZ,,0,-0.0,False,,,
2021-04-23,300750.SZ,,0,-0.0,False,,,
2021-04-26,300750.SZ,,0,-0.0,False,,,
2021-04-27,300750.SZ,,0,-0.0,False,,,
2021-04-28,300750.SZ,,0,-0.0,False,,,
2021-04-29,300750.SZ,,0,-0.0,False,,,
2021-04-30,300750.SZ,,0,-0.0,False,,,
2021-05-06,300750.SZ,,0,-0.0,False,,,
2021-05-07,300750.SZ,,0,-0.0,False,,,
2021-05-10,300750.SZ,,0,-0.0,False,,,
2021-05-11,300750.SZ,,0,-0.0,False,,,
2021-05-12,300750.SZ,,0,-0.0,False,,,
2021-05-13,300750.SZ,,0,-0.0,False,,,
2021-05-14,300750.SZ,,0,-0.0,False,,,
2021-05-17,300750.SZ,,0,-0.0,False,,,
2021-05-18,300750.SZ,,0,-0.0,False,,,
2021-05-19,300750.SZ,,0,-0.0,False,,,
2021-05-20,300750.SZ,,0,-0.0,False,,,
2021-05-21,300750.SZ,,0,-0.0,False,,,
2021-05-24,300750.SZ,,0,-0.0,False,,,
2021-05-25,300750.SZ,,0,-0.0,False,,,
2021-05-26,300750.SZ,,0,-0.0,False,,,
2021-05-27,300750.SZ,,0,-0.0,False,,,
2021-05-28,300750.SZ,,0,-0.0,False,,,
2021-05-31,300750.SZ,,0,-0.0,False,,,
2021-06-01,300750.SZ,,0,-0.0,False,,,
2021-06-02,300750.SZ,,0,-0.0,False,,,
2021-06-03,300750.SZ,,0,-0.0,False,,,
2021-06-04,300750.SZ,,0,-0.0,False,,,
2021-06-07,300750.SZ,,0,-0.0,False,,,
2021-06-08,300750.SZ,,0,-0.0,False,,,
2021-06-09,300750.SZ,,0,-0.0,False,,,
2021-06-10,300750.SZ,,0,-0.0,False,,,
2021-06-11,300750.SZ,,0,-0.0,False,,,
2021-06-15,300750.SZ,,0,-0.0,False,,,
2021-06-16,300750.SZ,,0,-0.0,False,,,
2021-06-17,300750.SZ,,0,-0.0,False,,,
2021-06-18,300750.SZ,,0,-0.0,False,,,
2021-06-21,300750.SZ,,0,-0.0,False,,,
2021-06-22,300750.SZ,,0,-0.0,False,,,
2021-06-23,300750.SZ,,0,-0.0,False,,,
2021-06-24,300750.SZ,,0,-0.0,False,,,
2021-06-25,300750.SZ,,0,-0.0,False,,,
2021-06-28,300750.SZ,,0,-0.0,False,,,
2021-06-29,300750.SZ,,0,-0.0,False,,,
2021-06-30,300750.SZ,,0,-0.0,False,,,
2021-07-01,300750.SZ,,0,-0.0,False,,,
2021-07-02,300750.SZ,,0,-0.0,False,,,
2021-07-05,300750.SZ,,0,-0.0,False,,,
2021-07-06,300750.SZ,,0,-0.0,False,,,
2021-07-07,300750.SZ,,0,-0.0,False,,,
2021-07-08,300750.SZ,,0,-0.0,False,,,
2021-07-09,300750.SZ,,0,-0.0,False,,,
2021-07-12,300750.SZ,,0,-0.0,False,,,
2021-07-13,300750.SZ,,0,-0.0,False,,,
2021-07-14,300750.SZ,,0,-0.0,False,,,
2021-07-15,300750.SZ,,0,-0.0,False,,,
2021-07-16,300750.SZ,,0,-0.0,False,,,
2021-07-19,300750.SZ,,0,-0.0,False,,,
2021-07-20,300750.SZ,,0,-0.0,False,,,
2021-07-21,300750.SZ,,0,-0.0,False,,,
2021-07-22,300750.SZ,,0,-0.0,False,,,
2021-07-23,300750.SZ,,0,-0.0,False,,,
2021-07-26,300750.SZ,,0,-0.0,False,,,
2021-07-27,300750.SZ,,0,-0.0,False,,,
2021-07-28,300750.SZ,,0,-0.0,False,,,
2021-07-29,300750.SZ,,0,-0.0,False,,,
2021-07-30,300750.SZ,,0,-0.0,False,,,
2021-08-02,300750.SZ,,0,-0.0,False,,,
2021-08-03,300750.SZ,,0,-0.0,False,,,
2021-08-04,300750.SZ,,0,-0.0,False,,,
2021-08-05,300750.SZ,,0,-0.0,False,,,
2021-08-06,300750.SZ,,0,-0.0,False,,,
2021-08-09,300750.SZ,,0,-0.0,False,,,
2021-08-10,300750.SZ,,0,-0.0,False,,,
2021-08-11,300750.SZ,,0,-0.0,False,,,
2021-08-12,300750.SZ,,0,-0.0,False,,,
2021-08-13,300750.SZ,,0,-0.0,False,,,
2021-08-16,300750.SZ,,0,-0.0,False,,,
2021-08-17,300750.SZ,,0,-0.0,False,,,
2021-08-18,300750.SZ,,0,-0.0,False,,,
2021-08-19,300750.SZ,,0,-0.0,False,,,
2021-08-20,300750.SZ,,0,-0.0,False,,,
2021-08-23,300750.SZ,,0,-0.0,False,,,
2021-08-24,300750.SZ,,0,-0.0,False,,,
2021-08-25,300750.SZ,,0,-0.0,False,,,
2021-08-26,300750.SZ,,0,-0.0,False,,,
2021-08-27,300750.SZ,,0,-0.0,False,,,
2021-08-30,300750.SZ,,0,-0.0,False,,,
2021-08-31,300750.SZ,,0,-0.0,False,,,
2021-09-01,300750.SZ,,0,-0.0,False,,,
2021-09-02,300750.SZ,,0,-0.0,False,,,
2021-09-03,300750.SZ,,0,-0.0,False,,,
2021-09-06,300750.SZ,,0,-0.0,False,,,
2021-09-07,300750.SZ,,0,-0.0,False,,,
2021-09-08,300750.SZ,,0,-0.0,False,,,
2021-09-09,300750.SZ,,0,-0.0,False,,,
2021-09-10,300750.SZ,,0,-0.0,False,,,
2021-09-13,300750.SZ,,0,-0.0,False,,,
2021-09-14,300750.SZ,,0,-0.0,False,,,
2021-09-15,300750.SZ,,0,-0.0,False,,,
2021-09-16,300750.SZ,,0,-0.0,False,,,
2021-09-17,300750.SZ,,0,-0.0,False,,,
2021-09-22,300750.SZ,,0,-0.0,False,,,
2021-09-23,300750.SZ,,0,-0.0,False,,,
2021-09-24,300750.SZ,,0,-0.0,False,,,
2021-09-27,300750.SZ,,0,-0.0,False,,,
2021-09-28,300750.SZ,,0,-0.0,False,,,
2021-09-29,300750.SZ,,0,-0.0,False,,,
2021-09-30,300750.SZ,,0,-0.0,False,,,
2021-10-08,300750.SZ,,0,-0.0,False,,,
2021-10-11,300750.SZ,,0,-0.0,False,,,
2021-10-12,300750.SZ,,0,-0.0,False,,,
2021-10-13,300750.SZ,,0,-0.0,False,,,
2021-10-14,300750.SZ,,0,-0.0,False,,,
2021-10-15,300750.SZ,,0,-0.0,False,,,
2021-10-18,300750.SZ,,0,-0.0,False,,,
2021-10-19,300750.SZ,,0,-0.0,False,,,
2021-10-20,300750.SZ,,0,-0.0,False,,,
2021-10-21,300750.SZ,,0,-0.0,False,,,
2021-10-22,300750.SZ,,0,-0.0,False,,,
2021-10-25,300750.SZ,,0,-0.0,False,,,
2021-10-26,300750.SZ,,0,-0.0,False,,,
2021-10-27,300750.SZ,,0,-0.0,False,,,
2021-10-28,300750.SZ,,0,-0.0,False,,,
2021-10-29,300750.SZ,,0,-0.0,False,,,
2021-11-01,300750.SZ,,0,-0.0,False,,,
2021-11-02,300750.SZ,,0,-0.0,False,,,
2021-11-03,300750.SZ,,0,-0.0,False,,,
2021-11-04,300750.SZ,,0,-0.0,False,,,
2021-11-05,300750.SZ,,0,-0.0,False,,,
2021-11-08,300750.SZ,,0,-0.0,False,,,
2021-11-09,300750.SZ,,0,-0.0,False,,,
2021-11-10,300750.SZ,,0,-0.0,False,,,
2021-11-11,300750.SZ,,0,-0.0,False,,,
2021-11-12,300750.SZ,,0,-0.0,False,,,
2021-11-15,300750.SZ,,0,-0.0,False,,,
2021-11-16,300750.SZ,,0,-0.0,False,,,
2021-11-17,300750.SZ,,0,-0.0,False,,,
2021-11-18,300750.SZ,,0,-0.0,False,,,
2021-11-19,300750.SZ,,0,-0.0,False,,,
2021-11-22,300750.SZ,,0,-0.0,False,,,
2021-11-23,300750.SZ,,0,-0.0,False,,,
2021-11-24,300750.SZ,,0,-0.0,False,,,
2021-11-25,300750.SZ,,0,-0.0,False,,,
2021-11-26,300750.SZ,,0,-0.0,False,,,
2021-11-29,300750.SZ,,0,-0.0,False,,,
2021-11-30,300750.SZ,,0,-0.0,False,,,
2021-12-01,300750.SZ,,0,-0.0,False,,,
2021-12-02,300750.SZ,,0,-0.0,False,,,
2021-12-03,300750.SZ,,0,-0.0,False,,,
2021-12-06,300750.SZ,,0,-0.0,False,,,
2021-12-07,300750.SZ,,0,-0.0,False,,,
2021-12-08,300750.SZ,,0,-0.0,False,,,
2021-12-09,300750.SZ,,0,-0.0,False,,,
2021-12-10,300750.SZ,,0,-0.0,False,,,
2021-12-13,300750.SZ,,0,-0.0,False,,,
2021-12-14,300750.SZ,0.9349489795918368,0,-0.0,False,,,
2021-12-15,300750.SZ,0.7602040816326531,0,-0.0,False,,,
2021-12-16,300750.SZ,0.08290816326530612,0,-0.0,False,,,
2021-12-17,300750.SZ,0.7908163265306123,0,-0.0,False,,,
2021-12-20,300750.SZ,0.9783163265306123,0,-0.0,False,,,
2021-12-21,300750.SZ,0.9757653061224489,0,-0.0,False,,,
2021-12-22,300750.SZ,0.09056122448979592,0,-0.0,False,,,
2021-12-23,300750.SZ,0.04846938775510204,0,-0.0,False,,,
2021-12-24,300750.SZ,0.9872448979591837,0,-0.0,False,,,
2021-12-27,300750.SZ,0.20280612244897958,0,-0.0,False,,,
2021-12-28,300750.SZ,0.09311224489795919,0,-0.0,False,,,
2021-12-29,300750.SZ,0.9221938775510204,0,-0.0,False,,,
2021-12-30,300750.SZ,0.04591836734693878,0,-0.0,False,,,
2021-12-31,300750.SZ,0.8762755102040817,0,-0.0,False,,,
2022-01-04,300750.SZ,0.9426020408163265,0,-0.0,False,,,
2022-01-05,300750.SZ,0.9451530612244898,0,-0.0,False,,,
2022-01-06,300750.SZ,0.0625,0,-0.0,False,,,
2022-01-07,300750.SZ,0.22448979591836735,0,-0.0,False,,,
2022-01-10,300750.SZ,0.2729591836734694,0,-0.0,False,,,
2022-01-11,300750.SZ,0.14158163265306123,0,-0.0,False,,,
2022-01-12,300750.SZ,0.029336734693877552,0,-0.0,False,,,
2022-01-13,300750.SZ,0.274234693877551,0,-0.0,False,,,
2022-01-14,300750.SZ,0.058673469387755105,0,-0.0,False,,,
2022-01-17,300750.SZ,0.026785714285714284,0,-0.0,False,,,
2022-01-18,300750.SZ,0.9821428571428571,0,-0.0,False,,,
2022-01-19,300750.SZ,0.9464285714285714,0,-0.0,False,,,
2022-01-20,300750.SZ,0.6352040816326531,0,-0.0,False,,,
2022-01-21,300750.SZ,0.25,0,-0.0,False,,,
2022-01-24,300750.SZ,0.05102040816326531,0,-0.0,False,,,
2022-01-25,300750.SZ,0.923469387755102,0,-0.0,False,,,
2022-01-26,300750.SZ,0.029336734693877552,0,-0.0,False,,,
2022-01-27,300750.SZ,0.9056122448979592,0,-0.0,False,,,
2022-01-28,300750.SZ,0.025510204081632654,0,-0.0,False,,,
2022-02-07,300750.SZ,0.9783163265306123,0,-0.0,False,,,
2022-02-08,300750.SZ,0.9834183673469388,0,-0.0,False,,,
2022-02-09,300750.SZ,0.1211734693877551,0,-0.0,False,,,
2022-02-10,300750.SZ,0.9757653061224489,0,-0.0,False,,,
2022-02-11,300750.SZ,0.9719387755102041,0,-0.0,False,,,
2022-02-14,300750.SZ,0.02040816326530612,0,-0.0,False,,,
2022-02-15,300750.SZ,0.06505102040816327,0,-0.0,False,,,
2022-02-16,300750.SZ,0.08290816326530612,0,-0.0,False,,,
2022-02-17,300750.SZ,0.9221938775510204,0,-0.0,False,,,
2022-02-18,300750.SZ,0.9604591836734694,0,-0.0,False,,,
2022-02-21,300750.SZ,0.9783163265306123,0,-0.0,False,,,
2022-02-22,300750.SZ,0.8647959183673469,0,-0.0,False,,,
2022-02-23,300750.SZ,0.07015306122448979,0,-0.0,False,,,
2022-02-24,300750.SZ,0.8992346938775511,0,-0.0,False,,,
2022-02-25,300750.SZ,0.04336734693877551,0,-0.0,False,,,
2022-02-28,300750.SZ,0.08035714285714286,0,-0.0,False,,,
2022-03-01,300750.SZ,0.1288265306122449,0,-0.0,False,,,
2022-03-02,300750.SZ,0.9693877551020408,0,-0.0,False,,,
2022-03-03,300750.SZ,0.6454081632653061,0,-0.0,False,,,
2022-03-04,300750.SZ,0.9783163265306123,0,-0.0,False,,,
2022-03-07,300750.SZ,0.03316326530612245,0,-0.0,False,,,
2022-03-08,300750.SZ,0.3278061224489796,0,-0.0,False,,,
2022-03-09,300750.SZ,0.036989795918367346,0,-0.0,False,,,
2022-03-10,300750.SZ,0.07397959183673469,0,-0.0,False,,,
2022-03-11,300750.SZ,0.923469387755102,0,-0.0,False,,,
2022-03-14,300750.SZ,0.9566326530612245,0,-0.0,False,,,
2022-03-15,300750.SZ,0.09566326530612244,0,-0.0,False,,,
2022-03-16,300750.SZ,0.03571428571428571,0,-0.0,False,,,
2022-03-17,300750.SZ,0.0625,0,-0.0,False,,,
2022-03-18,300750.SZ,0.9757653061224489,0,-0.0,False,,,
2022-03-21,300750.SZ,0.04081632653061224,0,-0.0,False,,,
2022-03-22,300750.SZ,0.9260204081632653,0,-0.0,False,,,
2022-03-23,300750.SZ,0.16071428571428573,0,-0.0,False,,,
2022-03-24,300750.SZ,0.6849489795918368,0,-0.0,False,,,
2022-03-25,300750.SZ,0.9260204081632653,0,-0.0,False,,,
2022-03-28,300750.SZ,0.9719387755102041,0,-0.0,False,,,
2022-03-29,300750.SZ,0.4272959183673469,0,-0.0,False,,,
2022-03-30,300750.SZ,0.04846938775510204,0,-0.0,False,,,
2022-03-31,300750.SZ,0.9056122448979592,0,-0.0,False,,,
2022-04-01,300750.SZ,0.07908163265306123,0,-0.0,False,,,
2022-04-06,300750.SZ,0.9221938775510204,0,-0.0,False,,,
2022-04-07,300750.SZ,0.9438775510204082,0,-0.0,False,,,
2022-04-08,300750.SZ,0.6377551020408163,0,-0.0,False,,,
2022-04-11,300750.SZ,0.02295918367346939,0,-0.0,False,,,
2022-04-12,300750.SZ,0.0778061224489796,0,-0.0,False,,,
2022-04-13,300750.SZ,0.8686224489795918,0,-0.0,False,,,
2022-04-14,300750.SZ,0.9795918367346939,0,-0.0,False,,,
2022-04-15,300750.SZ,0.9323979591836735,0,-0.0,False,,,
2022-04-18,300750.SZ,0.41709183673469385,0,-0.0,False,,,
2022-04-19,300750.SZ,0.9387755102040817,0,-0.0,False,,,
2022-04-20,300750.SZ,0.9897959183673469,0,-0.0,False,,,
2022-04-21,300750.SZ,0.07653061224489796,0,-0.0,False,,,
2022-04-22,300750.SZ,0.08418367346938775,0,-0.0,False,,,
2022-04-25,300750.SZ,0.9489795918367347,0,-0.0,False,,,
2022-04-26,300750.SZ,0.9846938775510204,0,-0.0,False,,,
2022-04-27,300750.SZ,0.061224489795918366,0,-0.0,False,,,
2022-04-28,300750.SZ,0.9808673469387755,0,-0.0,False,,,
2022-04-29,300750.SZ,0.0625,0,-0.0,False,,,
2022-05-05,300750.SZ,0.9897959183673469,0,-0.0,False,,,
2022-05-06,300750.SZ,0.11479591836734694,0,-0.0,False,,,
2022-05-09,300750.SZ,0.9285714285714286,0,-0.0,False,,,
2022-05-10,300750.SZ,0.07397959183673469,0,-0.0,False,,,
2022-05-11,300750.SZ,0.036989795918367346,0,-0.0,False,,,
2022-05-12,300750.SZ,0.9502551020408163,0,-0.0,False,,,
2022-05-13,300750.SZ,0.030612244897959183,0,-0.0,False,,,
2022-05-16,300750.SZ,0.9247448979591837,0,-0.0,False,,,
2022-05-17,300750.SZ,0.04336734693877551,0,-0.0,False,,,
2022-05-18,300750.SZ,0.9081632653061225,0,-0.0,False,,,
2022-05-19,300750.SZ,0.5605867346938775,0,-0.0,False,,,
2022-05-20,300750.SZ,0.09311224489795919,0,-0.0,False,,,
2022-05-23,300750.SZ,0.9489795918367347,0,-0.0,False,,,
2022-05-24,300750.SZ,0.8979591836734694,0,-0.0,False,,,
2022-05-25,300750.SZ,0.9553571428571429,0,-0.0,False,,,
2022-05-26,300750.SZ,0.06760204081632654,0,-0.0,False,,,
2022-05-27,300750.SZ,0.058673469387755105,0,-0.0,False,,,
2022-05-30,300750.SZ,0.08035714285714286,0,-0.0,False,,,
2022-05-31,300750.SZ,0.11224489795918367,0,-0.0,False,,,
2022-06-01,300750.SZ,0.9681122448979592,0,-0.0,False,,,
2022-06-02,300750.SZ,0.9681122448979592,0,-0.0,False,,,
2022-06-06,300750.SZ,0.985969387755102,0,-0.0,False,,,
2022-06-07,300750.SZ,0.951530612244898,0,-0.0,False,,,
2022-06-08,300750.SZ,0.19387755102040816,0,-0.0,False,,,
2022-06-09,300750.SZ,0.9706632653061225,0,-0.0,False,,,
2022-06-10,300750.SZ,0.03316326530612245,0,-0.0,False,,,
2022-06-13,300750.SZ,0.9336941813261164,0,-0.0,False,,,
2022-06-14,300750.SZ,0.8132147395171537,0,-0.0,False,,,
2022-06-15,300750.SZ,0.03303684879288437,0,-0.0,False,,,
2022-06-16,300750.SZ,0.9351969504447268,0,-0.0,False,0.520886240257172,0.4191752244732189,0.9400614647303909
2022-06-17,300750.SZ,0.029224904701397714,0,-0.0,False,0.5208883066809461,0.4191772834530566,0.9400655901340027
2022-06-20,300750.SZ,0.029224904701397714,0,-0.0,False,0.5147968135398523,0.42097775252770286,0.9357745660675552
2022-06-21,300750.SZ,0.11054637865311309,0,-0.0,False,0.5143494530518198,0.4214688018729893,0.9358182549248091
2022-06-22,300750.SZ,0.48538754764930114,0,-0.0,False,0.5086805368195073,0.4222931074237076,0.9309736442432149
2022-06-23,300750.SZ,0.02795425667090216,0,-0.0,False,0.5045727969954963,0.42007807123452834,0.9246508682300246
2022-06-24,300750.SZ,0.030495552731893267,0,-0.0,False,0.4966743715834001,0.4200546319347164,0.9167290035181166
2022-06-27,300750.SZ,0.9898348157560356,1,-1.0,True,0.4961738243187509,0.4205780945534114,0.9167519188721622
2022-06-28,300750.SZ,0.9072426937738246,0,-0.0,False,0.5040185362187587,0.42093636389986977,0.9249549001186285
2022-06-29,300750.SZ,0.9059720457433291,0,-0.0,False,0.5033518511838807,0.42022734883360585,0.9235792000174865
2022-06-30,300750.SZ,0.2846251588310038,0,-0.0,False,0.5092115672113336,0.4209032591458718,0.9301148263572054
2022-07-01,300750.SZ,0.9390088945362135,1,-1.0,True,0.5108075081607757,0.4196735590036923,0.930481067164468
2022-07-04,300750.SZ,0.7966963151207116,0,-0.0,False,0.510947633302319,0.4198148548028094,0.9307624881051284
2022-07-05,300750.SZ,0.09529860228716645,0,-0.0,False,0.5172041162004337,0.4184183888462147,0.9356225050466485
2022-07-06,300750.SZ,0.6963151207115629,0,-0.0,False,0.5106959753011261,0.41885988828577303,0.9295558635868991
2022-07-07,300750.SZ,0.01905972045743329,0,-0.0,False,0.5086435843002531,0.4173263766834561,0.9259699609837093
2022-07-08,300750.SZ,0.9491740787801779,1,-1.0,True,0.5009261397938609,0.41774907046186754,0.9186752102557285
2022-07-11,300750.SZ,0.9593392630241423,1,-1.0,True,0.5083150904503624,0.4177707662463075,0.9260858566966699
2022-07-12,300750.SZ,0.9542566709021602,1,-1.0,True,0.5144388360095772,0.4189595269129338,0.933398362922511
2022-07-13,300750.SZ,0.017789072426937738,0,-0.0,False,0.5201163150698163,0.42027384420802644,0.9403901592778428
2022-07-14,300750.SZ,0.04193138500635324,0,-0.0,False,0.5190847104012652,0.42136132759625244,0.9404460379975177
2022-07-15,300750.SZ,0.974587039390089,1,-1.0,True,0.5191896658205359,0.421239863935073,0.9404295297556089
2022-07-18,300750.SZ,0.03430749682337993,0,-0.0,False,0.5250259353664737,0.4226667650365156,0.9476927004029894
2022-07-19,300750.SZ,0.9758576874205845,1,-1.0,True,0.5248228855951039,0.4228984733594645,0.9477213589545684
2022-07-20,300750.SZ,0.2782719186785261,0,-0.0,False,0.5327318187045612,0.4223803729534824,0.9551121916580436
2022-07-21,300750.SZ,0.866581956797967,0,-0.0,False,0.5268662275506917,0.4209719375805001,0.9478381651311918
2022-07-22,300750.SZ,0.029224904701397714,0,-0.0,False,0.5262008390954367,0.42036587088002114,0.9465667099754578
2022-07-25,300750.SZ,0.9504447268106735,1,-1.0,True,0.5211510126210095,0.4226788484814416,0.9438298611024512
2022-07-26,300750.SZ,0.5628970775095299,0,-0.0,False,0.5269880520110984,0.4237380013760929,0.9507260533871913
2022-07-27,300750.SZ,0.9428208386277002,0,-0.0,False,0.5312536909223174,0.421476737024626,0.9527304279469435
2022-07-28,300750.SZ,0.32655654383735705,0,-0.0,False,0.5314149530129223,0.4216317380985754,0.9530466911114976
2022-07-29,300750.SZ,0.8780177890724269,0,-0.0,False,0.5338917847557847,0.4195252784634729,0.9534170632192576
2022-08-01,300750.SZ,0.026683608640406607,0,-0.0,False,0.5336618309572386,0.41932733161838665,0.9529891625756253
2022-08-02,300750.SZ,0.9034307496823379,0,-0.0,False,0.5336716093285617,0.41931539587134703,0.9529870051999088
2022-08-03,300750.SZ,0.97712833545108,1,-1.0,True,0.5330475628548261,0.41870336975856265,0.9517509326133888
2022-08-04,300750.SZ,0.9237611181702668,0,-0.0,False,0.5329951459223606,0.4186469045413107,0.9516420504636713
2022-08-05,300750.SZ,0.2096569250317662,0,-0.0,False,0.5396833763288815,0.4184233663945333,0.9581067427234149
2022-08-08,300750.SZ,0.9110546378653113,0,-0.0,False,0.5332991398197925,0.4175574685331927,0.9508566083529852
2022-08-09,300750.SZ,0.035578144853875476,0,-0.0,False,0.5327917720060851,0.41705669464731526,0.9498484666534004
2022-08-10,300750.SZ,0.9085133418043202,0,-0.0,False,0.5329181885193232,0.41690234846228236,0.9498205369816055
2022-08-11,300750.SZ,0.1588310038119441,0,-0.0,False,0.5399470411976245,0.41605736585345143,0.9560044070510759
2022-08-12,300750.SZ,0.9415501905972046,0,-0.0,False,0.5405797315355131,0.41541374467366576,0.9559934762091788
2022-08-15,300750.SZ,0.035578144853875476,0,-0.0,False,0.5407410341442314,0.41556689803924346,0.9563079321834749
2022-08-16,300750.SZ,0.029224904701397714,0,-0.0,False,0.533033692154068,0.41629320234555206,0.94932689449962
2022-08-17,300750.SZ,0.022871664548919948,0,-0.0,False,0.525124596972158,0.4167777940444691,0.9419023910166271
2022-08-18,300750.SZ,0.7801778907242694,0,-0.0,False,0.518108561523671,0.41809610746852893,0.9362046689921999
2022-08-19,300750.SZ,0.9313850063532402,0,-0.0,False,0.5240254351028358,0.4167252619574293,0.9407506970602652
2022-08-22,300750.SZ,0.029224904701397714,0,-0.0,False,0.5242933543734666,0.4169787749187461,0.9412721292922126
2022-08-23,300750.SZ,0.05844980940279543,0,-0.0,False,0.5241755006881551,0.4171178201215405,0.9412933208096956
2022-08-24,300750.SZ,0.974587039390089,1,-1.0,True,0.5239929395760355,0.41731844553472514,0.9413113851107606
2022-08-25,300750.SZ,0.9669631512071156,1,-1.0,True,0.5310409438158509,0.4177302126971523,0.9487711565130033
2022-08-26,300750.SZ,0.9479034307496823,0,-0.0,False,0.5310207387833932,0.41770889039154213,0.9487296291749353
2022-08-29,300750.SZ,0.07115628970775095,0,-0.0,False,0.5335415326790963,0.41931466197684125,0.9528561946559375
2022-08-30,300750.SZ,0.025412960609911054,0,-0.0,False,0.5259818657055725,0.41940601427107854,0.9453878799766511
2022-08-31,300750.SZ,0.05717916137229987,0,-0.0,False,0.5259172798331041,0.419483132615216,0.9454004124483202
2022-09-01,300750.SZ,0.008894536213468869,0,-0.0,False,0.523662055157465,0.4212807881745347,0.9449428433319997
2022-09-02,300750.SZ,0.20584498094027953,0,-0.0,False,0.5234279279932575,0.4215612431806848,0.9449891711739423
2022-09-05,300750.SZ,0.13214739517153748,0,-0.0,False,0.5245268062357871,0.4205504810461661,0.9450772872819532
2022-09-06,300750.SZ,0.9872935196950444,1,-1.0,True,0.5179324562975908,0.4204464445018577,0.9383789007994485
2022-09-07,300750.SZ,0.021601016518424398,0,-0.0,False,0.5181879635195392,0.42072450937365347,0.9389124728931927
2022-09-08,300750.SZ,0.9923761118170267,1,-1.0,True,0.5175707781129751,0.42140331972274736,0.9389740978357225
2022-09-09,300750.SZ,0.17026683608640406,0,-0.0,False,0.5255429599971646,0.42125999407636017,0.9468029540735248
2022-09-13,300750.SZ,0.08005082592121983,0,-0.0,False,0.5264410169645513,0.4203785158215653,0.9468195327861166
2022-09-14,300750.SZ,0.9796696315120712,1,-1.0,True,0.518976729629541,0.4202854122946942,0.9392621419242352
2022-09-15,300750.SZ,0.96569250317662,1,-1.0,True,0.5268005071710532,0.420047963508708,0.9468484706797612
2022-09-16,300750.SZ,0.8119440914866582,0,-0.0,False,0.5271311079628311,0.4203802924691091,0.9475114004319403
2022-09-19,300750.SZ,0.1181702668360864,0,-0.0,False,0.5325580230109342,0.41981342619080597,0.9523714492017402
2022-09-20,300750.SZ,0.07496823379923762,0,-0.0,False,0.527834867071303,0.42127030234569846,0.9491051694170014
2022-09-21,300750.SZ,0.7662007623888183,0,-0.0,False,0.5207427656182694,0.42167405631977906,0.9424168219380484
2022-09-22,300750.SZ,0.9085133418043202,0,-0.0,False,0.5190282821755913,0.4202399396406007,0.939268221816192
2022-09-23,300750.SZ,0.07496823379923762,0,-0.0,False,0.5230384273708995,0.4216508696647205,0.94468929703562
2022-09-26,300750.SZ,0.043202033036848796,0,-0.0,False,0.5232592510879338,0.42140711192987795,0.9446663630178118
2022-09-27,300750.SZ,0.5387547649301143,0,-0.0,False,0.5160724993224245,0.4221847311312086,0.9382572304536331
2022-09-28,300750.SZ,0.9174078780177891,0,-0.0,False,0.5199031087580667,0.4202674854137363,0.940170594171803
2022-09-29,300750.SZ,0.15120711562897077,0,-0.0,False,0.5198632254286231,0.4202292126070122,0.9400924380356352
2022-09-30,300750.SZ,0.9733163913595934,1,-1.0,True,0.5132576384670278,0.4197378280352037,0.9329954665022315
2022-10-10,300750.SZ,0.9097839898348158,0,-0.0,False,0.5160539825446843,0.42168746205243063,0.9377414445971148
2022-10-11,300750.SZ,0.022871664548919948,0,-0.0,False,0.5234441892626954,0.4207430859634624,0.9441872752261578
2022-10-12,300750.SZ,0.04066073697585769,0,-0.0,False,0.5229864021135283,0.42126160058890916,0.9442480027024375
2022-10-13,300750.SZ,0.9301143583227446,0,-0.0,False,0.5160867211801639,0.4223320619770065,0.9384187831571704
2022-10-14,300750.SZ,0.2020330368487929,0,-0.0,False,0.5156744088600642,0.4218996813162435,0.9375740901763077
2022-10-17,300750.SZ,0.9263024142312579,0,-0.0,False,0.5095880345072736,0.42110487634383587,0.9306929108511095
2022-10-18,300750.SZ,0.18170266836086404,0,-0.0,False,0.5138314559864117,0.42272747087597623,0.936558926862388
2022-10-19,300750.SZ,0.03430749682337993,0,-0.0,False,0.5075225156377182,0.4219809127499316,0.9295034283876498
2022-10-20,300750.SZ,0.9809402795425667,1,-1.0,True,0.49956011212485174,0.42181894868596514,0.9213790608108169
2022-10-21,300750.SZ,0.8805590851334181,0,-0.0,False,0.5070968593523324,0.4222764679601527,0.9293733273124851
2022-10-24,300750.SZ,0.9224904701397713,0,-0.0,False,0.5137333211161993,0.42183179757580175,0.9355651186920011
2022-10-25,300750.SZ,0.15756035578144853,0,-0.0,False,0.5135125784353912,0.4216089931700312,0.9351215716054224
2022-10-26,300750.SZ,0.5222363405336722,0,-0.0,False,0.5066197990873115,0.42060112994508586,0.9272209290323974
2022-10-27,300750.SZ,0.035578144853875476,0,-0.0,False,0.5104615645101261,0.41859938275859343,0.9290609472687196
2022-10-28,300750.SZ,0.011435832274459974,0,-0.0,False,0.502584154492752,0.41856712339579105,0.921151277888543
2022-10-31,300750.SZ,0.07623888182973317,0,-0.0,False,0.5021586197617057,0.41904397855435455,0.9212025983160603
2022-11-01,300750.SZ,0.1181702668360864,0,-0.0,False,0.49454564445722565,0.4184084235676049,0.9129540680248305
2022-11-02,300750.SZ,0.14866581956797967,0,-0.0,False,0.4945737640277984,0.4183828002322969,0.9129565642600953
2022-11-03,300750.SZ,0.9250317662007624,1,-1.0,True,0.4880745506194364,0.41764129090428737,0.9057158415237238
2022-11-04,300750.SZ,0.053367217280813214,0,-0.0,False,0.49516665207246996,0.4177762933335675,0.9129429454060375
2022-11-07,300750.SZ,0.03176620076238882,0,-0.0,False,0.49530313058382364,0.41762800780234344,0.9129311383861671
2022-11-08,300750.SZ,0.6670902160101652,0,-0.0,False,0.48764905640650347,0.4176366097841499,0.9052856661906534
2022-11-09,300750.SZ,0.9618805590851334,1,-1.0,True,0.4929530394991052,0.4158211559677891,0.9087741954668943
2022-11-10,300750.SZ,0.9593392630241423,1,-1.0,True,0.49326250334182137,0.41615888745922336,0.9094213908010447
2022-11-11,300750.SZ,0.060991105463786534,0,-0.0,False,0.5008956026425327,0.41623793618991806,0.9171335388324509
2022-11-14,300750.SZ,0.96569250317662,1,-1.0,True,0.49383583464384667,0.4164566064535357,0.9102924410973824
2022-11-15,300750.SZ,0.09148665819567979,0,-0.0,False,0.49721171604786957,0.41863846886425066,0.9158501849121202
2022-11-16,300750.SZ,0.951715374841169,1,-1.0,True,0.4971981694920172,0.41865168093397126,0.9158498504259884
2022-11-17,300750.SZ,0.9504447268106735,1,-1.0,True,0.4972209676837208,0.4186765637393238,0.9158975314230446
2022-11-18,300750.SZ,0.062261753494282084,0,-0.0,False,0.4976583472098642,0.419125895527484,0.9167842427373483
2022-11-21,300750.SZ,0.17407878017789072,0,-0.0,False,0.4902158856318403,0.41885950210631695,0.9090753877381572
2022-11-22,300750.SZ,0.9135959339263025,1,-1.0,True,0.4911031917931867,0.41806875262062054,0.9091719444138072
2022-11-23,300750.SZ,0.07496823379923762,0,-0.0,False,0.49822754566434124,0.417922133296367,0.9161496789607082
2022-11-24,300750.SZ,0.9123252858958069,0,-0.0,False,0.49818263808885876,0.4179676996879991,0.9161503377768578
2022-11-25,300750.SZ,0.8945362134688691,0,-0.0,False,0.5048499746549973,0.4181408888469927,0.9229908635019899
2022-11-28,300750.SZ,0.8195679796696315,0,-0.0,False,0.5042368410597547,0.4175093504706271,0.9217461915303818
2022-11-29,300750.SZ,0.14104193138500634,0,-0.0,False,0.502998972182852,0.41634102788243765,0.9193400000652897
2022-11-30,300750.SZ,0.048284625158831,0,-0.0,False,0.4959579100464346,0.4152476796451434,0.911205589691578
2022-12-01,300750.SZ,0.06734434561626429,0,-0.0,False,0.48843086015405074,0.415106665689009,0.9035375258430598
2022-12-02,300750.SZ,0.8780177890724269,0,-0.0,False,0.4873764167756829,0.41602087155480955,0.9033972883304924
2022-12-05,300750.SZ,0.5031766200762389,0,-0.0,False,0.48660437114040206,0.41520161630801133,0.9018059874484134
2022-12-06,300750.SZ,0.053367217280813214,0,-0.0,False,0.4905211490968197,0.4130997635729253,0.903620912669745
2022-12-07,300750.SZ,0.016518424396442185,0,-0.0,False,0.48318509106310886,0.41298016554531874,0.8961652566084276
2022-12-08,300750.SZ,0.8144853875476493,0,-0.0,False,0.47654595510376957,0.4140325391415461,0.8905784942453157
2022-12-09,300750.SZ,0.9542566709021602,1,-1.0,True,0.48305802626005934,0.4131427425086633,0.8962007687687226
2022-12-12,300750.SZ,0.9500674763832658,1,-1.0,True,0.48321685726387126,0.413321651106115,0.8965385083699863
2022-12-13,300750.SZ,0.9367088607594937,1,-1.0,True,0.4908905453612202,0.4133701846199591,0.9042607299811793
2022-12-14,300750.SZ,0.8974683544303798,0,-0.0,False,0.4984529116617043,0.413154195429179,0.9116071070908833
2022-12-15,300750.SZ,0.013924050632911392,0,-0.0,False,0.5050105947931816,0.41319061642946436,0.9182012112226459
2022-12-16,300750.SZ,0.9164556962025316,0,-0.0,False,0.5010817323180449,0.4156131482396606,0.9166948805577055
2022-12-19,300750.SZ,0.04556962025316456,0,-0.0,False,0.5084859109808085,0.4150274637873416,0.9235133747681501
2022-12-20,300750.SZ,0.9253164556962026,1,-1.0,True,0.5086115282101524,0.4148838300916663,0.9234953583018187
2022-12-21,300750.SZ,0.9050632911392406,0,-0.0,False,0.5080738752096539,0.4142963555836454,0.9223702307932993
2022-12-22,300750.SZ,0.9215189873417722,0,-0.0,False,0.5080557135210323,0.414278757396834,0.9223344709178662
2022-12-23,300750.SZ,0.11518987341772152,0,-0.0,False,0.508185271367686,0.41440665518895264,0.9225919265566387
2022-12-26,300750.SZ,0.14810126582278482,0,-0.0,False,0.5067733106559086,0.4154620719156084,0.922235382571517
2022-12-27,300750.SZ,0.8265822784810126,0,-0.0,False,0.5001824137499634,0.41482044810723173,0.9150028618571951
2022-12-28,300750.SZ,0.9632911392405064,1,-1.0,True,0.5004314634446325,0.41500889360601506,0.9154403570506475
2022-12-29,300750.SZ,0.37848101265822787,0,-0.0,False,0.5076647345859104,0.4154523853007554,0.9231171198866659
2022-12-30,300750.SZ,0.289873417721519,0,-0.0,False,0.5050161170187992,0.4152526728484103,0.9202687898672095
2023-01-03,300750.SZ,0.17215189873417722,0,-0.0,False,0.5072728978293333,0.4133208480568022,0.9205937458861355
2023-01-04,300750.SZ,0.06455696202531645,0,-0.0,False,0.5007977129956166,0.4124252797845871,0.9132229927802037
2023-01-05,300750.SZ,0.03417721518987342,0,-0.0,False,0.4933411938206264,0.4121539285303971,0.9054951223510235
2023-01-06,300750.SZ,0.049367088607594936,0,-0.0,False,0.48567386502302407,0.41206557328904597,0.89773943831207
2023-01-09,300750.SZ,0.6594936708860759,0,-0.0,False,0.48593701515786286,0.41177424548738284,0.8977112606452458
2023-01-10,300750.SZ,0.017721518987341773,0,-0.0,False,0.4910833675401938,0.41003390104112997,0.9011172685813238
2023-01-11,300750.SZ,0.8772151898734177,0,-0.0,False,0.4831094882035043,0.4098562353925656,0.89296572359607
2023-01-12,300750.SZ,0.049367088607594936,0,-0.0,False,0.4901337189789213,0.40932255169281123,0.8994562706717325
2023-01-13,300750.SZ,0.10506329113924051,0,-0.0,False,0.48241296398881306,0.4088212554458016,0.8912342194346147
2023-01-16,300750.SZ,0.1240506329113924,0,-0.0,False,0.480969558759319,0.40985253187861476,0.8908220906379338
2023-01-17,300750.SZ,0.7784810126582279,0,-0.0,False,0.47478179772693085,0.40958692288393417,0.884368720610865
2023-01-18,300750.SZ,0.06582278481012659,0,-0.0,False,0.4810255986265711,0.4084470106706853,0.8894726092972565
2023-01-19,300750.SZ,0.8848101265822785,1,-1.0,True,0.47365374910989994,0.40788616863858307,0.8815399177484831
2023-01-20,300750.SZ,0.07088607594936709,0,-0.0,False,0.4763363578521728,0.40953330365744883,0.8858696615096217
2023-01-30,300750.SZ,0.030379746835443037,0,-0.0,False,0.4690702348298534,0.4089218481022019,0.8779920829320553
2023-01-31,300750.SZ,0.8822784810126583,1,-1.0,True,0.4666020948548374,0.41067929431927996,0.8772813891741174
2023-02-01,300750.SZ,0.04556962025316456,0,-0.0,False,0.466637600621006,0.41071534525382,0.8773529458748259
2023-02-02,300750.SZ,0.9721518987341772,1,-1.0,True,0.46679498405111225,0.4105489258461193,0.8773439098972315
2023-02-03,300750.SZ,0.9518987341772152,1,-1.0,True,0.467367660293211,0.41121050555436717,0.8785781658475782
2023-02-06,300750.SZ,0.8962025316455696,1,-1.0,True,0.4671574136159288,0.4109540510483921,0.8781114646643209
2023-02-07,300750.SZ,0.11772151898734177,0,-0.0,False,0.46692775872822295,0.4107043658373496,0.8776321245655725
2023-02-08,300750.SZ,0.14810126582278482,0,-0.0,False,0.4661616303445194,0.41127366565918405,0.8774352960037035
2023-02-09,300750.SZ,0.13544303797468354,0,-0.0,False,0.4598036855774984,0.4102341935324576,0.870037879109956
2023-02-10,300750.SZ,0.9367088607594937,1,-1.0,True,0.46063589302017177,0.40946694743172585,0.8701028404518976
2023-02-13,300750.SZ,0.035443037974683546,0,-0.0,False,0.4608708556781316,0.40973411321416403,0.8706049688922957
2023-02-14,300750.SZ,0.9645569620253165,1,-1.0,True,0.4598426226294877,0.41065224880734047,0.8704948714368281
2023-02-15,300750.SZ,0.8316455696202532,0,-0.0,False,0.460034345724722,0.4108843407672169,0.8709186864919389
2023-02-16,300750.SZ,0.8670886075949367,0,-0.0,False,0.4666682409311084,0.410399864903575,0.8770681058346834
2023-02-17,300750.SZ,0.008860759493670886,0,-0.0,False,0.4736504384552213,0.41002221206677225,0.8836726505219936
2023-02-20,300750.SZ,0.7189873417721518,0,-0.0,False,0.4735336809130942,0.41015362789906756,0.8836873088121617
2023-02-21,300750.SZ,0.9569620253164557,1,-1.0,True,0.4730237596718266,0.40980708153253004,0.8828308412043566
2023-02-22,300750.SZ,0.9392405063291139,1,-1.0,True,0.47323690149652003,0.41005405675405276,0.8832909582505728
2023-02-23,300750.SZ,0.060759493670886074,0,-0.0,False,0.48082036484341767,0.4101883851103521,0.8910087499537698
2023-02-24,300750.SZ,0.9455696202531646,1,-1.0,True,0.4808396122123184,0.41016845327301427,0.8910080654853327
2023-02-27,300750.SZ,0.9177215189873418,1,-1.0,True,0.4805978003861774,0.4098833764135321,0.8904811767997095
2023-02-28,300750.SZ,0.17341772151898735,0,-0.0,False,0.4801874534510126,0.4094167523316983,0.8896042057827109
2023-03-01,300750.SZ,0.07468354430379746,0,-0.0,False,0.47373340587409013,0.4080840459558984,0.8818174518299886
2023-03-02,300750.SZ,0.9544303797468354,1,-1.0,True,0.4737627996623905,0.40805493114484886,0.8818177308072394
2023-03-03,300750.SZ,0.10886075949367088,0,-0.0,False,0.4815046114885316,0.40828995566039944,0.889794567148931
2023-03-06,300750.SZ,0.056962025316455694,0,-0.0,False,0.48193529147287634,0.4078656368997262,0.8898009283726025
2023-03-07,300750.SZ,0.8430379746835444,0,-0.0,False,0.4823358538820679,0.40742052295692405,0.889756376838992
2023-03-08,300750.SZ,0.9569620253164557,1,-1.0,True,0.48764579549659515,0.40793867742518125,0.8955844729217763
2023-03-09,300750.SZ,0.7822784810126582,0,-0.0,False,0.49451925074780273,0.40884620461843635,0.9033654553662391
2023-03-10,300750.SZ,0.039240506329113925,0,-0.0,False,0.49281079209211615,0.4071947451765276,0.9000055372686437
2023-03-13,300750.SZ,0.9911392405063291,1,-1.0,True,0.49295778784053856,0.40702635987178687,0.8999841477123254
2023-03-14,300750.SZ,0.8860759493670886,0,-0.0,False,0.4929474805796161,0.40701362212389125,0.8999611027035074
2023-03-15,300750.SZ,0.31139240506329113,0,-0.0,False,0.4989125565236218,0.40748983471007494,0.9064023912336967
2023-03-16,300750.SZ,0.7835443037974683,0,-0.0,False,0.5008404030164725,0.4060361840526217,0.9068765870690942
2023-03-17,300750.SZ,0.9696202531645569,1,-1.0,True,0.4992060252855174,0.4044843596921092,0.9036903849776265
2023-03-20,300750.SZ,0.08860759493670886,0,-0.0,False,0.4992387565354168,0.4045225825380208,0.9037613390734376
2023-03-21,300750.SZ,0.05189873417721519,0,-0.0,False,0.4932109523975006,0.4052124357039507,0.8984233881014514
2023-03-22,300750.SZ,0.05569620253164557,0,-0.0,False,0.49265868962534337,0.40577264618525666,0.8984313358106
2023-03-23,300750.SZ,0.8050632911392405,0,-0.0,False,0.4924980893647801,0.40594313061384485,0.8984412199786249
2023-03-24,300750.SZ,0.9126582278481012,1,-1.0,True,0.4928219437710336,0.406178754333465,0.8990006981044987
2023-03-27,300750.SZ,0.10126582278481013,0,-0.0,False,0.4928564844880651,0.40621457570197766,0.8990710601900428
2023-03-28,300750.SZ,0.8759493670886076,0,-0.0,False,0.49307563106294494,0.4059942707015824,0.8990699017645274
2023-03-29,300750.SZ,0.05063291139240506,0,-0.0,False,0.500015192180043,0.40535654536724697,0.90537173754729
2023-03-30,300750.SZ,0.740506329113924,0,-0.0,False,0.49594751006722865,0.40740844917902724,0.9033559592462559
2023-03-31,300750.SZ,0.08860759493670886,0,-0.0,False,0.4944733304930297,0.4061888359190057,0.9006621664120353
2023-04-03,300750.SZ,0.9481012658227848,1,-1.0,True,0.49395166782059424,0.406673301516585,0.9006249693371793
2023-04-04,300750.SZ,0.9468354430379747,1,-1.0,True,0.49374154177445423,0.40642997625914207,0.9001715180335963
2023-04-06,300750.SZ,0.3911392405063291,0,-0.0,False,0.49405030388448057,0.40676263463539775,0.9008129385198783
2023-04-07,300750.SZ,0.1860759493670886,0,-0.0,False,0.49711920035079227,0.404561140719643,0.9016803410704353
2023-04-10,300750.SZ,0.043037974683544304,0,-0.0,False,0.4983309937873858,0.4033985209209189,0.9017295147083046
2023-04-11,300750.SZ,0.8721518987341772,0,-0.0,False,0.4909386905903925,0.4035474101543269,0.8944861007447193
2023-04-12,300750.SZ,0.9556962025316456,1,-1.0,True,0.49652301443943736,0.40415204133575183,0.9006750557751892
2023-04-13,300750.SZ,0.8683544303797468,0,-0.0,False,0.49676796267527396,0.40442352699858997,0.901191489673864
2023-04-14,300750.SZ,0.04810126582278481,0,-0.0,False,0.502490060692098,0.4047857570922159,0.9072758177843139
2023-04-17,300750.SZ,0.04810126582278481,0,-0.0,False,0.502605008767093,0.4046536257849349,0.9072586345520279
2023-04-18,300750.SZ,0.19240506329113924,0,-0.0,False,0.49483135031942815,0.40434738076707033,0.8991787310864985
2023-04-19,300750.SZ,0.6924050632911393,0,-0.0,False,0.4890967334707425,0.40371020047023604,0.8928069339409785
2023-04-20,300750.SZ,0.9544303797468354,1,-1.0,True,0.4871793550803372,0.40217802169374506,0.8893573767740823
2023-04-21,300750.SZ,0.04683544303797468,0,-0.0,False,0.4938199386133821,0.4032670709216738,0.8970870095350558
2023-04-24,300750.SZ,0.9493670886075949,1,-1.0,True,0.4898582644675846,0.4053155176429862,0.8951737821105707
2023-04-25,300750.SZ,0.9556962025316456,1,-1.0,True,0.49747317233219895,0.40529291312397797,0.902766085456177
2023-04-26,300750.SZ,0.03670886075949367,0,-0.0,False,0.5053420087510089,0.40494345414030175,0.9102854628913106
2023-04-27,300750.SZ,0.04556962025316456,0,-0.0,False,0.5050125919087568,0.4053113694358992,0.910323961344656
2023-04-28,300750.SZ,0.7518987341772152,0,-0.0,False,0.5044075865205658,0.40594734490112205,0.9103549314216879
2023-05-04,300750.SZ,0.9253164556962026,1,-1.0,True,0.5094345274756428,0.4052394625632759,0.9146739900389187
2023-05-05,300750.SZ,0.09240506329113925,0,-0.0,False,0.5094368998881048,0.4052419168854601,0.9146788167735649
2023-05-08,300750.SZ,0.06962025316455696,0,-0.0,False,0.5097622152715242,0.4048882367903159,0.9146504520618401
2023-05-09,300750.SZ,0.9265822784810127,1,-1.0,True,0.5100776657082089,0.40452728348007727,0.9146049491882862
2023-05-10,300750.SZ,0.043037974683544304,0,-0.0,False,0.5122400995621327,0.40606430818656203,0.9183044077486947
2023-05-11,300750.SZ,0.020253164556962026,0,-0.0,False,0.5045830780254528,0.4061774766011749,0.9107605546266277
2023-05-12,300750.SZ,0.8784810126582279,0,-0.0,False,0.4967573605382263,0.40638868892708063,0.903146049465307
2023-05-15,300750.SZ,0.4810126582278481,0,-0.0,False,0.5035697764315132,0.40587401125388123,0.9094437876853945
2023-05-16,300750.SZ,0.1379746835443038,0,-0.0,False,0.49953077772360677,0.40364209160885717,0.9031728693324639
2023-05-17,300750.SZ,0.11392405063291139,0,-0.0,False,0.4999181779348454,0.4032693121068887,0.903187490041734
2023-05-18,300750.SZ,0.9784810126582278,1,-1.0,True,0.4929365835664432,0.4026334746314402,0.8955700581978834
2023-05-19,300750.SZ,0.9455696202531646,1,-1.0,True,0.4931702192818395,0.40290922318909744,0.896079442470937
2023-05-22,300750.SZ,0.3341772151898734,0,-0.0,False,0.5005311181714968,0.40303936027511983,0.9035704784466165
2023-05-23,300750.SZ,0.9379746835443038,1,-1.0,True,0.5018652717965967,0.40221378238313343,0.9040790541797301
2023-05-24,300750.SZ,0.5481012658227848,0,-0.0,False,0.5020684280434133,0.40242959204760426,0.9044980200910175
2023-05-25,300750.SZ,0.8708860759493671,0,-0.0,False,0.5060112033102763,0.40052317255984027,0.9065343758701165
2023-05-26,300750.SZ,0.07848101265822785,0,-0.0,False,0.5056658765607226,0.40018763275755037,0.9058535093182729
2023-05-29,300750.SZ,0.05569620253164557,0,-0.0,False,0.4988654165539673,0.4004575539179403,0.8993229704719077
2023-05-30,300750.SZ,0.03164556962025317,0,-0.0,False,0.4924998184111507,0.4013869899015517,0.8938868083127024
2023-05-31,300750.SZ,0.9367088607594937,1,-1.0,True,0.4915881820631111,0.4023150927260075,0.8939032747891187
2023-06-01,300750.SZ,0.11518987341772152,0,-0.0,False,0.49899171735978326,0.4022632559272475,0.9012549732870307
2023-06-02,300750.SZ,0.060759493670886074,0,-0.0,False,0.49939043009146206,0.40185532793827233,0.9012457580297344
2023-06-05,300750.SZ,0.9734177215189873,1,-1.0,True,0.49257994429644925,0.40230960674561334,0.8948895510420626
2023-06-06,300750.SZ,0.5177215189873418,0,-0.0,False,0.4964986201418055,0.40469678760582467,0.9011954077476302
2023-06-07,300750.SZ,0.9822784810126582,1,-1.0,True,0.5003682393226933,0.40263885224203955,0.9030070915647328
2023-06-08,300750.SZ,0.2481012658227848,0,-0.0,False,0.508416239794495,0.4025381843685201,0.9109544241630152
2023-06-09,300750.SZ,0.08860759493670886,0,-0.0,False,0.5036963721134545,0.40223967623570356,0.9059360483491581
2023-06-12,300750.SZ,0.6635388739946381,0,-0.0,False,0.4964826298137424,0.40185351694015864,0.898336146753901
2023-06-13,300750.SZ,0.15869017632241814,0,-0.0,False,0.4940948914605039,0.3999826473182784,0.8940775387787823
2023-06-14,300750.SZ,0.22795969773299748,0,-0.0,False,0.48761140242352824,0.39905237521959863,0.8866637776431269
2023-06-15,300750.SZ,0.020151133501259445,0,-0.0,False,0.4820321636177167,0.3979526799284085,0.8799848435461253
2023-06-16,300750.SZ,0.7758186397984886,0,-0.0,False,0.48208405597495296,0.39789152777778364,0.8799755837527365
2023-06-19,300750.SZ,0.9168765743073047,1,-1.0,True,0.48091208050491924,0.3968069926248677,0.8777190731297869
2023-06-20,300750.SZ,0.21662468513853905,0,-0.0,False,0.48817297178870367,0.39674573759009535,0.884918709378799
2023-06-21,300750.SZ,0.8438287153652393,0,-0.0,False,0.48226720703405657,0.39545647631834546,0.877723683352402
2023-06-26,300750.SZ,0.3614609571788413,0,-0.0,False,0.4817569189026065,0.3949455029216623,0.8767024218242688
2023-06-27,300750.SZ,0.9571788413098237,1,-1.0,True,0.4770897686512488,0.39300949001393126,0.8700992586651801
2023-06-28,300750.SZ,0.17884130982367757,0,-0.0,False,0.4841063433836829,0.39400896584389034,0.8781153092275733
2023-06-29,300750.SZ,0.9042821158690176,1,-1.0,True,0.4843625104170238,0.39379861133740623,0.8781611217544301
2023-06-30,300750.SZ,0.03400503778337532,0,-0.0,False,0.48501000906192376,0.39442940388788406,0.8794394129498078
2023-07-03,300750.SZ,0.20906801007556675,0,-0.0,False,0.4772659582164476,0.3940825768659142,0.8713485350823618
2023-07-04,300750.SZ,0.8123425692695214,0,-0.0,False,0.4758541831949255,0.3947423445401863,0.8705965277351118
2023-07-05,300750.SZ,0.8173803526448362,0,-0.0,False,0.4802080927911589,0.3955543022307908,0.8757623950219497
2023-07-06,300750.SZ,0.8942065491183879,1,-1.0,True,0.48558499657374765,0.3957169718816289,0.8813019684553766
2023-07-07,300750.SZ,0.04659949622166247,0,-0.0,False,0.49249874313285663,0.39554674084240704,0.8880454839752636
2023-07-10,300750.SZ,0.04408060453400504,0,-0.0,False,0.49260226214145486,0.39542739252369746,0.8880296546651523
2023-07-11,300750.SZ,0.4005037783375315,0,-0.0,False,0.4925582081075083,0.39547747902613467,0.888035687133643
2023-07-12,300750.SZ,0.8476070528967254,0,-0.0,False,0.49039995900293704,0.39526544148035614,0.8856654004832931
2023-07-13,300750.SZ,0.10075566750629723,0,-0.0,False,0.4973156717855153,0.3941843007128417,0.891499972498357
2023-07-14,300750.SZ,0.8652392947103275,0,-0.0,False,0.4908451757657893,0.3942686283347806,0.88511380410057
2023-07-17,300750.SZ,0.9143576826196473,1,-1.0,True,0.49764411081664534,0.39362571690544823,0.8912698277220936
2023-07-18,300750.SZ,0.6397984886649875,0,-0.0,False,0.5043882307456488,0.39377590264137213,0.898164133387021
2023-07-19,300750.SZ,0.0163727959697733,0,-0.0,False,0.5086861295435954,0.3924019819392939,0.9010881114828893
2023-07-20,300750.SZ,0.06297229219143577,0,-0.0,False,0.5023352277378582,0.3941620363938837,0.8964972641317419
2023-07-21,300750.SZ,0.21158690176322417,0,-0.0,False,0.5023114736327025,0.3941886487943225,0.896500122427025
2023-07-24,300750.SZ,0.9319899244332494,1,-1.0,True,0.49670128009254366,0.39348920579677293,0.8901904858893166
2023-07-25,300750.SZ,0.07178841309823678,0,-0.0,False,0.5038771454965761,0.3935103311388438,0.89738747663542
2023-07-26,300750.SZ,0.1889168765743073,0,-0.0,False,0.5042222177154326,0.39310958018542425,0.8973317979008568
2023-07-27,300750.SZ,0.12594458438287154,0,-0.0,False,0.4984442043451131,0.3926013926663853,0.8910455970114983
2023-07-28,300750.SZ,0.964735516372796,1,-1.0,True,0.4991139957128607,0.3918901976298485,0.8910041933427092
2023-07-31,300750.SZ,0.9773299748110831,1,-1.0,True,0.4990521925265158,0.39181554781089495,0.8908677403374108
2023-08-01,300750.SZ,0.9080604534005038,1,-1.0,True,0.49926411953179806,0.39206933933165433,0.8913334588634524
2023-08-02,300750.SZ,0.060453400503778336,0,-0.0,False,0.49936293554642247,0.3921717041872613,0.8915346397336839
2023-08-03,300750.SZ,0.08438287153652393,0,-0.0,False,0.4988857012257261,0.3926745493275127,0.8915602505532388
2023-08-04,300750.SZ,0.036523929471032744,0,-0.0,False,0.49835471460667397,0.39319561218072574,0.8915503267873996
2023-08-07,300750.SZ,0.7657430730478589,0,-0.0,False,0.49753038870247684,0.394065570521934,0.8915959592244109
2023-08-08,300750.SZ,0.760705289672544,0,-0.0,False,0.49610567380487985,0.3927713420252671,0.8888770158301469
2023-08-09,300750.SZ,0.5780856423173804,0,-0.0,False,0.5021495259023621,0.3912001512446793,0.8933496771470413
2023-08-10,300750.SZ,0.8690176322418136,0,-0.0,False,0.4989289315714626,0.3889456814507394,0.8878746130222019
2023-08-11,300750.SZ,0.9005037783375315,1,-1.0,True,0.4992403654266423,0.38922918954626534,0.8884695549729076
2023-08-14,300750.SZ,0.015113350125944584,0,-0.0,False,0.4995188251828306,0.38950641864680935,0.88902524382964
2023-08-15,300750.SZ,0.0743073047858942,0,-0.0,False,0.49957093010476616,0.3894406435925209,0.889011573697287
2023-08-16,300750.SZ,0.13727959697732997,0,-0.0,False,0.494198596463214,0.39083255160600805,0.8850311480692221
2023-08-17,300750.SZ,0.08816120906801007,0,-0.0,False,0.487367909560388,0.389838386154986,0.877206295715374
2023-08-18,300750.SZ,0.09571788413098237,0,-0.0,False,0.48027558208321214,0.38928984172964587,0.8695654238128581
2023-08-21,300750.SZ,0.9118387909319899,1,-1.0,True,0.480566902003713,0.38898622617742956,0.8695531281811426
2023-08-22,300750.SZ,0.9584382871536524,1,-1.0,True,0.48028581175936985,0.38865943104329215,0.868945242802662
2023-08-23,300750.SZ,0.8979848866498741,1,-1.0,True,0.4806251181607557,0.3890620937635341,0.8696872119242898
2023-08-24,300750.SZ,0.1964735516372796,0,-0.0,False,0.4866631778701798,0.3898759341084072,0.876539111978587
2023-08-25,300750.SZ,0.6662468513853904,0,-0.0,False,0.4876780945979588,0.38895189080156556,0.8766299853995243
2023-08-28,300750.SZ,0.15491183879093198,0,-0.0,False,0.4852765651949468,0.38693019644513627,0.872206761640083
2023-08-29,300750.SZ,0.06297229219143577,0,-0.0,False,0.4856603241890906,0.38657640351462463,0.8722367277037153
2023-08-30,300750.SZ,0.8778337531486146,1,-1.0,True,0.4857104097463821,0.3865207791676111,0.8722311889139931
2023-08-31,300750.SZ,0.77455919395466,0,-0.0,False,0.4860003745669243,0.38680404407366736,0.8728044186405917
2023-09-01,300750.SZ,0.672544080604534,0,-0.0,False,0.48448035097224273,0.3852931974490369,0.8697735484212796
2023-09-04,300750.SZ,0.25692695214105793,0,-0.0,False,0.4835658976355084,0.3847102457085065,0.8682761433440149
2023-09-05,300750.SZ,0.7934508816120907,0,-0.0,False,0.4853799513506079,0.38310737539286055,0.8684873267434685
2023-09-06,300750.SZ,0.9332493702770781,1,-1.0,True,0.48373254835982255,0.38133522202955783,0.8650677703893803
2023-09-07,300750.SZ,0.9534005037783375,1,-1.0,True,0.48412566020073916,0.3817775348971113,0.8659031950978504
2023-09-08,300750.SZ,0.05919395465994962,0,-0.0,False,0.48947572769003117,0.3838294829610697,0.8733052106511009
2023-09-11,300750.SZ,0.22921914357682618,0,-0.0,False,0.4834394747805519,0.3848603073175103,0.8682997820980622
2023-09-12,300750.SZ,0.0327455919395466,0,-0.0,False,0.47726946553398747,0.3829305971687059,0.8602000627026933
2023-09-13,300750.SZ,0.036523929471032744,0,-0.0,False,0.47680394884234445,0.3834406667735568,0.8602446156159013
2023-09-14,300750.SZ,0.05289672544080604,0,-0.0,False,0.4766758254697929,0.3835863792533028,0.8602622047230957
2023-09-15,300750.SZ,0.02392947103274559,0,-0.0,False,0.4766524964940359,0.3836122818206481,0.860264778314684
2023-09-18,300750.SZ,0.041561712846347604,0,-0.0,False,0.4701430479931485,0.3846188475199648,0.8547618955131133
2023-09-19,300750.SZ,0.7644836272040302,0,-0.0,False,0.4628839103681338,0.38441712019070207,0.8473010305588359
2023-09-20,300750.SZ,0.9269521410579346,1,-1.0,True,0.46841072540496065,0.3839416908962436,0.8523524163012042
2023-09-21,300750.SZ,0.9345088161209067,1,-1.0,True,0.4688357485213717,0.38442455332864517,0.8532603018500169
2023-09-22,300750.SZ,0.10201511335012595,0,-0.0,False,0.47620138106077586,0.3848117919847328,0.8610131730455086
2023-09-25,300750.SZ,0.8979848866498741,1,-1.0,True,0.47088062092941096,0.3855400524548795,0.8564206733842905
2023-09-26,300750.SZ,0.964735516372796,1,-1.0,True,0.4776254316936873,0.38587585634085647,0.8635012880345438
2023-09-27,300750.SZ,0.8979848866498741,1,-1.0,True,0.47776405044827075,0.38604923514300554,0.8638132855912763
2023-09-28,300750.SZ,0.15869017632241814,0,-0.0,False,0.4773569624783699,0.38557591014859915,0.862932872626969
2023-10-09,300750.SZ,0.02644836272040302,0,-0.0,False,0.47541988694350396,0.386595242154957,0.862015129098461
2023-10-10,300750.SZ,0.09445843828715365,0,-0.0,False,0.4740896570547816,0.3878717305468254,0.861961387601607
2023-10-11,300750.SZ,0.4105793450881612,0,-0.0,False,0.474518160918145,0.3874196617077279,0.8619378226258729
2023-10-12,300750.SZ,0.19143576826196473,0,-0.0,False,0.4706717229710949,0.38572626567310836,0.8563979886442032
2023-10-13,300750.SZ,0.9521410579345088,1,-1.0,True,0.4643028860188475,0.38395598940414793,0.8482588754229954
2023-10-16,300750.SZ,0.9420654911838791,1,-1.0,True,0.4650011079151372,0.3847722445826409,0.8497733524977782
2023-10-17,300750.SZ,0.18765743073047858,0,-0.0,False,0.47245080979314635,0.385286503943689,0.8577373137368354
2023-10-18,300750.SZ,0.13035264483627204,0,-0.0,False,0.4736137778340438,0.38420396323341427,0.8578177410674581
2023-10-19,300750.SZ,0.9168765743073047,1,-1.0,True,0.4730966743469199,0.38462715041052264,0.8577238247574426
2023-10-20,300750.SZ,0.871536523929471,1,-1.0,True,0.4749672702720546,0.3862451421442203,0.8612124124162749
2023-10-23,300750.SZ,0.9395465994962217,1,-1.0,True,0.47427648814024326,0.38545375320998265,0.8597302413502259
2023-10-24,300750.SZ,0.2972292191435768,0,-0.0,False,0.4817157477773953,0.3857493659588946,0.8674651137362899
2023-10-25,300750.SZ,0.34005037783375314,0,-0.0,False,0.4762812655318618,0.38369389605133036,0.8599751615831921
2023-10-26,300750.SZ,0.08690176322418136,0,-0.0,False,0.47115088365937935,0.38133843647603505,0.8524893201354145
2023-10-27,300750.SZ,0.07304785894206549,0,-0.0,False,0.4715691578465851,0.3808851686702504,0.8524543265168355
2023-10-30,300750.SZ,0.08564231738035265,0,-0.0,False,0.4717981431689926,0.3806350865162445,0.852433229685237
2023-10-31,300750.SZ,0.9017632241813602,1,-1.0,True,0.46624600636235214,0.3813735244752833,0.8476195308376354
2023-11-01,300750.SZ,0.02644836272040302,0,-0.0,False,0.4660497294330617,0.3811412649946234,0.8471909944276852
2023-11-02,300750.SZ,0.8803526448362721,1,-1.0,True,0.4655000902616389,0.381731721696941,0.8472318119585799
2023-11-03,300750.SZ,0.172544080604534,0,-0.0,False,0.47225619352556986,0.38184072287100035,0.8540969163965701
2023-11-06,300750.SZ,0.03904282115869018,0,-0.0,False,0.46597254187659926,0.38050337320328476,0.846475915079884
2023-11-07,300750.SZ,0.9697732997481109,1,-1.0,True,0.46593924893055877,0.38054086266262066,0.8464801115931795
2023-11-08,300750.SZ,0.12468513853904283,0,-0.0,False,0.4738519167238184,0.3810671642660618,0.8549190809898801
2023-11-09,300750.SZ,0.7380352644836272,0,-0.0,False,0.46757028443949183,0.3805536383018044,0.8481239227412962
2023-11-10,300750.SZ,0.9219143576826196,1,-1.0,True,0.4697121394916233,0.38135238811051564,0.8510645276021389
2023-11-13,300750.SZ,0.9017632241813602,1,-1.0,True,0.4762449701094426,0.38233518872058164,0.8585801588300243
2023-11-14,300750.SZ,0.03526448362720403,0,-0.0,False,0.48281029655567964,0.3828251932522156,0.8656354898078953
2023-11-15,300750.SZ,0.20277078085642317,0,-0.0,False,0.47495015881375446,0.38224518382215245,0.8571953426359069
2023-11-16,300750.SZ,0.9005037783375315,1,-1.0,True,0.4687601684854483,0.38057072692352006,0.8493308954089684
2023-11-17,300750.SZ,0.8413098236775819,0,-0.0,False,0.4734795565116788,0.38239484810782937,0.8558744046195081
2023-11-20,300750.SZ,0.8627204030226701,1,-1.0,True,0.47267401601278947,0.3815089245100459,0.8541829405228354
2023-11-21,300750.SZ,0.19269521410579346,0,-0.0,False,0.4752958421561218,0.38310935002971924,0.8584051921858411
2023-11-22,300750.SZ,0.9143576826196473,1,-1.0,True,0.4696442516407587,0.3822258861859168,0.8518701378266755
2023-11-23,300750.SZ,0.27581863979848864,0,-0.0,False,0.47660989055710384,0.3826536894674449,0.8592635800245487
2023-11-24,300750.SZ,0.9042821158690176,1,-1.0,True,0.47844424420099424,0.3811435986553906,0.8595878428563848
2023-11-27,300750.SZ,0.9559193954659949,1,-1.0,True,0.4857162154197339,0.3808719070743155,0.8665881224940495
2023-11-28,300750.SZ,0.12594458438287154,0,-0.0,False,0.4858763032089548,0.3810670481953277,0.8669433514042826
2023-11-29,300750.SZ,0.9710327455919395,1,-1.0,True,0.48596592580033104,0.38098038922970395,0.8669463150300349
2023-11-30,300750.SZ,0.2884130982367758,0,-0.0,False,0.4935515362330065,0.38150481688863547,0.875056353121642
2023-12-01,300750.SZ,0.9005037783375315,1,-1.0,True,0.4878431643723214,0.379383235362778,0.8672263997350994
2023-12-04,300750.SZ,0.9445843828715366,1,-1.0,True,0.4910330165335729,0.38124122936401766,0.8722742458975905
2023-12-05,300750.SZ,0.8589420654911839,0,-0.0,False,0.49071889904906363,0.38084840072932424,0.8715672997783879
2023-12-06,300750.SZ,0.03526448362720403,0,-0.0,False,0.4958092390463003,0.3816596950167134,0.8774689340630137
2023-12-07,300750.SZ,0.0906801007556675,0,-0.0,False,0.49536471311872105,0.3821686810646024,0.8775333941833234
2023-12-08,300750.SZ,0.8828715365239295,1,-1.0,True,0.4905908900083963,0.38362542517736037,0.8742163151857567
2023-12-11,300750.SZ,0.16198125836680052,0,-0.0,False,0.49662573467674226,0.3840562289684183,0.8806819636451606
2023-12-12,300750.SZ,0.9271356783919598,1,-1.0,True,0.4960759143486906,0.3844910688820154,0.8805669832307059
2023-12-13,300750.SZ,0.9208542713567839,1,-1.0,True,0.5036341188894464,0.38397112781427406,0.8876052467037205
2023-12-14,300750.SZ,0.9535175879396985,1,-1.0,True,0.5048427491524322,0.3850618018731056,0.8899045510255379
2023-12-15,300750.SZ,0.07035175879396985,0,-0.0,False,0.5051480909327022,0.38540565129545584,0.890553742228158
2023-12-18,300750.SZ,0.017587939698492462,0,-0.0,False,0.5039291498798307,0.3865554436048208,0.8904845934846515
2023-12-19,300750.SZ,0.07035175879396985,0,-0.0,False,0.49704381008260784,0.38780675379389135,0.8848505638764992
2023-12-20,300750.SZ,0.6934673366834171,0,-0.0,False,0.4946179000960672,0.3895685235267044,0.8841864236227717
2023-12-21,300750.SZ,0.052763819095477386,0,-0.0,False,0.49242030422418054,0.3876764596971111,0.8800967639212917
2023-12-22,300750.SZ,0.08040201005025126,0,-0.0,False,0.49136965846811226,0.38870291768061077,0.880072576148723
2023-12-25,300750.SZ,0.13693467336683418,0,-0.0,False,0.48450399091962254,0.38862444608251256,0.873128437002135
2023-12-26,300750.SZ,0.8027638190954773,0,-0.0,False,0.485361737882818,0.3877343486235915,0.8730960865064095
2023-12-27,300750.SZ,0.9484924623115578,1,-1.0,True,0.4903092029579839,0.3879669228629829,0.8782761258209668
2023-12-28,300750.SZ,0.06532663316582915,0,-0.0,False,0.49144378540000083,0.38911398593430946,0.8805577713343102
2023-12-29,300750.SZ,0.39321608040201006,0,-0.0,False,0.4851766710710092,0.38987588594829226,0.8750525570193015
2024-01-02,300750.SZ,0.9346733668341709,1,-1.0,True,0.4810017504983727,0.388137562035907,0.8691393125342797
2024-01-03,300750.SZ,0.8304020100502513,0,-0.0,False,0.4884023660868102,0.38825164675919127,0.8766540128460014
2024-01-04,300750.SZ,0.9560301507537688,1,-1.0,True,0.4949550444661123,0.387324056251083,0.8822791007171953
2024-01-05,300750.SZ,0.30025125628140703,0,-0.0,False,0.4995844309029143,0.3894994470094066,0.8890838779123209
2024-01-08,300750.SZ,0.24748743718592964,0,-0.0,False,0.49502313259778663,0.3885935186240009,0.8836166512217876
2024-01-09,300750.SZ,0.16080402010050251,0,-0.0,False,0.49624589734511687,0.3875719881227305,0.8838178854678473
2024-01-10,300750.SZ,0.10427135678391959,0,-0.0,False,0.490375603390035,0.38727081435929955,0.8776464177493346
2024-01-11,300750.SZ,0.07663316582914573,0,-0.0,False,0.48362488400807063,0.38687837507701794,0.8705032590850885
2024-01-12,300750.SZ,0.5841708542713567,0,-0.0,False,0.47893183965110525,0.38838081761214327,0.8673126572632486
2024-01-15,300750.SZ,0.9434673366834171,1,-1.0,True,0.48366349013695176,0.386150439166493,0.8698139293034448
2024-01-16,300750.SZ,0.02763819095477387,0,-0.0,False,0.4910009488410516,0.38645474514962297,0.8774556939906746
2024-01-17,300750.SZ,0.9020100502512562,1,-1.0,True,0.4894680429176479,0.38793437021191074,0.8774024131295586
2024-01-18,300750.SZ,0.12437185929648241,0,-0.0,False,0.4892182106327979,0.38765654249397924,0.8768747531267771
2024-01-19,300750.SZ,0.1934673366834171,0,-0.0,False,0.4896564060177833,0.3872101895932735,0.8768665956110568
2024-01-22,300750.SZ,0.22236180904522612,0,-0.0,False,0.48969432651869255,0.38718071158861567,0.8768750381073083
2024-01-23,300750.SZ,0.9748743718592965,1,-1.0,True,0.49049780339087884,0.3865189923118075,0.8770167957026863
2024-01-24,300750.SZ,0.8869346733668342,1,-1.0,True,0.49058229385326635,0.3866246223442888,0.8772069161975551
2024-01-25,300750.SZ,0.34296482412060303,0,-0.0,False,0.4898289996745643,0.3857553655422843,0.8755843652168486
2024-01-26,300750.SZ,0.928391959798995,1,-1.0,True,0.4851198694305651,0.38405233658981563,0.8691722060203808
2024-01-29,300750.SZ,0.835427135678392,0,-0.0,False,0.4923526907580253,0.3841603127735004,0.8765130035315256
2024-01-30,300750.SZ,0.9246231155778895,1,-1.0,True,0.4986113929592075,0.3835753790949292,0.8821867720541368
2024-01-31,300750.SZ,0.02386934673366834,0,-0.0,False,0.506012219510098,0.38315219564354286,0.8891644151536409
2024-02-01,300750.SZ,0.9773869346733668,1,-1.0,True,0.49982993845747975,0.384907302599733,0.8847372410572127
2024-02-02,300750.SZ,0.8793969849246231,0,-0.0,False,0.5016356188324865,0.3866457310322146,0.8882813498647011
2024-02-05,300750.SZ,0.06155778894472362,0,-0.0,False,0.5041465466875469,0.3881219390634747,0.8922684857510216
2024-02-06,300750.SZ,0.21105527638190955,0,-0.0,False,0.4974177146600712,0.38874197819880935,0.8861596928588805
2024-02-07,300750.SZ,0.4886934673366834,0,-0.0,False,0.49167231047710763,0.3878282850021294,0.879500595479237
2024-02-08,300750.SZ,0.9510050251256281,1,-1.0,True,0.49561881145386383,0.385339685414605,0.8809584968684688
2024-02-19,300750.SZ,0.8932160804020101,1,-1.0,True,0.5029246257900283,0.3855954942015232,0.8885201199915516
2024-02-20,300750.SZ,0.9057788944723618,1,-1.0,True,0.5092240964852339,0.38574659101840814,0.8949706875036421
2024-02-21,300750.SZ,0.06407035175879397,0,-0.0,False,0.5160375771969369,0.3854675475524275,0.9015051247493644
2024-02-22,300750.SZ,0.9258793969849246,1,-1.0,True,0.515773847760502,0.3857682477732936,0.9015420955337956
2024-02-23,300750.SZ,0.30402010050251255,0,-0.0,False,0.515890852810943,0.38589149493037767,0.9017823477413207
2024-02-26,300750.SZ,0.9623115577889447,1,-1.0,True,0.5104373679221836,0.3842052736268714,0.894642641549055
2024-02-27,300750.SZ,0.15954773869346733,0,-0.0,False,0.5109734235150092,0.38479495907664807,0.8957683825916573
2024-02-28,300750.SZ,0.550251256281407,0,-0.0,False,0.5106657084071441,0.38506324464792546,0.8957289530550696
2024-02-29,300750.SZ,0.10427135678391959,0,-0.0,False,0.5096990784479442,0.3848149176624182,0.8945139961103623
2024-03-01,300750.SZ,0.18969849246231155,0,-0.0,False,0.5092770744312191,0.38523479976875585,0.8945118741999749
2024-03-04,300750.SZ,0.8077889447236181,0,-0.0,False,0.5103331261001431,0.38417329057089006,0.8945064166710333
2024-03-05,300750.SZ,0.09798994974874371,0,-0.0,False,0.5097494193632681,0.38366309749225874,0.8934125168555269
2024-03-06,300750.SZ,0.8341708542713567,0,-0.0,False,0.5041113423282187,0.384708712326884,0.8888200546551027
2024-03-07,300750.SZ,0.8831658291457286,0,-0.0,False,0.5054582321087756,0.3855852956693726,0.8910435277781482
2024-03-08,300750.SZ,0.9685929648241206,1,-1.0,True,0.5106768894171478,0.38643026389673607,0.8971071533138839
2024-03-11,300750.SZ,0.011306532663316583,0,-0.0,False,0.5121364067772481,0.3878354486500876,0.8999718554273357
2024-03-12,300750.SZ,0.05778894472361809,0,-0.0,False,0.5044535497971334,0.3885542603179502,0.8930078101150836
2024-03-13,300750.SZ,0.7223618090452262,0,-0.0,False,0.49699012013834415,0.388459862847758,0.8854499829861022
2024-03-14,300750.SZ,0.8391959798994975,0,-0.0,False,0.5025165189248881,0.38689334432231326,0.8894098632472014
2024-03-15,300750.SZ,0.9711055276381909,1,-1.0,True,0.507599659227577,0.3872793460359417,0.8948790052635187
2024-03-18,300750.SZ,0.02386934673366834,0,-0.0,False,0.5154193253583991,0.3870841588239458,0.9025034841823449
2024-03-19,300750.SZ,0.9271356783919598,1,-1.0,True,0.5153138705022544,0.38721742336872284,0.9025312938709773
2024-03-20,300750.SZ,0.05150753768844221,0,-0.0,False,0.5225991951101806,0.38666795836515333,0.9092671534753339
2024-03-21,300750.SZ,0.6444723618090452,0,-0.0,False,0.5228290123323115,0.38637716814072476,0.9092061804730363
2024-03-22,300750.SZ,0.871859296482412,0,-0.0,False,0.5278532677403339,0.38397895080856875,0.9118322185489027
2024-03-25,300750.SZ,0.8316582914572864,0,-0.0,False,0.5287480649843205,0.38465951839966384,0.9134075833839843
2024-03-26,300750.SZ,0.02512562814070352,0,-0.0,False,0.5279539495709817,0.3839282026623483,0.91188215223333
2024-03-27,300750.SZ,0.8919597989949749,0,-0.0,False,0.5203757563378134,0.38480990495189027,0.9051856612897037
2024-03-28,300750.SZ,0.3015075376884422,0,-0.0,False,0.5269586287181871,0.3843493887038315,0.9113080174220186
2024-03-29,300750.SZ,0.14698492462311558,0,-0.0,False,0.5219879841435086,0.383366475528271,0.9053544596717795
2024-04-01,300750.SZ,0.06407035175879397,0,-0.0,False,0.5151733958789279,0.3826976555964788,0.8978710514754067
2024-04-02,300750.SZ,0.821608040201005,0,-0.0,False,0.5082241080881689,0.3832588718914598,0.8914829799796287
2024-04-03,300750.SZ,0.8630653266331658,0,-0.0,False,0.5137484236204904,0.3829558801972127,0.8967043038177032
2024-04-08,300750.SZ,0.8517587939698492,0,-0.0,False,0.5207202316530968,0.38162300187494125,0.902343233528038
2024-04-09,300750.SZ,0.1771356783919598,0,-0.0,False,0.5270310679504526,0.3807754799138319,0.9078065478642845
2024-04-10,300750.SZ,0.8982412060301508,0,-0.0,False,0.5250857040613175,0.3819698788481682,0.9070555829094857
2024-04-11,300750.SZ,0.678391959798995,0,-0.0,False,0.5309757493760524,0.3822311462037577,0.91320689557981
2024-04-12,300750.SZ,0.9522613065326633,1,-1.0,True,0.5286945068915898,0.38050943384488833,0.9092039407364781
2024-04-15,300750.SZ,0.04396984924623116,0,-0.0,False,0.5287794720194964,0.38060363905055605,0.9093831110700524
2024-04-16,300750.SZ,0.18592964824120603,0,-0.0,False,0.5275820755071277,0.3819096262188504,0.909491701725978
2024-04-17,300750.SZ,0.9773869346733668,1,-1.0,True,0.5280452172021687,0.38145728936632783,0.9095025065684965
2024-04-18,300750.SZ,0.7374371859296482,0,-0.0,False,0.5285494702052193,0.38201519627408365,0.9105646664793029
2024-04-19,300750.SZ,0.9309045226130653,1,-1.0,True,0.5274319757218874,0.3811987032901681,0.9086306790120555
2024-04-22,300750.SZ,0.24246231155778894,0,-0.0,False,0.5273599584145278,0.3811209994017058,0.9084809578162336
2024-04-23,300750.SZ,0.17839195979899497,0,-0.0,False,0.5269035675179795,0.3814315609054645,0.908335128423444
2024-04-24,300750.SZ,0.3907035175879397,0,-0.0,False,0.5255564140343565,0.38238133426409765,0.9079377482984541
2024-04-25,300750.SZ,0.028894472361809045,0,-0.0,False,0.5280880953207212,0.38045352151806044,0.9085416168387817
2024-04-26,300750.SZ,0.07663316582914573,0,-0.0,False,0.5277201504325524,0.3809183658622638,0.9086385162948162
2024-04-29,300750.SZ,0.038944723618090454,0,-0.0,False,0.5276450741696256,0.3810071058857762,0.9086521800554017
2024-04-30,300750.SZ,0.8567839195979899,0,-0.0,False,0.5204549199982651,0.38202757608613197,0.9024824960843971
2024-05-06,300750.SZ,0.09170854271356783,0,-0.0,False,0.5273743829722449,0.38052145158819467,0.9078958345604395
2024-05-07,300750.SZ,0.6293969849246231,0,-0.0,False,0.5208023487878891,0.3811836994468781,0.9019860482347672
2024-05-08,300750.SZ,0.8994974874371859,0,-0.0,False,0.5246094563238899,0.37995566083273113,0.904565117156621
2024-05-09,300750.SZ,0.05025125628140704,0,-0.0,False,0.5317799118762107,0.3788326433274896,0.9106125552037003
2024-05-10,300750.SZ,0.9798994974874372,1,-1.0,True,0.5241172281806548,0.37919831465003634,0.9033155428306912
2024-05-13,300750.SZ,0.9585427135678392,1,-1.0,True,0.5312440145052247,0.37966447605459014,0.9109084905598148
2024-05-14,300750.SZ,0.7336683417085427,0,-0.0,False,0.5330815765809265,0.38120425028697924,0.9142858268679057
2024-05-15,300750.SZ,0.10552763819095477,0,-0.0,False,0.5315128597811425,0.3799760472988648,0.9114889070800073
2024-05-16,300750.SZ,0.08542713567839195,0,-0.0,False,0.5248775632312225,0.380408102435398,0.9052856656666205
2024-05-17,300750.SZ,0.06532663316582915,0,-0.0,False,0.5252955853316491,0.37989276842709835,0.9051883537587475
2024-05-20,300750.SZ,0.25251256281407036,0,-0.0,False,0.5241502174342274,0.38107868911286613,0.9052289065470935
2024-05-21,300750.SZ,0.8869346733668342,0,-0.0,False,0.5187502906381986,0.38029114251199486,0.8990414331501935
2024-05-22,300750.SZ,0.05150753768844221,0,-0.0,False,0.5191304977189424,0.3806389890270442,0.8997694867459866
2024-05-23,300750.SZ,0.5163316582914573,0,-0.0,False,0.5123703905078237,0.38168767292534295,0.8940580634331667
2024-05-24,300750.SZ,0.9271356783919598,1,-1.0,True,0.5150673608760377,0.3805515978360311,0.8956189587120688
2024-05-27,300750.SZ,0.9560301507537688,1,-1.0,True,0.5151738441741402,0.3806660338714874,0.8958398780456276
2024-05-28,300750.SZ,0.0414572864321608,0,-0.0,False,0.5208422734321009,0.38213351235194193,0.9029757857840428
2024-05-29,300750.SZ,0.13819095477386933,0,-0.0,False,0.5136520665201272,0.382974607997939,0.8966266745180662
2024-05-30,300750.SZ,0.1620603015075377,0,-0.0,False,0.5068376628476927,0.38231355447895204,0.8891512173266447
2024-05-31,300750.SZ,0.9271356783919598,1,-1.0,True,0.5071386271570649,0.38202529548865116,0.8891639226457161
2024-06-03,300750.SZ,0.03768844221105527,0,-0.0,False,0.5067728182637318,0.3815981382278866,0.8883709564916183
2024-06-04,300750.SZ,0.08919597989949749,0,-0.0,False,0.5046834461301841,0.38348550617595856,0.8881689523061427
2024-06-05,300750.SZ,0.8869346733668342,1,-1.0,True,0.49792254780986717,0.383600214354343,0.8815227621642101
2024-06-06,300750.SZ,0.14195979899497488,0,-0.0,False,0.49744213356399464,0.38307185793925635,0.8805139915032509
2024-06-07,300750.SZ,0.9773869346733668,1,-1.0,True,0.4914672813431929,0.38297753603054274,0.8744448173737356
2024-06-11,300750.SZ,0.9685929648241206,1,-1.0,True,0.4993183017685776,0.3832034770462646,0.8825217788148423
2024-06-12,300750.SZ,0.9736180904522613,1,-1.0,True,0.5066342423024813,0.383716396118527,0.8903506384210083
2024-06-13,300750.SZ,0.1620603015075377,0,-0.0,False,0.5073904635852174,0.3845526183113857,0.8919430818966032
2024-06-14,300750.SZ,0.30527638190954776,0,-0.0,False,0.5073911222780569,0.38455202176197906,0.891943144040036
2024-06-17,300750.SZ,0.05614973262032086,0,-0.0,False,0.5022089614740369,0.3830351250598149,0.8852440865338518
2024-06-18,300750.SZ,0.07277289836888332,0,-0.0,False,0.49500309031789963,0.3832267570085273,0.878229847326427
2024-06-19,300750.SZ,0.8017565872020075,0,-0.0,False,0.48766355123814287,0.3828052739903127,0.8704688252284556
2024-06-20,300750.SZ,0.726474278544542,0,-0.0,False,0.49375859147487655,0.3819267035454539,0.8756852950203304
2024-06-21,300750.SZ,0.9749058971141782,1,-1.0,True,0.49966597763192694,0.37997703662262267,0.8796430142545496
2024-06-24,300750.SZ,0.10664993726474278,0,-0.0,False,0.5072039287845953,0.38036080894268076,0.8875647377272761
2024-06-25,300750.SZ,0.8055207026348808,0,-0.0,False,0.5023137837894397,0.3817157954760717,0.8840295792655114
2024-06-26,300750.SZ,0.9510664993726474,1,-1.0,True,0.5085867578189347,0.38044913874995295,0.8890358965688876
2024-06-27,300750.SZ,0.5357590966122961,0,-0.0,False,0.5158422952299547,0.38051682146347326,0.8963591166934279
2024-06-28,300750.SZ,0.033877038895859475,0,-0.0,False,0.5191658320903335,0.378917889865814,0.8980837219561475
2024-07-01,300750.SZ,0.05897114178168131,0,-0.0,False,0.5127584422553367,0.3805792151468141,0.8933376574021508
2024-07-02,300750.SZ,0.30614805520702637,0,-0.0,False,0.5053457645842544,0.3806836970219338,0.8860294616061881
2024-07-03,300750.SZ,0.028858218318695106,0,-0.0,False,0.5073526097679311,0.37897549625130883,0.8863281060192398
2024-07-04,300750.SZ,0.18695106649937265,0,-0.0,False,0.5043162942505701,0.3813497943692885,0.8856660886198586
2024-07-05,300750.SZ,0.9648682559598495,1,-1.0,True,0.49808527508111344,0.38036632740793624,0.8784516024890496
2024-07-08,300750.SZ,0.8130489335006273,0,-0.0,False,0.49920582713036005,0.3815497795924701,0.8807556067228302
2024-07-09,300750.SZ,0.8870765370138017,1,-1.0,True,0.49801431698658394,0.38033252315022187,0.8783468401368058
2024-07-10,300750.SZ,0.04767879548306148,0,-0.0,False,0.5029045276593539,0.38153907732234094,0.8844436049816948
2024-07-11,300750.SZ,0.10915934755332497,0,-0.0,False,0.5012394556451633,0.3830959236209762,0.8843353792661395
2024-07-12,300750.SZ,0.04893350062735257,0,-0.0,False,0.5008090833739368,0.38351036947248657,0.8843194528464233
2024-07-15,300750.SZ,0.8795483061480552,0,-0.0,False,0.5003479345726322,0.3840241159088053,0.8843720504814374
2024-07-16,300750.SZ,0.1618569636135508,0,-0.0,False,0.5070388940752897,0.38357402092838194,0.8906129150036717
2024-07-17,300750.SZ,0.11794228356336262,0,-0.0,False,0.5035196116531414,0.38479580417302284,0.8883154158261642
2024-07-18,300750.SZ,0.027603513174404015,0,-0.0,False,0.4966402362104742,0.3842432951754824,0.8808835313859567
2024-07-19,300750.SZ,0.890840652446675,1,-1.0,True,0.4966399472289711,0.3842436508792699,0.880883598108241
2024-07-22,300750.SZ,0.5169385194479298,0,-0.0,False,0.49654686891393296,0.38414597017305707,0.88069283908699
2024-07-23,300750.SZ,0.7904642409033877,0,-0.0,False,0.49981825774852834,0.382618404643523,0.8824366623920513
2024-07-24,300750.SZ,0.3074027603513174,0,-0.0,False,0.5047932319503614,0.38248280613360025,0.8872760380839617
2024-07-25,300750.SZ,0.13676286072772897,0,-0.0,False,0.5055019065445788,0.38203363137651347,0.8875355379210923
2024-07-26,300750.SZ,0.15809284818067754,0,-0.0,False,0.49851764395181575,0.38104035105434847,0.8795579950061643
2024-07-29,300750.SZ,0.9523212045169385,1,-1.0,True,0.4924439620752645,0.38060558386806626,0.8730495459433307
2024-07-30,300750.SZ,0.1794228356336261,0,-0.0,False,0.4975219319119006,0.3826539501054732,0.8801758820173737
2024-07-31,300750.SZ,0.42910915934755334,0,-0.0,False,0.49128052254385585,0.38167394296021623,0.8729544655040721
2024-08-01,300750.SZ,0.958594730238394,1,-1.0,True,0.48789453940776556,0.38039538751958635,0.8682899269273519
2024-08-02,300750.SZ,0.9071518193224593,1,-1.0,True,0.4881776361966031,0.3807356286714819,0.8689132648680851
2024-08-05,300750.SZ,0.30238393977415307,0,-0.0,False,0.49553832346817633,0.38022163225200567,0.8757599557201821
2024-08-06,300750.SZ,0.14178168130489335,0,-0.0,False,0.48991329851068294,0.3780198728645186,0.8679331713752015
2024-08-07,300750.SZ,0.08281053952321205,0,-0.0,False,0.4837665043138518,0.37763024911807175,0.8613967534319236
2024-08-08,300750.SZ,0.09410288582183186,0,-0.0,False,0.4839436105686726,0.37743550535047155,0.8613791159191442
2024-08-09,300750.SZ,0.025094102885821833,0,-0.0,False,0.48296900731400527,0.3782960857277572,0.8612650930417625
2024-08-12,300750.SZ,0.12547051442910917,0,-0.0,False,0.47910567927691466,0.3805973755522731,0.8597030548291877
2024-08-13,300750.SZ,0.012547051442910916,0,-0.0,False,0.4722262250211104,0.3794551458894675,0.8516813709105779
2024-08-14,300750.SZ,0.8419071518193224,0,-0.0,False,0.46488731644645126,0.379760739096082,0.8446480555425333
2024-08-15,300750.SZ,0.1329987452948557,0,-0.0,False,0.46435505192434257,0.3791819216177446,0.8435369735420872
2024-08-16,300750.SZ,0.18946047678795483,0,-0.0,False,0.46492945520380974,0.3786222502771448,0.8435517054809545
2024-08-19,300750.SZ,0.05897114178168131,0,-0.0,False,0.458792630868835,0.37705304929434846,0.8358456801631835
2024-08-20,300750.SZ,0.6398996235884568,0,-0.0,False,0.45675055621282806,0.37855889404035326,0.8353094502531813
2024-08-21,300750.SZ,0.8920953575909661,1,-1.0,True,0.45406379009449066,0.3760765937954589,0.8301403838899495
2024-08-22,300750.SZ,0.030112923462986198,0,-0.0,False,0.4601683535853031,0.37719953248849897,0.8373678860738021
2024-08-23,300750.SZ,0.04893350062735257,0,-0.0,False,0.455833867478483,0.37913919752710135,0.8349730650055843
2024-08-26,300750.SZ,0.06775407779171895,0,-0.0,False,0.45537271867717827,0.37960376723420347,0.8349764859113817
2024-08-27,300750.SZ,0.6474278544542033,0,-0.0,False,0.45435651522159,0.38048316129727,0.8348396765188599
2024-08-28,300750.SZ,0.8795483061480552,1,-1.0,True,0.4530201728026782,0.3795117678464995,0.8325319406491777
2024-08-29,300750.SZ,0.9761606022584692,1,-1.0,True,0.4595331591060058,0.3800736567327902,0.8396068158387959
2024-08-30,300750.SZ,0.10664993726474278,0,-0.0,False,0.4607164070058984,0.3814682455790547,0.842184652584953
2024-09-02,300750.SZ,0.8519447929736512,1,-1.0,True,0.45424544124022354,0.38082748699003294,0.8350729282302565
2024-09-03,300750.SZ,0.060225846925972396,0,-0.0,False,0.4532733731414696,0.37965062904741625,0.8329240021888858
2024-09-04,300750.SZ,0.05269761606022585,0,-0.0,False,0.4536810340936584,0.3791980607452653,0.8328790948389238
2024-09-05,300750.SZ,0.8958594730238394,1,-1.0,True,0.45363860635479686,0.3792430107439909,0.8328816170987878
2024-09-06,300750.SZ,0.6675031367628608,0,-0.0,False,0.4550844202212853,0.3806043665048761,0.8356887867261614
2024-09-09,300750.SZ,0.8243412797992472,0,-0.0,False,0.45365364652847995,0.37946929703595356,0.8331229435644335
2024-09-10,300750.SZ,0.03889585947302384,0,-0.0,False,0.45243061112982214,0.3780212758461288,0.830451886975951
2024-09-11,300750.SZ,0.037641154328732745,0,-0.0,False,0.45255583206931677,0.37788058299932037,0.8304364150686372
2024-09-12,300750.SZ,0.020075282308657464,0,-0.0,False,0.44514337770212314,0.377216578314051,0.8223599560161741
2024-09-13,300750.SZ,0.973651191969887,1,-1.0,True,0.4448814422406249,0.37750301646739776,0.8223844587080227
2024-09-18,300750.SZ,0.06398996235884567,0,-0.0,False,0.447624599158632,0.3801522548746288,0.8277768540332608
2024-09-19,300750.SZ,0.38143036386449186,0,-0.0,False,0.4408923547076023,0.37972938585972205,0.8206217405673244
2024-09-20,300750.SZ,0.8895859473023839,1,-1.0,True,0.4371404553109956,0.3780565391990024,0.8151969945099979
2024-09-23,300750.SZ,0.02258469259723965,0,-0.0,False,0.44434429130400965,0.37837563199867874,0.8227199233026884
2024-09-24,300750.SZ,0.05771643663739021,0,-0.0,False,0.43709949875069515,0.3780559429284247,0.8151554416791198
2024-09-25,300750.SZ,0.03638644918444166,0,-0.0,False,0.4350679062419364,0.37944320403790616,0.8145111102798426
2024-09-26,300750.SZ,0.8820577164366374,1,-1.0,True,0.43414625227994746,0.3802822197484005,0.8144284720283479
2024-09-27,300750.SZ,0.9686323713927227,1,-1.0,True,0.4409628136522628,0.38092353583993577,0.8218863494921986
2024-09-30,300750.SZ,0.946047678795483,1,-1.0,True,0.44218801641219385,0.3823917468356502,0.824579763247844
2024-10-08,300750.SZ,0.9661229611041405,1,-1.0,True,0.4428795360135464,0.3832333666341699,0.8261129026477163
2024-10-09,300750.SZ,0.9636135508155583,1,-1.0,True,0.44383257073966553,0.38439915162027843,0.828231722359944
2024-10-10,300750.SZ,0.09912170639899624,0,-0.0,False,0.4503865530098622,0.38651266404975,0.8368992170596121
2024-10-11,300750.SZ,0.9485570890840652,1,-1.0,True,0.4437272238462693,0.3856146931746886,0.8293419170209579
2024-10-14,300750.SZ,0.060225846925972396,0,-0.0,False,0.4459785999236448,0.38777886913861265,0.8337574690622575
2024-10-15,300750.SZ,0.9297365119196989,1,-1.0,True,0.43854497109358903,0.3865400677984727,0.8250850388920618
2024-10-16,300750.SZ,0.9673776662484316,1,-1.0,True,0.44592635994920127,0.3873982932120534,0.8333246531612546
2024-10-17,300750.SZ,0.8895859473023839,1,-1.0,True,0.45243842676592816,0.3895530665297488,0.8419914932956769
2024-10-18,300750.SZ,0.04642409033877039,0,-0.0,False,0.45170675187117004,0.38864018681888707,0.840346938690057
2024-10-21,300750.SZ,0.10414052697616061,0,-0.0,False,0.4459483094079127,0.3894893789136994,0.8354376883216121
2024-10-22,300750.SZ,0.9347553324968633,1,-1.0,True,0.4390586094442718,0.3881489042613693,0.827207513705641
2024-10-23,300750.SZ,0.8117942283563363,0,-0.0,False,0.44482771795209736,0.3903409442368944,0.8351686621889918
2024-10-24,300750.SZ,0.8795483061480552,1,-1.0,True,0.45010607019007526,0.39098983806816856,0.8410959082582439
2024-10-25,300750.SZ,0.030112923462986198,0,-0.0,False,0.4541797767614096,0.39290764758088204,0.8470874243422917
2024-10-28,300750.SZ,0.9422835633626098,1,-1.0,True,0.45418993052058604,0.3928965803296568,0.8470865108502428
2024-10-29,300750.SZ,0.9109159347553325,1,-1.0,True,0.4614036838333649,0.393851918518542,0.8552556023519069
2024-10-30,300750.SZ,0.9159347553324969,1,-1.0,True,0.4686701105928419,0.3940359396704853,0.8627060502633273
2024-10-31,300750.SZ,0.14052697616060225,0,-0.0,False,0.4691630342239628,0.3945621812018556,0.8637252154258184
2024-11-01,300750.SZ,0.3174404015056462,0,-0.0,False,0.46956985450268807,0.3941947261254222,0.8637645806281102
2024-11-04,300750.SZ,0.08657465495608532,0,-0.0,False,0.46697021630752994,0.39416048490182826,0.8611307012093582
2024-11-05,300750.SZ,0.06273525721455459,0,-0.0,False,0.4601958593701874,0.3936496967723067,0.8538455561424941
2024-11-06,300750.SZ,0.9422835633626098,1,-1.0,True,0.460299892711297,0.39354208153164066,0.8538419742429377
2024-11-07,300750.SZ,0.07026348808030113,0,-0.0,False,0.4599864265935902,0.39313950461502456,0.8531259312086148
2024-11-08,300750.SZ,0.9297365119196989,1,-1.0,True,0.4525840997145273,0.39203446946847087,0.8446185691829982
2024-11-11,300750.SZ,0.043914680050188205,0,-0.0,False,0.45421800113295363,0.39362117310674916,0.8478391742397028
2024-11-12,300750.SZ,0.02383939774153074,0,-0.0,False,0.4537045598151139,0.3941196970174555,0.8478242568325693
2024-11-13,300750.SZ,0.027603513174404015,0,-0.0,False,0.45319132866564005,0.39464305882284156,0.8478343874884816
2024-11-14,300750.SZ,0.8958594730238394,1,-1.0,True,0.4528769693323781,0.3949695045076733,0.8478464738400514
2024-11-15,300750.SZ,0.9548306148055207,1,-1.0,True,0.4582381935841262,0.3965899466211329,0.8548281402052591
2024-11-18,300750.SZ,0.8808030112923463,1,-1.0,True,0.4588039930961153,0.3972545661730932,0.8560585592692085
2024-11-19,300750.SZ,0.07779171894604768,0,-0.0,False,0.46571478870948113,0.3973229041399375,0.8630376928494186
2024-11-20,300750.SZ,0.9498117942283564,1,-1.0,True,0.4620602892149361,0.3988672292832005,0.8609275184981366
2024-11-21,300750.SZ,0.12170639899623588,0,-0.0,False,0.46224925684690604,0.39909472194358014,0.8613439787904862
2024-11-22,300750.SZ,0.903387703889586,1,-1.0,True,0.4552965589155933,0.3976851518340823,0.8529817107496755
2024-11-25,300750.SZ,0.02258469259723965,0,-0.0,False,0.46247931239440515,0.39793158290136954,0.8604108952957747
2024-11-26,300750.SZ,0.9761606022584692,1,-1.0,True,0.4615159268762666,0.3988621292519429,0.8603780561282095
2024-11-27,300750.SZ,0.1806775407779172,0,-0.0,False,0.468300096049191,0.40064539588676323,0.8689454919359543
2024-11-28,300750.SZ,0.9573400250941029,1,-1.0,True,0.46207961156907396,0.3992539741345221,0.8613335857035961
2024-11-29,300750.SZ,0.06273525721455459,0,-0.0,False,0.469743374759766,0.39986522507016997,0.869608599829936
2024-12-02,300750.SZ,0.24090338770388958,0,-0.0,False,0.4695228687373915,0.4000840777339809,0.8696069464713725
2024-12-03,300750.SZ,0.657465495608532,0,-0.0,False,0.46413927469020033,0.3987644923609029,0.8629037670511033
2024-12-04,300750.SZ,0.8582183186951067,0,-0.0,False,0.4684351554953133,0.39804060206185893,0.8664757575571722
2024-12-05,300750.SZ,0.958594730238394,1,-1.0,True,0.46744208369549445,0.3969071906807471,0.8643492743762415
2024-12-06,300750.SZ,0.03262233375156838,0,-0.0,False,0.4673587650739467,0.39680214072497516,0.8641609057989219
2024-12-09,300750.SZ,0.07026348808030113,0,-0.0,False,0.4595171337681076,0.39601055759618,0.8555276913642875
2024-12-10,300750.SZ,0.09912170639899624,0,-0.0,False,0.45875216032288063,0.3966780827321552,0.8554302430550358
2024-12-11,300750.SZ,0.9560853199498118,1,-1.0,True,0.457034204693626,0.3977931955146349,0.8548274002082609
2024-12-12,300750.SZ,0.03513174404015056,0,-0.0,False,0.4645336679213718,0.39865410506963833,0.8631877729910101
2024-12-13,300750.SZ,0.918444165621079,1,-1.0,True,0.46421999163529903,0.3989796236210553,0.8631996152563544
2024-12-16,300750.SZ,0.17154255319148937,0,-0.0,False,0.46519238812212466,0.39995019908477375,0.8651425872068984
2024-12-17,300750.SZ,0.025094102885821833,0,-0.0,False,0.46056795707751585,0.400111906654947,0.8606798637324629
2024-12-18,300750.SZ,0.9836888331242158,1,-1.0,True,0.45265285879227957,0.3992454133666168,0.8518982721588964
2024-12-19,300750.SZ,0.9234629861982434,1,-1.0,True,0.45996151625777515,0.4008824543101596,0.8608439705679347
2024-12-20,300750.SZ,0.9761606022584692,1,-1.0,True,0.4609443686208032,0.4018801282477402,0.8628244968685435
2024-12-23,300750.SZ,0.10414052697616061,0,-0.0,False,0.4611534861448517,0.4021437478359775,0.8632972339808291
2024-12-24,300750.SZ,0.06148055207026349,0,-0.0,False,0.45755666473121726,0.403399123394428,0.8609557881256453
2024-12-25,300750.SZ,0.5495608531994981,0,-0.0,False,0.4577866940076706,0.4031633006293539,0.8609499946370245
2024-12-26,300750.SZ,0.986198243412798,1,-1.0,True,0.46187494160281906,0.40156940010872805,0.8634443417115472
2024-12-27,300750.SZ,0.14429109159347553,0,-0.0,False,0.4675420265045338,0.40414356119779593,0.8716855877023297
2024-12-30,300750.SZ,0.033877038895859475,0,-0.0,False,0.468503967115157,0.40322697064330043,0.8717309377584574
2024-12-31,300750.SZ,0.46800501882057716,0,-0.0,False,0.4672283502184611,0.4043656725545499,0.871594022773011
2025-01-02,300750.SZ,0.9247176913425345,1,-1.0,True,0.4630878232423005,0.4017626908519329,0.8648505140942334
2025-01-03,300750.SZ,0.821831869510665,0,-0.0,False,0.4640183962243164,0.40270830354982856,0.866726699774145
2025-01-06,300750.SZ,0.24717691342534504,0,-0.0,False,0.46347469066179026,0.4021760157457928,0.8656507064075831
2025-01-07,300750.SZ,0.03889585947302384,0,-0.0,False,0.4651371749779759,0.4008529457388681,0.865990120716844
2025-01-08,300750.SZ,0.03889585947302384,0,-0.0,False,0.4645516459106401,0.4014281993932696,0.8659798453039097
2025-01-09,300750.SZ,0.07528230865746549,0,-0.0,False,0.46446799890102064,0.40151656703816035,0.8659845659391809
2025-01-10,300750.SZ,0.7478042659974906,0,-0.0,False,0.45776578225526576,0.4012421297345597,0.8590079119898255
2025-01-13,300750.SZ,0.18318695106649938,0,-0.0,False,0.4626486764417986,0.40117614405626195,0.8638248204980605
2025-01-14,300750.SZ,0.07904642409033877,0,-0.0,False,0.4631923820043247,0.4007490299258226,0.8639414119301474
2025-01-15,300750.SZ,0.9523212045169385,1,-1.0,True,0.4636210729286242,0.40030642480014,0.8639274977287642
2025-01-16,300750.SZ,0.8732747804265998,1,-1.0,True,0.46413341086254306,0.400896710908865,0.865030121771408
2025-01-17,300750.SZ,0.13801756587202008,0,-0.0,False,0.46710287970403197,0.4026071830425763,0.8697100627466083
2025-01-20,300750.SZ,0.012547051442910916,0,-0.0,False,0.4616658240787706,0.4026091365340082,0.8642749606127789
2025-01-21,300750.SZ,0.890840652446675,1,-1.0,True,0.45920869317120055,0.404454046186158,0.8636627393573586
2025-01-22,300750.SZ,0.9661229611041405,1,-1.0,True,0.46549267476885847,0.405259354700791,0.8707520294696495
2025-01-23,300750.SZ,0.7804265997490589,0,-0.0,False,0.47222625904322063,0.4068187432726617,0.8790450023158823
2025-01-24,300750.SZ,0.05269761606022585,0,-0.0,False,0.47079380400348825,0.40541427465846086,0.876208078661949
2025-01-27,300750.SZ,0.9109159347553325,1,-1.0,True,0.4697377605070433,0.40634361531686225,0.8760813758239056
2025-02-05,300750.SZ,0.9385194479297365,1,-1.0,True,0.47375281696877475,0.4083143657096354,0.8820671826784101
2025-02-06,300750.SZ,0.3124215809284818,0,-0.0,False,0.47358552294953593,0.4081181130532548,0.8817036360027908
2025-02-07,300750.SZ,0.050188205771643665,0,-0.0,False,0.4686294376295861,0.40641632687284657,0.8750457645024327
2025-02-10,300750.SZ,0.9234629861982434,1,-1.0,True,0.46652780651289855,0.40793246820897267,0.8744602747218713
2025-02-11,300750.SZ,0.9548306148055207,1,-1.0,True,0.47304181738700984,0.40894306036379396,0.8819848777508038
2025-02-12,300750.SZ,0.08531994981179424,0,-0.0,False,0.4803086513476957,0.40969757177357297,0.8900062231212686
2025-02-13,300750.SZ,0.02258469259723965,0,-0.0,False,0.4802354602142787,0.4097679244383679,0.8900033846526466
2025-02-14,300750.SZ,0.03262233375156838,0,-0.0,False,0.48021454846187395,0.4097914102864088,0.8900059587482827
2025-02-17,300750.SZ,0.6599749058971142,0,-0.0,False,0.47944081362289437,0.4105537827438992,0.8899945963667936
2025-02-18,300750.SZ,0.06273525721455459,0,-0.0,False,0.484836045743346,0.4086160734700155,0.8934521192133615
2025-02-19,300750.SZ,0.14554579673776663,0,-0.0,False,0.4783429466216396,0.4090847996659109,0.8874277462875505
2025-02-20,300750.SZ,0.9523212045169385,1,-1.0,True,0.47844750538366393,0.4089973848664391,0.8874448902501031
2025-02-21,300750.SZ,0.0903387703889586,0,-0.0,False,0.4848046781147388,0.4103941288781447,0.8951988069928836
2025-02-24,300750.SZ,0.9259723964868256,1,-1.0,True,0.4850660750197994,0.4101305237349299,0.8951965987547293
2025-02-25,300750.SZ,0.8180677540777918,0,-0.0,False,0.48745001479395256,0.411865825317558,0.8993158401115106
2025-02-26,300750.SZ,0.9146800501882058,1,-1.0,True,0.4868331180980094,0.41130971460795995,0.8981428327059693
2025-02-27,300750.SZ,0.1355081555834379,0,-0.0,False,0.4942045108207196,0.41098207088217714,0.9051865817028968
2025-02-28,300750.SZ,0.8883312421580929,0,-0.0,False,0.4949259662786869,0.4102692248967712,0.9051951911754581
2025-03-03,300750.SZ,0.01756587202007528,0,-0.0,False,0.5017641093150733,0.40992785033901347,0.9116919596540868
2025-03-04,300750.SZ,0.9912170639899623,1,-1.0,True,0.49651525946145564,0.41207391246653186,0.9085891719279875
2025-03-05,300750.SZ,0.9398496240601504,1,-1.0,True,0.49744583244347157,0.41307105474126504,0.9105168871847367
2025-03-06,300750.SZ,0.11779448621553884,0,-0.0,False,0.4971432409584855,0.41273058899683507,0.9098738299553206
2025-03-07,300750.SZ,0.9223057644110275,1,-1.0,True,0.4972361121997422,0.41264322774073264,0.9098793399404748
2025-03-10,300750.SZ,0.9536340852130326,1,-1.0,True,0.497822453628387,0.4132010953650733,0.9110235489934604
2025-03-11,300750.SZ,0.87468671679198,0,-0.0,False,0.5052675222807792,0.41329892581721916,0.9185664480979984
2025-03-12,300750.SZ,0.15914786967418545,0,-0.0,False,0.5121174314535437,0.41254614937460865,0.9246635808281524
2025-03-13,300750.SZ,0.09774436090225563,0,-0.0,False,0.5059781680922967,0.41226909920354443,0.918247267295841
2025-03-14,300750.SZ,0.05639097744360902,0,-0.0,False,0.5012301782934583,0.41367171986170326,0.9149018981551615
2025-03-17,300750.SZ,0.9774436090225563,1,-1.0,True,0.4948305924404946,0.4145703181334297,0.9094009105739242
2025-03-18,300750.SZ,0.13157894736842105,0,-0.0,False,0.5026518236867407,0.4147496514974811,0.9174014751842218
2025-03-19,300750.SZ,0.012531328320802004,0,-0.0,False,0.5034346386287382,0.41395248131536866,0.9173871199441068
2025-03-20,300750.SZ,0.918546365914787,1,-1.0,True,0.503371772345506,0.41402707129592364,0.9173988436414297
2025-03-21,300750.SZ,0.9348370927318296,1,-1.0,True,0.5029125654617135,0.413531352720385,0.9164439181820985
2025-03-24,300750.SZ,0.10651629072681704,0,-0.0,False,0.5101696248814883,0.413405200727326,0.9235748256088143
2025-03-25,300750.SZ,0.14536340852130325,0,-0.0,False,0.5078786742720077,0.414883721088689,0.9227623953606967
2025-03-26,300750.SZ,0.956140350877193,1,-1.0,True,0.5016768197821654,0.41469228296592786,0.9163691027480932
2025-03-27,300750.SZ,0.08771929824561403,0,-0.0,False,0.5094564502678317,0.41438562575786,0.9238420760256917
2025-03-28,300750.SZ,0.9160401002506265,0,-0.0,False,0.5097064741145669,0.41411973928491547,0.9238262133994823
2025-03-31,300750.SZ,0.9147869674185464,0,-0.0,False,0.5170369212067851,0.41345592849959256,0.9304928497063777
2025-04-01,300750.SZ,0.9649122807017544,1,-1.0,True,0.5173096649649677,0.4137094620947044,0.931019127059672
2025-04-02,300750.SZ,0.35213032581453635,0,-0.0,False,0.5172786642092096,0.413675496631934,0.9309541608411436
2025-04-03,300750.SZ,0.9586466165413534,1,-1.0,True,0.5123293529343684,0.41205219328657944,0.9243815462209479
2025-04-07,300750.SZ,0.9423558897243107,1,-1.0,True,0.5122670500630118,0.4119835619656796,0.9242506120286913
2025-04-08,300750.SZ,0.14536340852130325,0,-0.0,False,0.5120899028872514,0.4117923843046586,0.92388228719191
2025-04-09,300750.SZ,0.993734335839599,1,-1.0,True,0.5124752504049374,0.4114241604457527,0.92389941085069
2025-04-10,300750.SZ,0.06641604010025062,0,-0.0,False,0.5128517274612334,0.4118470066052143,0.9246987340664476
2025-04-11,300750.SZ,0.02631578947368421,0,-0.0,False,0.5129033124043524,0.4117902213446065,0.9246935337489589
2025-04-14,300750.SZ,0.4755639097744361,0,-0.0,False,0.5053748063839689,0.4123634204644066,0.9177382268483756
2025-04-15,300750.SZ,0.02506265664160401,0,-0.0,False,0.5012763584133524,0.41017124572832786,0.9114476041416802
2025-04-16,300750.SZ,0.9423558897243107,1,-1.0,True,0.4940719976578458,0.41088529613610386,0.9049572937939496
2025-04-17,300750.SZ,0.09523809523809523,0,-0.0,False,0.5015380959860587,0.41082271572752704,0.9123608117135857
2025-04-18,300750.SZ,0.8157894736842105,0,-0.0,False,0.5014639090549081,0.410895878666205,0.9123597877211131
2025-04-21,300750.SZ,0.04887218045112782,0,-0.0,False,0.500472526898136,0.4099841820252771,0.9104567089234131
2025-04-22,300750.SZ,0.02882205513784461,0,-0.0,False,0.49411484316559257,0.4110299398796666,0.9051447830452591
2025-04-23,300750.SZ,0.08145363408521303,0,-0.0,False,0.48702545774050754,0.41166228983447395,0.8986877475749815
2025-04-24,300750.SZ,0.9461152882205514,1,-1.0,True,0.48745329699569273,0.4112098621656363,0.898663159161329
2025-04-25,300750.SZ,0.7819548872180451,0,-0.0,False,0.48748522803617556,0.41124562439981754,0.8987308524359932
2025-04-28,300750.SZ,0.8834586466165414,0,-0.0,False,0.4864105526400315,0.41029721644104045,0.896707769081072
2025-04-29,300750.SZ,0.949874686716792,1,-1.0,True,0.4861399184007319,0.4100221376640541,0.896162056064786
2025-04-30,300750.SZ,0.2656641604010025,0,-0.0,False,0.4928844826553668,0.4109448345017881,0.9038293171571549
2025-05-06,300750.SZ,0.6403508771929824,0,-0.0,False,0.49245301397949476,0.4111577146624691,0.9036107286419639
2025-05-07,300750.SZ,0.02506265664160401,0,-0.0,False,0.4970678158314689,0.40966896105867984,0.9067367768901488
2025-05-08,300750.SZ,0.023809523809523808,0,-0.0,False,0.496753877493361,0.4100188818452555,0.9067727593386165
2025-05-09,300750.SZ,0.9285714285714286,1,-1.0,True,0.4890999271637519,0.4102048293323192,0.8993047564960711
2025-05-12,300750.SZ,0.9849624060150376,1,-1.0,True,0.4962524933345113,0.4103233442383416,0.906575837572853
2025-05-13,300750.SZ,0.9085213032581454,1,-1.0,True,0.49671270911863913,0.4108442623516035,0.9075569714702426
2025-05-14,300750.SZ,0.9786967418546366,1,-1.0,True,0.5039177643120388,0.41041789182417715,0.9143356561362159
2025-05-15,300750.SZ,0.8395989974937343,0,-0.0,False,0.5118749088463147,0.4102882832282267,0.9221631920745414
2025-05-16,300750.SZ,0.8784461152882206,0,-0.0,False,0.5186415378823092,0.40892799379054834,0.9275695316728575
2025-05-19,300750.SZ,0.15789473684210525,0,-0.0,False,0.5184964265678457,0.408796078532645,0.9272925051004907
2025-05-20,300750.SZ,0.05639097744360902,0,-0.0,False,0.5118552942514838,0.40812079406469187,0.9199760883161756
2025-05-21,300750.SZ,0.005012531328320802,0,-0.0,False,0.504985193969411,0.4087962330221683,0.9137814269915793
2025-05-22,300750.SZ,0.9611528822055138,1,-1.0,True,0.5043787007392633,0.4094887477962994,0.9138674485355627
2025-05-23,300750.SZ,0.9260651629072681,1,-1.0,True,0.5044732098057396,0.40959371193847666,0.9140669217442163
2025-05-26,300750.SZ,0.9837092731829574,1,-1.0,True,0.5111761995049983,0.40985867403616083,0.9210348735411591
2025-05-27,300750.SZ,0.06641604010025062,0,-0.0,False,0.5118455459157762,0.41056955385563615,0.9224150997714125
2025-05-28,300750.SZ,0.21052631578947367,0,-0.0,False,0.512210807144968,0.4101499102859579,0.9223607174309258
2025-05-29,300750.SZ,0.20175438596491227,0,-0.0,False,0.5058305214243931,0.4088250234332178,0.9146555448576109
2025-05-30,300750.SZ,0.040100250626566414,0,-0.0,False,0.5060061618009514,0.4086886613480721,0.9146948231490235
2025-06-03,300750.SZ,0.15413533834586465,0,-0.0,False,0.49836249701372193,0.40875399102586923,0.9071164880395912
2025-06-04,300750.SZ,0.7907268170426065,0,-0.0,False,0.4991241643564828,0.4080199247958835,0.9071440891523663
2025-06-05,300750.SZ,0.24937343358395989,0,-0.0,False,0.5037060262676388,0.4081829560458384,0.9118889823134773
2025-06-06,300750.SZ,0.9473684210526315,1,-1.0,True,0.5003052590841007,0.40859094843839583,0.9088962075224966
2025-06-09,300750.SZ,0.9636591478696742,1,-1.0,True,0.5010481766037468,0.4093275741863549,0.9103757507901017
2025-06-10,300750.SZ,0.8897243107769424,0,-0.0,False,0.5010903800840074,0.40937540397292665,0.9104657840569341
2025-06-11,300750.SZ,0.020050125313283207,0,-0.0,False,0.5082328965592189,0.40860955558203776,0.9168424521412566
2025-06-12,300750.SZ,0.8483709273182958,0,-0.0,False,0.5078144518694938,0.4090872675540321,0.9169017194235258
2025-06-13,300750.SZ,0.8107769423558897,0,-0.0,False,0.5140581953771546,0.40851447972563504,0.9225726751027896
2025-06-16,300750.SZ,0.9131016042780749,0,-0.0,False,0.5128472922305386,0.4074070870917155,0.9202543793222542
2025-06-17,300750.SZ,0.1802252816020025,0,-0.0,False,0.5201637077325212,0.4066387263250967,0.9268024340576179
2025-06-18,300750.SZ,0.17897371714643304,0,-0.0,False,0.514011883699029,0.40614648197520903,0.920158365674238
2025-06-19,300750.SZ,0.025031289111389236,0,-0.0,False,0.5140738100653202,0.40609438903835227,0.9201681991036724
2025-06-20,300750.SZ,0.06508135168961202,0,-0.0,False,0.5140732866171999,0.4060950246606116,0.9201683112778114
2025-06-23,300750.SZ,0.22403003754693368,0,-0.0,False,0.5064182242719115,0.4058261634301313,0.9122443877020427
2025-06-24,300750.SZ,0.04881101376720901,0,-0.0,False,0.5005896163664839,0.404807560361189,0.905397176727673
2025-06-25,300750.SZ,0.02753441802252816,0,-0.0,False,0.49286170312905675,0.4045040517307791,0.8973657548598358
2025-06-26,300750.SZ,0.904881101376721,1,-1.0,True,0.49222331888777643,0.40518256328744123,0.8974058821752177
2025-06-27,300750.SZ,0.932415519399249,1,-1.0,True,0.4992516567986636,0.4049628642762686,0.9042145210749322
2025-06-30,300750.SZ,0.16520650813516896,0,-0.0,False,0.5024421123503282,0.4068662168115559,0.9093083291618841
2025-07-01,300750.SZ,0.8335419274092616,0,-0.0,False,0.49560051455634796,0.4055638781369462,0.9011643926932942
2025-07-02,300750.SZ,0.7659574468085106,0,-0.0,False,0.5013442715214794,0.4054273836818871,0.9067716552033664
2025-07-03,300750.SZ,0.02002503128911139,0,-0.0,False,0.5074449415874183,0.4038389373094937,0.911283878896912
2025-07-04,300750.SZ,0.04005006257822278,0,-0.0,False,0.503711775024656,0.4062698824065086,0.9099816574311645
2025-07-07,300750.SZ,0.9662077596996246,1,-1.0,True,0.4963395447849534,0.4065925746891557,0.9029321194741091
2025-07-08,300750.SZ,0.14643304130162704,0,-0.0,False,0.49754267720319484,0.4077757073792419,0.9053183845824367
2025-07-09,300750.SZ,0.015018773466833541,0,-0.0,False,0.49670314493549717,0.40839872446207504,0.9051018693975722
2025-07-10,300750.SZ,0.1276595744680851,0,-0.0,False,0.4965041692187789,0.4086293982754734,0.9051335674942522
2025-07-11,300750.SZ,0.8460575719649562,0,-0.0,False,0.4972438668437377,0.40787371936287103,0.9051175862066088
2025-07-14,300750.SZ,0.9612015018773467,1,-1.0,True,0.5036669940379669,0.407241429016909,0.9109084230548758
2025-07-15,300750.SZ,0.7609511889862328,0,-0.0,False,0.5054453043369657,0.4087794861897997,0.9142247905267653
2025-07-16,300750.SZ,0.03128911138923655,0,-0.0,False,0.5102600063196301,0.408354255697841,0.9186142620174711
2025-07-17,300750.SZ,0.21401752190237797,0,-0.0,False,0.5098620287137875,0.408801070746641,0.9186630994604286
2025-07-18,300750.SZ,0.03629536921151439,0,-0.0,False,0.5037094980253329,0.40764017490797805,0.911349672933311
2025-07-21,300750.SZ,0.025031289111389236,0,-0.0,False,0.4967346695985405,0.4084233945199258,0.9051580641184663
2025-07-22,300750.SZ,0.967459324155194,1,-1.0,True,0.49579311729220193,0.40938640671046955,0.9051795240026714
2025-07-23,300750.SZ,0.6445556946182729,0,-0.0,False,0.5037507195648042,0.4091948828752568,0.9129456024400611
2025-07-24,300750.SZ,0.9424280350438048,1,-1.0,True,0.5016983449162342,0.4078525001570834,0.9095508450733176
2025-07-25,300750.SZ,0.904881101376721,0,-0.0,False,0.5015008871990647,0.4076314400704414,0.9091323272695061
2025-07-28,300750.SZ,0.058823529411764705,0,-0.0,False,0.5025380080459619,0.4085044509888312,0.9110424590347932
2025-07-29,300750.SZ,0.03754693366708386,0,-0.0,False,0.5025890573238915,0.4084481426040691,0.9110371999279605
2025-07-30,300750.SZ,0.9924906132665833,1,-1.0,True,0.4953109823148227,0.4088920593860904,0.904203041700913
2025-07-31,300750.SZ,0.9624530663329162,1,-1.0,True,0.4957607420259631,0.40941301287890847,0.9051737549048715
2025-08-01,300750.SZ,0.8836045056320401,0,-0.0,False,0.5011776710710001,0.4112629666600525,0.9124406377310526
2025-08-04,300750.SZ,0.06382978723404255,0,-0.0,False,0.50812280690317,0.4106195431659865,0.9187423500691565
2025-08-05,300750.SZ,0.9299123904881101,1,-1.0,True,0.5009591969118017,0.4108111615513812,0.9117703584631829
2025-08-06,300750.SZ,0.8710888610763454,0,-0.0,False,0.50075154504249,0.4105860522314191,0.9113375972739091
2025-08-07,300750.SZ,0.8848560700876095,0,-0.0,False,0.5072996193030278,0.410170582389789,0.9174702016928168
2025-08-08,300750.SZ,0.14518147684605756,0,-0.0,False,0.5144852141154476,0.4091593479823546,0.9236445620978022
2025-08-11,300750.SZ,0.4593241551939925,0,-0.0,False,0.5154232069745684,0.4081732321739505,0.923596439148519
2025-08-12,300750.SZ,0.7972465581977471,0,-0.0,False,0.5137511173853757,0.40798703958709737,0.9217381569724731
2025-08-13,300750.SZ,0.01877346683354193,0,-0.0,False,0.519872044893569,0.4066714237497449,0.9265434686433138
2025-08-14,300750.SZ,0.01877346683354193,0,-0.0,False,0.5188156088110337,0.40781506043376153,0.9266306692447952
2025-08-15,300750.SZ,0.3479349186483104,0,-0.0,False,0.5110360443303388,0.40837980906617877,0.9194158533965175
2025-08-18,300750.SZ,0.9449311639549437,1,-1.0,True,0.5131826788991667,0.406823903865411,0.9200065827645777
2025-08-19,300750.SZ,0.9637046307884856,1,-1.0,True,0.5133406686280676,0.40698920525513144,0.9203298738831991
2025-08-20,300750.SZ,0.11264080100125157,0,-0.0,False,0.5145543092673235,0.4081211070164153,0.9226754162837387
2025-08-21,300750.SZ,0.6332916145181476,0,-0.0,False,0.5078706488574322,0.40808067894324196,0.9159513278006741
2025-08-22,300750.SZ,0.07759699624530664,0,-0.0,False,0.5120188443485547,0.4067917385919906,0.9188105829405453
2025-08-25,300750.SZ,0.13642052565707133,0,-0.0,False,0.5052627256326149,0.4072215408482554,0.9124842664808703
2025-08-26,300750.SZ,0.753441802252816,0,-0.0,False,0.5062531810795898,0.40616856255331574,0.9124217436329056
2025-08-27,300750.SZ,0.9624530663329162,1,-1.0,True,0.5042717205651136,0.404358776003618,0.9086304965687316
2025-08-28,300750.SZ,0.8961201501877347,0,-0.0,False,0.5044600825840534,0.40456859610918006,0.9090286786932334
2025-08-29,300750.SZ,0.011264080100125156,0,-0.0,False,0.5109461297838216,0.4045565389755746,0.9155026687593961
2025-09-01,300750.SZ,0.9123904881101377,1,-1.0,True,0.5033541157478975,0.4053196886890586,0.908673804436956
2025-09-02,300750.SZ,0.6483103879849812,0,-0.0,False,0.5030104191053734,0.40495197850344133,0.9079623976088147
2025-09-03,300750.SZ,0.03379224030037547,0,-0.0,False,0.5011239496986483,0.403731421676725,0.9048553713753733
2025-09-04,300750.SZ,0.8585732165206508,0,-0.0,False,0.5000793194538666,0.4047845010034668,0.9048638204573334
2025-09-05,300750.SZ,0.028785982478097622,0,-0.0,False,0.5064195599173532,0.4043880031668528,0.9108075630842061
2025-09-08,300750.SZ,0.4575,0,-0.0,False,0.5061895182926406,0.4046539236642087,0.9108434419568493
2025-09-09,300750.SZ,0.91125,1,-1.0,True,0.5018566548841193,0.40234259786764875,0.9041992527517682
2025-09-10,300750.SZ,0.9275,1,-1.0,True,0.5083539136560492,0.4026080935992586,0.9109620072553077
2025-09-11,300750.SZ,0.11375,0,-0.0,False,0.5159786525867092,0.40180231536283756,0.9177809679495468
2025-09-12,300750.SZ,0.07375,0,-0.0,False,0.5092720162040859,0.4017430156441183,0.9110150318482042
2025-09-15,300750.SZ,0.0025,0,-0.0,False,0.5020962904313206,0.4017680618900892,0.9038643523214098
2025-09-16,300750.SZ,0.85375,0,-0.0,False,0.5012294880085972,0.40273971667084113,0.9039692046794383
2025-09-17,300750.SZ,0.0125,0,-0.0,False,0.5071327096042529,0.4026713584659534,0.9098040680702064
2025-09-18,300750.SZ,0.95125,1,-1.0,True,0.49926904001360967,0.40304300193960796,0.9023120419532176
2025-09-19,300750.SZ,0.12125,0,-0.0,False,0.5064651291948963,0.4033420807921032,0.9098072099869995
2025-09-22,300750.SZ,0.1625,0,-0.0,False,0.49984187835947436,0.40308547592225047,0.9029273542817249
2025-09-23,300750.SZ,0.83625,0,-0.0,False,0.4935728202976532,0.40242723850206713,0.8960000587997203
2025-09-24,300750.SZ,0.04875,0,-0.0,False,0.49250063462513854,0.40133080096959095,0.8938314355947294
2025-09-25,300750.SZ,0.0225,0,-0.0,False,0.4899724652433507,0.40317382462121604,0.8931462898645668
2025-09-26,300750.SZ,0.96875,1,-1.0,True,0.4821712434388395,0.40308598211746755,0.885257225556307
2025-09-29,300750.SZ,0.035,0,-0.0,False,0.48239119435780353,0.4033463172058976,0.8857375115637012
2025-09-30,300750.SZ,0.08625,0,-0.0,False,0.4814714992867926,0.40424607274773333,0.885717572034526
2025-10-09,300750.SZ,0.07625,0,-0.0,False,0.47390912982146266,0.4030690630446325,0.8769781928660951
2025-10-10,300750.SZ,0.97375,1,-1.0,True,0.4739910794872939,0.40298650893788945,0.8769775884251834
2025-10-13,300750.SZ,0.95125,1,-1.0,True,0.4818863645750132,0.40342277790395026,0.8853091424789634
2025-10-14,300750.SZ,0.96375,1,-1.0,True,0.4858504153268929,0.40569081238416677,0.8915412277110597
2025-10-15,300750.SZ,0.0425,0,-0.0,False,0.49367280985487955,0.4057811127763593,0.8994539226312388
2025-10-16,300750.SZ,0.7175,0,-0.0,False,0.4861740107738436,0.40573443757734917,0.8919084483511928
2025-10-17,300750.SZ,0.92375,1,-1.0,True,0.4913595266468595,0.4046711051801598,0.8960306318270193
2025-10-20,300750.SZ,0.03375,0,-0.0,False,0.49225919769949106,0.4055175684752939,0.897776766174785
2025-10-21,300750.SZ,0.0425,0,-0.0,False,0.49213317952906505,0.40565883784980383,0.8977920173788689
2025-10-22,300750.SZ,0.89125,0,-0.0,False,0.49224716240291627,0.4055294627459791,0.8977766251488954
2025-10-23,300750.SZ,0.055,0,-0.0,False,0.4989954654522062,0.4053738855546106,0.9043693510068168
2025-10-24,300750.SZ,0.0525,0,-0.0,False,0.4915695047170349,0.40527642723235396,0.8968459319493889
2025-10-27,300750.SZ,0.38375,0,-0.0,False,0.48549071399021787,0.4063534607230933,0.8918441747133112
2025-10-28,300750.SZ,0.5925,0,-0.0,False,0.4813264752684134,0.4047983714442178,0.8861248467126313
2025-10-29,300750.SZ,0.985,1,-1.0,True,0.4783483528791068,0.4026310808211002,0.880979433700207
2025-10-30,300750.SZ,0.76125,0,-0.0,False,0.48434281820909847,0.4047870274558234,0.8891298456649219
2025-10-31,300750.SZ,0.95375,1,-1.0,True,0.48535031089915687,0.4053286791813731,0.89067899008053
2025-11-03,300750.SZ,0.88625,0,-0.0,False,0.4930893720938102,0.40533226973536557,0.8984216418291757
2025-11-04,300750.SZ,0.03,0,-0.0,False,0.5002763760620642,0.4045868206518454,0.9048631967139096
2025-11-05,300750.SZ,0.015,0,-0.0,False,0.4927882808239689,0.4049085755033049,0.8976968563272738
2025-11-06,300750.SZ,0.085,0,-0.0,False,0.4847052607738436,0.404682359446625,0.8893876202204687
2025-11-07,300750.SZ,0.185,0,-0.0,False,0.4778425832466924,0.40441743898959504,0.8822600222362874
2025-11-10,300750.SZ,0.975,1,-1.0,True,0.4712284437312371,0.4026437276604663,0.8738721713917035
2025-11-11,300750.SZ,0.065,0,-0.0,False,0.47235678541878934,0.40387254351184027,0.8762293289306295
2025-11-12,300750.SZ,0.17,0,-0.0,False,0.46557806779138744,0.40382590081583086,0.8694039686072184
2025-11-13,300750.SZ,0.015,0,-0.0,False,0.46567894498436996,0.4037498993216477,0.8694288443060176
2025-11-14,300750.SZ,0.95625,1,-1.0,True,0.4653340201723399,0.40412000419804267,0.8694540243703825
2025-11-17,300750.SZ,0.9875,1,-1.0,True,0.4732609990779372,0.4043441265063344,0.8776051255842716
2025-11-18,300750.SZ,0.94625,1,-1.0,True,0.47348055839289127,0.40461833889110554,0.8780988972839968
2025-11-19,300750.SZ,0.03375,0,-0.0,False,0.473648765368664,0.40481221650650645,0.8784609818751705
2025-11-20,300750.SZ,0.98,1,-1.0,True,0.4657324380921394,0.40404163774691165,0.8697740758390511
2025-11-21,300750.SZ,0.93375,1,-1.0,True,0.47334563775797067,0.4050601158971075,0.8784057536550782
2025-11-24,300750.SZ,0.3575,0,-0.0,False,0.47937250179305835,0.4064946422930191,0.8858671440860775
2025-11-25,300750.SZ,0.1775,0,-0.0,False,0.4806703819100174,0.40584892209857226,0.8865193040085897
2025-11-26,300750.SZ,0.2075,0,-0.0,False,0.48181537982146266,0.4047879544297845,0.8866033342512472
2025-11-27,300750.SZ,0.875,0,-0.0,False,0.48226008533524717,0.4044541114562337,0.8867141967914809
2025-11-28,300750.SZ,0.125,0,-0.0,False,0.48296236185989205,0.4050669204750212,0.8880292823349132
2025-12-01,300750.SZ,0.02375,0,-0.0,False,0.4819259165800257,0.40582802952623004,0.8877539461062558
2025-12-02,300750.SZ,0.88125,1,-1.0,True,0.4742290964045871,0.4056849159968236,0.8799140124014107
2025-12-03,300750.SZ,0.91625,1,-1.0,True,0.4735423535056732,0.40491847424916194,0.8784608277548351
2025-12-04,300750.SZ,0.03625,0,-0.0,False,0.4737634009158653,0.4051547510040317,0.878918151919897
2025-12-05,300750.SZ,0.0525,0,-0.0,False,0.47389839987158794,0.40500497301265,0.8789033728842379
2025-12-08,300750.SZ,0.0925,0,-0.0,False,0.4672661421439355,0.4053375278664196,0.8726036700103551
2025-12-09,300750.SZ,0.92625,1,-1.0,True,0.46128050095763645,0.40552563163364613,0.8668061325912826
2025-12-10,300750.SZ,0.96875,1,-1.0,True,0.46139007092198586,0.4056504932321304,0.8670405641541163
2025-12-11,300750.SZ,0.01875,0,-0.0,False,0.4679611102419691,0.40744031298124506,0.8754014232232141
2025-12-12,300750.SZ,0.14875,0,-0.0,False,0.46662591259908215,0.4086560099970208,0.8752819225961029
2025-12-15,300750.SZ,0.9360852197070573,1,-1.0,True,0.4676569018564873,0.40768747440840675,0.875344376264894
2025-12-16,300750.SZ,0.94375,1,-1.0,True,0.4749152674232993,0.4082131187583013,0.8831283861816006
2025-12-17,300750.SZ,0.1175,0,-0.0,False,0.4809129337770749,0.40978024502724725,0.8906931788043222
2025-12-18,300750.SZ,0.975,1,-1.0,True,0.4814853419956815,0.4092191747969315,0.890704516792613
2025-12-19,300750.SZ,0.15875,0,-0.0,False,0.48938088851216044,0.40952713197760043,0.8989080204897608
2025-12-22,300750.SZ,0.94,1,-1.0,True,0.48316312933402106,0.4088292491603643,0.8919923784943853
2025-12-23,300750.SZ,0.035,0,-0.0,False,0.4832263333390273,0.40889986629801134,0.8921261996370387
2025-12-24,300750.SZ,0.9375,1,-1.0,True,0.48214127910456755,0.40992233260999705,0.8920636117145646
2025-12-25,300750.SZ,0.94625,1,-1.0,True,0.4830075963761571,0.41078016593465333,0.8937877623108104
2025-12-26,300750.SZ,0.13125,0,-0.0,False,0.48451003431941947,0.41215118229093,0.8966612166103495
2025-12-29,300750.SZ,0.9375,1,-1.0,True,0.4854369090586769,0.41122185523765714,0.8966587642963341
2025-12-30,300750.SZ,0.64,0,-0.0,False,0.4929156585371917,0.4112144964083575,0.9041301549455492
